student_id,event_timestamp,target,programming,database,problem_solving,communication,cloud_computing,teamwork,aptitude,industry_programming_requirement,industry_database_requirement,industry_problem_solving_requirement,industry_communication_requirement,industry_cloud_computing_requirement,industry_teamwork_requirement,industry_aptitude_requirement,programming_gap,database_gap,problem_solving_gap,communication_gap,cloud_computing_gap,teamwork_gap,aptitude_gap,technical_skill_avg,industry_requirement_avg,calculated_skill_gap,requirement_difference
CSE2610001,2026-08-01 00:00:00+00:00,Medium,2,4,3,3,3,3,2,4,4,5,4,5,3,4,2,0,2,1,2,0,2,2.857142857142857,4.142857142857143,1.2857142857142858,1.285714285714286
CSE2610002,2026-08-01 00:01:00+00:00,Low,5,3,5,2,3,4,3,5,5,5,4,3,4,4,0,2,0,2,0,0,1,3.5714285714285716,4.285714285714286,0.7142857142857143,0.714285714285714
CSE2610003,2026-08-01 00:02:00+00:00,Medium,5,3,4,1,4,4,3,3,4,5,5,5,4,3,0,1,1,4,1,0,0,3.4285714285714284,4.142857142857143,1.0,0.7142857142857149
CSE2610004,2026-08-01 00:03:00+00:00,Medium,2,3,1,4,2,3,3,3,4,5,4,5,3,4,1,1,4,0,3,0,1,2.5714285714285716,4.0,1.4285714285714286,1.4285714285714284
CSE2610005,2026-08-01 00:04:00+00:00,Low,5,4,2,5,4,3,3,4,4,4,3,4,4,4,0,0,2,0,0,1,1,3.7142857142857144,3.857142857142857,0.5714285714285714,0.1428571428571428
CSE2610006,2026-08-01 00:05:00+00:00,Medium,3,2,3,1,4,3,4,4,5,3,4,5,5,3,1,3,0,3,1,2,0,2.857142857142857,4.142857142857143,1.4285714285714286,1.285714285714286
CSE2610007,2026-08-01 00:06:00+00:00,Medium,4,3,3,3,3,3,3,5,4,5,4,4,4,3,1,1,2,1,1,1,0,3.142857142857143,4.142857142857143,1.0,1.0000000000000004
CSE2610008,2026-08-01 00:07:00+00:00,Medium,4,3,4,2,4,3,1,4,4,4,4,4,3,5,0,1,0,2,0,0,4,3.0,4.0,1.0,1.0
CSE2610009,2026-08-01 00:08:00+00:00,Medium,4,4,1,3,3,4,3,4,3,4,4,4,4,4,0,0,3,1,1,0,1,3.142857142857143,3.857142857142857,0.8571428571428571,0.7142857142857144
CSE2610010,2026-08-01 00:09:00+00:00,Medium,4,4,4,4,2,3,1,4,5,4,4,4,5,4,0,1,0,0,2,2,3,3.142857142857143,4.285714285714286,1.1428571428571428,1.1428571428571428
CSE2610011,2026-08-01 00:10:00+00:00,Low,2,3,5,5,4,4,4,4,4,4,5,4,3,4,2,1,0,0,0,0,0,3.857142857142857,4.0,0.42857142857142855,0.1428571428571428
CSE2610012,2026-08-01 00:11:00+00:00,High,2,3,1,4,4,4,2,5,5,5,3,5,4,4,3,2,4,0,1,0,2,2.857142857142857,4.428571428571429,1.7142857142857142,1.5714285714285716
CSE2610013,2026-08-01 00:12:00+00:00,Low,4,4,3,5,2,3,4,4,4,4,4,4,5,4,0,0,1,0,2,2,0,3.5714285714285716,4.142857142857143,0.7142857142857143,0.5714285714285716
CSE2610014,2026-08-01 00:13:00+00:00,Medium,4,4,3,4,2,3,5,5,4,4,5,5,3,4,1,0,1,1,3,0,0,3.5714285714285716,4.285714285714286,0.8571428571428571,0.714285714285714
CSE2610015,2026-08-01 00:14:00+00:00,Medium,5,3,1,3,5,4,3,5,4,4,4,4,5,5,0,1,3,1,0,1,2,3.4285714285714284,4.428571428571429,1.1428571428571428,1.0000000000000004
CSE2610016,2026-08-01 00:15:00+00:00,Low,3,4,5,3,3,4,4,3,5,5,4,5,4,5,0,1,0,1,2,0,1,3.7142857142857144,4.428571428571429,0.7142857142857143,0.7142857142857144
CSE2610017,2026-08-01 00:16:00+00:00,High,4,4,3,3,2,3,3,5,5,5,5,5,5,4,1,1,2,2,3,2,1,3.142857142857143,4.857142857142857,1.7142857142857142,1.714285714285714
CSE2610018,2026-08-01 00:17:00+00:00,High,2,1,3,3,5,3,3,4,5,5,5,3,4,4,2,4,2,2,0,1,1,2.857142857142857,4.285714285714286,1.7142857142857142,1.4285714285714284
CSE2610019,2026-08-01 00:18:00+00:00,Medium,4,2,3,3,3,2,4,4,5,5,4,5,4,4,0,3,2,1,2,2,0,3.0,4.428571428571429,1.4285714285714286,1.4285714285714288
CSE2610020,2026-08-01 00:19:00+00:00,Medium,3,4,2,1,5,3,3,4,4,3,4,4,4,3,1,0,1,3,0,1,0,3.0,3.7142857142857144,0.8571428571428571,0.7142857142857144
CSE2610021,2026-08-01 00:20:00+00:00,Medium,2,4,2,5,3,3,4,4,5,4,4,4,4,3,2,1,2,0,1,1,0,3.2857142857142856,4.0,1.0,0.7142857142857144
CSE2610022,2026-08-01 00:21:00+00:00,Medium,3,2,3,3,3,3,4,4,5,4,3,4,4,4,1,3,1,0,1,1,0,3.0,4.0,1.0,1.0
CSE2610023,2026-08-01 00:22:00+00:00,Medium,3,2,5,3,3,2,4,3,4,5,4,4,4,4,0,2,0,1,1,2,0,3.142857142857143,4.0,0.8571428571428571,0.8571428571428572
CSE2610024,2026-08-01 00:23:00+00:00,Low,3,4,4,4,4,3,4,4,4,4,3,3,4,4,1,0,0,0,0,1,0,3.7142857142857144,3.7142857142857144,0.2857142857142857,0.0
CSE2610025,2026-08-01 00:24:00+00:00,Medium,3,4,4,5,4,2,5,5,3,5,4,4,5,3,2,0,1,0,0,3,0,3.857142857142857,4.142857142857143,0.8571428571428571,0.28571428571428603
CSE2610026,2026-08-01 00:25:00+00:00,Medium,4,3,5,2,1,2,3,4,4,4,4,5,4,4,0,1,0,2,4,2,1,2.857142857142857,4.142857142857143,1.4285714285714286,1.285714285714286
CSE2610027,2026-08-01 00:26:00+00:00,Medium,3,5,3,1,2,2,3,4,4,4,4,4,5,3,1,0,1,3,2,3,0,2.7142857142857144,4.0,1.4285714285714286,1.2857142857142856
CSE2610028,2026-08-01 00:27:00+00:00,Medium,4,2,3,3,4,3,2,3,3,4,5,5,4,4,0,1,1,2,1,1,2,3.0,4.0,1.1428571428571428,1.0
CSE2610029,2026-08-01 00:28:00+00:00,Medium,4,3,3,2,3,4,4,4,5,3,5,3,4,5,0,2,0,3,0,0,1,3.2857142857142856,4.142857142857143,0.8571428571428571,0.8571428571428577
CSE2610030,2026-08-01 00:29:00+00:00,High,2,3,4,2,3,1,3,4,4,4,4,5,5,5,2,1,0,2,2,4,2,2.5714285714285716,4.428571428571429,1.8571428571428572,1.8571428571428572
CSE2610031,2026-08-01 00:30:00+00:00,Medium,2,5,4,4,4,3,2,5,4,4,5,4,5,4,3,0,0,1,0,2,2,3.4285714285714284,4.428571428571429,1.1428571428571428,1.0000000000000004
CSE2610032,2026-08-01 00:31:00+00:00,Medium,2,4,3,5,2,4,3,3,5,4,4,5,5,5,1,1,1,0,3,1,2,3.2857142857142856,4.428571428571429,1.2857142857142858,1.1428571428571432
CSE2610033,2026-08-01 00:32:00+00:00,Medium,3,2,3,3,5,4,4,4,5,4,4,5,3,4,1,3,1,1,0,0,0,3.4285714285714284,4.142857142857143,0.8571428571428571,0.7142857142857149
CSE2610034,2026-08-01 00:33:00+00:00,High,4,1,2,4,2,3,2,4,5,4,4,4,4,4,0,4,2,0,2,1,2,2.5714285714285716,4.142857142857143,1.5714285714285714,1.5714285714285716
CSE2610035,2026-08-01 00:34:00+00:00,Medium,4,5,4,1,3,4,2,4,5,4,4,4,5,4,0,0,0,3,1,1,2,3.2857142857142856,4.285714285714286,1.0,1.0
CSE2610036,2026-08-01 00:35:00+00:00,Medium,5,1,3,3,3,3,3,4,5,3,5,3,4,4,0,4,0,2,0,1,1,3.0,4.0,1.1428571428571428,1.0
CSE2610037,2026-08-01 00:36:00+00:00,Medium,5,4,3,3,2,4,5,3,5,5,4,4,4,5,0,1,2,1,2,0,0,3.7142857142857144,4.285714285714286,0.8571428571428571,0.5714285714285712
CSE2610038,2026-08-01 00:37:00+00:00,Medium,5,3,3,3,1,2,3,5,5,4,4,4,3,4,0,2,1,1,3,1,1,2.857142857142857,4.142857142857143,1.2857142857142858,1.285714285714286
CSE2610039,2026-08-01 00:38:00+00:00,Medium,2,4,3,3,3,2,4,4,4,4,5,4,4,5,2,0,1,2,1,2,1,3.0,4.285714285714286,1.2857142857142858,1.2857142857142856
CSE2610040,2026-08-01 00:39:00+00:00,Medium,3,4,2,2,3,3,2,4,4,5,4,4,4,4,1,0,3,2,1,1,2,2.7142857142857144,4.142857142857143,1.4285714285714286,1.4285714285714288
CSE2610041,2026-08-01 00:40:00+00:00,High,4,3,3,2,2,2,4,5,4,4,4,5,5,5,1,1,1,2,3,3,1,2.857142857142857,4.571428571428571,1.7142857142857142,1.714285714285714
CSE2610042,2026-08-01 00:41:00+00:00,Medium,4,5,4,3,3,4,1,4,5,3,4,4,3,5,0,0,0,1,1,0,4,3.4285714285714284,4.0,0.8571428571428571,0.5714285714285716
CSE2610043,2026-08-01 00:42:00+00:00,Medium,3,5,3,4,2,1,3,3,4,5,5,4,4,4,0,0,2,1,2,3,1,3.0,4.142857142857143,1.2857142857142858,1.1428571428571432
CSE2610044,2026-08-01 00:43:00+00:00,High,2,3,3,3,1,1,4,5,4,3,4,4,4,4,3,1,0,1,3,3,0,2.4285714285714284,4.0,1.5714285714285714,1.5714285714285716
CSE2610045,2026-08-01 00:44:00+00:00,Low,2,4,4,4,3,5,4,4,5,5,4,3,5,4,2,1,1,0,0,0,0,3.7142857142857144,4.285714285714286,0.5714285714285714,0.5714285714285712
CSE2610046,2026-08-01 00:45:00+00:00,Medium,2,3,4,2,4,3,2,3,4,4,4,5,4,4,1,1,0,2,1,1,2,2.857142857142857,4.0,1.1428571428571428,1.1428571428571428
CSE2610047,2026-08-01 00:46:00+00:00,Medium,5,3,2,5,4,3,3,4,5,4,4,4,5,5,0,2,2,0,0,2,2,3.5714285714285716,4.428571428571429,1.1428571428571428,0.8571428571428572
CSE2610048,2026-08-01 00:47:00+00:00,Low,4,3,3,5,5,1,3,4,3,4,4,4,3,4,0,0,1,0,0,2,1,3.4285714285714284,3.7142857142857144,0.5714285714285714,0.28571428571428603
CSE2610049,2026-08-01 00:48:00+00:00,Low,3,5,2,5,3,5,5,4,4,4,4,5,4,4,1,0,2,0,2,0,0,4.0,4.142857142857143,0.7142857142857143,0.14285714285714324
CSE2610050,2026-08-01 00:49:00+00:00,High,3,3,2,4,2,2,1,4,4,3,5,5,4,5,1,1,1,1,3,2,4,2.4285714285714284,4.285714285714286,1.8571428571428572,1.8571428571428572
CSE2610051,2026-08-01 00:50:00+00:00,Medium,3,4,3,2,3,4,4,5,4,3,3,4,5,5,2,0,0,1,1,1,1,3.2857142857142856,4.142857142857143,0.8571428571428571,0.8571428571428577
CSE2610052,2026-08-01 00:51:00+00:00,High,3,4,3,4,3,1,3,4,3,5,5,4,5,5,1,0,2,1,1,4,2,3.0,4.428571428571429,1.5714285714285714,1.4285714285714288
CSE2610053,2026-08-01 00:52:00+00:00,Medium,2,3,3,4,3,3,3,3,4,4,5,4,3,5,1,1,1,1,1,0,2,3.0,4.0,1.0,1.0
CSE2610054,2026-08-01 00:53:00+00:00,Medium,5,3,2,4,2,4,4,4,3,5,3,5,5,4,0,0,3,0,3,1,0,3.4285714285714284,4.142857142857143,1.0,0.7142857142857149
CSE2610055,2026-08-01 00:54:00+00:00,Medium,2,3,2,1,3,4,4,5,4,3,4,4,4,4,3,1,1,3,1,0,0,2.7142857142857144,4.0,1.2857142857142858,1.2857142857142856
CSE2610056,2026-08-01 00:55:00+00:00,Medium,2,2,3,4,2,3,4,4,5,3,5,4,5,4,2,3,0,1,2,2,0,2.857142857142857,4.285714285714286,1.4285714285714286,1.4285714285714284
CSE2610057,2026-08-01 00:56:00+00:00,Medium,4,1,1,3,3,4,4,3,4,4,4,5,5,4,0,3,3,1,2,1,0,2.857142857142857,4.142857142857143,1.4285714285714286,1.285714285714286
CSE2610058,2026-08-01 00:57:00+00:00,Medium,3,4,4,2,3,3,5,4,4,5,5,3,4,3,1,0,1,3,0,1,0,3.4285714285714284,4.0,0.8571428571428571,0.5714285714285716
CSE2610059,2026-08-01 00:58:00+00:00,Medium,2,4,3,3,4,3,2,5,5,3,4,5,3,3,3,1,0,1,1,0,1,3.0,4.0,1.0,1.0
CSE2610060,2026-08-01 00:59:00+00:00,Medium,4,1,3,4,4,4,4,4,4,5,5,4,5,5,0,3,2,1,0,1,1,3.4285714285714284,4.571428571428571,1.1428571428571428,1.1428571428571428
CSE2610061,2026-08-01 01:00:00+00:00,Medium,3,3,4,2,3,3,3,4,4,4,4,3,3,5,1,1,0,2,0,0,2,3.0,3.857142857142857,0.8571428571428571,0.8571428571428572
CSE2610062,2026-08-01 01:01:00+00:00,Medium,1,4,3,4,2,5,4,4,5,4,3,3,4,5,3,1,1,0,1,0,1,3.2857142857142856,4.0,1.0,0.7142857142857144
CSE2610063,2026-08-01 01:02:00+00:00,Medium,4,4,4,2,2,4,3,4,4,4,5,4,3,4,0,0,0,3,2,0,1,3.2857142857142856,4.0,0.8571428571428571,0.7142857142857144
CSE2610064,2026-08-01 01:03:00+00:00,Medium,1,3,4,4,5,5,3,4,4,5,5,5,5,4,3,1,1,1,0,0,1,3.5714285714285716,4.571428571428571,1.0,0.9999999999999996
CSE2610065,2026-08-01 01:04:00+00:00,Medium,5,4,2,3,4,3,1,5,4,3,3,5,5,4,0,0,1,0,1,2,3,3.142857142857143,4.142857142857143,1.0,1.0000000000000004
CSE2610066,2026-08-01 01:05:00+00:00,Medium,4,2,1,3,3,4,3,3,5,5,4,4,5,3,0,3,4,1,1,1,0,2.857142857142857,4.142857142857143,1.4285714285714286,1.285714285714286
CSE2610067,2026-08-01 01:06:00+00:00,Medium,4,5,2,4,4,4,1,4,4,5,4,4,4,4,0,0,3,0,0,0,3,3.4285714285714284,4.142857142857143,0.8571428571428571,0.7142857142857149
CSE2610068,2026-08-01 01:07:00+00:00,Medium,5,3,4,3,1,4,1,4,3,3,4,5,5,5,0,0,0,1,4,1,4,3.0,4.142857142857143,1.4285714285714286,1.1428571428571432
CSE2610069,2026-08-01 01:08:00+00:00,Medium,5,3,4,4,3,5,2,4,5,4,4,5,4,5,0,2,0,0,2,0,3,3.7142857142857144,4.428571428571429,1.0,0.7142857142857144
CSE2610070,2026-08-01 01:09:00+00:00,Medium,3,3,3,3,3,2,4,3,4,4,4,5,3,5,0,1,1,1,2,1,1,3.0,4.0,1.0,1.0
CSE2610071,2026-08-01 01:10:00+00:00,Medium,3,2,3,4,2,2,2,3,4,3,4,4,4,4,0,2,0,0,2,2,2,2.5714285714285716,3.7142857142857144,1.1428571428571428,1.1428571428571428
CSE2610072,2026-08-01 01:11:00+00:00,Medium,3,2,3,4,4,3,2,3,4,5,4,4,4,4,0,2,2,0,0,1,2,3.0,4.0,1.0,1.0
CSE2610073,2026-08-01 01:12:00+00:00,Low,3,2,5,5,5,3,3,4,4,5,5,4,4,4,1,2,0,0,0,1,1,3.7142857142857144,4.285714285714286,0.7142857142857143,0.5714285714285712
CSE2610074,2026-08-01 01:13:00+00:00,Medium,4,2,3,2,2,2,3,3,5,5,3,4,3,4,0,3,2,1,2,1,1,2.5714285714285716,3.857142857142857,1.4285714285714286,1.2857142857142856
CSE2610075,2026-08-01 01:14:00+00:00,Medium,4,2,4,3,4,4,3,5,5,4,5,3,4,4,1,3,0,2,0,0,1,3.4285714285714284,4.285714285714286,1.0,0.8571428571428572
CSE2610076,2026-08-01 01:15:00+00:00,Medium,5,3,4,4,3,2,4,5,4,5,3,5,4,5,0,1,1,0,2,2,1,3.5714285714285716,4.428571428571429,1.0,0.8571428571428572
CSE2610077,2026-08-01 01:16:00+00:00,Low,4,4,5,4,2,4,4,3,4,4,4,3,4,4,0,0,0,0,1,0,0,3.857142857142857,3.7142857142857144,0.14285714285714285,-0.1428571428571428
CSE2610078,2026-08-01 01:17:00+00:00,Medium,3,4,4,4,4,3,2,4,4,5,4,5,5,5,1,0,1,0,1,2,3,3.4285714285714284,4.571428571428571,1.1428571428571428,1.1428571428571428
CSE2610079,2026-08-01 01:18:00+00:00,High,1,4,3,2,2,4,2,4,4,4,4,5,4,4,3,0,1,2,3,0,2,2.5714285714285716,4.142857142857143,1.5714285714285714,1.5714285714285716
CSE2610080,2026-08-01 01:19:00+00:00,Medium,3,1,2,4,3,3,4,4,4,4,4,4,3,4,1,3,2,0,1,0,0,2.857142857142857,3.857142857142857,1.0,1.0
CSE2610081,2026-08-01 01:20:00+00:00,Low,2,4,4,4,4,2,5,3,4,3,3,4,4,3,1,0,0,0,0,2,0,3.5714285714285716,3.4285714285714284,0.42857142857142855,-0.14285714285714324
CSE2610082,2026-08-01 01:21:00+00:00,Medium,5,4,1,3,4,2,2,4,4,4,4,4,5,4,0,0,3,1,0,3,2,3.0,4.142857142857143,1.2857142857142858,1.1428571428571432
CSE2610083,2026-08-01 01:22:00+00:00,Medium,2,2,4,2,3,3,3,3,3,5,3,3,4,4,1,1,1,1,0,1,1,2.7142857142857144,3.5714285714285716,0.8571428571428571,0.8571428571428572
CSE2610084,2026-08-01 01:23:00+00:00,Medium,4,3,4,4,1,3,5,4,4,4,4,5,4,4,0,1,0,0,4,1,0,3.4285714285714284,4.142857142857143,0.8571428571428571,0.7142857142857149
CSE2610085,2026-08-01 01:24:00+00:00,Medium,1,4,4,3,4,2,4,5,3,5,5,3,4,4,4,0,1,2,0,2,0,3.142857142857143,4.142857142857143,1.2857142857142858,1.0000000000000004
CSE2610086,2026-08-01 01:25:00+00:00,High,4,3,1,1,4,4,4,5,5,4,4,5,5,4,1,2,3,3,1,1,0,3.0,4.571428571428571,1.5714285714285714,1.5714285714285712
CSE2610087,2026-08-01 01:26:00+00:00,Medium,3,3,2,4,3,3,4,4,5,4,4,4,3,4,1,2,2,0,1,0,0,3.142857142857143,4.0,0.8571428571428571,0.8571428571428572
CSE2610088,2026-08-01 01:27:00+00:00,High,3,1,4,3,2,4,3,5,4,5,4,5,4,4,2,3,1,1,3,0,1,2.857142857142857,4.428571428571429,1.5714285714285714,1.5714285714285716
CSE2610089,2026-08-01 01:28:00+00:00,High,4,2,3,3,2,2,2,4,5,4,4,4,4,4,0,3,1,1,2,2,2,2.5714285714285716,4.142857142857143,1.5714285714285714,1.5714285714285716
CSE2610090,2026-08-01 01:29:00+00:00,Medium,5,4,4,4,1,3,3,4,4,3,3,4,5,4,0,0,0,0,3,2,1,3.4285714285714284,3.857142857142857,0.8571428571428571,0.4285714285714288
CSE2610091,2026-08-01 01:30:00+00:00,Medium,3,4,2,5,1,2,4,4,4,5,4,4,3,4,1,0,3,0,3,1,0,3.0,4.0,1.1428571428571428,1.0
CSE2610092,2026-08-01 01:31:00+00:00,Low,4,3,4,2,2,3,4,4,4,5,3,3,4,4,0,1,1,1,1,1,0,3.142857142857143,3.857142857142857,0.7142857142857143,0.7142857142857144
CSE2610093,2026-08-01 01:32:00+00:00,Medium,3,1,2,3,5,2,3,4,4,3,3,4,4,3,1,3,1,0,0,2,0,2.7142857142857144,3.5714285714285716,1.0,0.8571428571428572
CSE2610094,2026-08-01 01:33:00+00:00,Medium,3,4,3,3,3,1,1,4,4,4,4,3,4,4,1,0,1,1,0,3,3,2.5714285714285716,3.857142857142857,1.2857142857142858,1.2857142857142856
CSE2610095,2026-08-01 01:34:00+00:00,High,3,3,3,2,4,2,2,4,4,5,4,5,4,4,1,1,2,2,1,2,2,2.7142857142857144,4.285714285714286,1.5714285714285714,1.5714285714285712
CSE2610096,2026-08-01 01:35:00+00:00,High,3,4,1,4,1,4,2,5,4,4,5,4,4,4,2,0,3,1,3,0,2,2.7142857142857144,4.285714285714286,1.5714285714285714,1.5714285714285712
CSE2610097,2026-08-01 01:36:00+00:00,Medium,3,2,3,3,4,3,1,5,4,4,4,4,4,4,2,2,1,1,0,1,3,2.7142857142857144,4.142857142857143,1.4285714285714286,1.4285714285714288
CSE2610098,2026-08-01 01:37:00+00:00,Low,3,4,3,3,3,4,4,4,5,3,4,3,4,4,1,1,0,1,0,0,0,3.4285714285714284,3.857142857142857,0.42857142857142855,0.4285714285714288
CSE2610099,2026-08-01 01:38:00+00:00,Medium,2,4,4,3,3,2,4,4,5,5,3,5,4,4,2,1,1,0,2,2,0,3.142857142857143,4.285714285714286,1.1428571428571428,1.1428571428571428
CSE2610100,2026-08-01 01:39:00+00:00,Low,3,4,3,3,4,3,3,4,4,4,3,4,4,3,1,0,1,0,0,1,0,3.2857142857142856,3.7142857142857144,0.42857142857142855,0.4285714285714288
CSE2610101,2026-08-01 01:40:00+00:00,Medium,3,4,5,3,2,1,3,3,5,4,3,4,4,5,0,1,0,0,2,3,2,3.0,4.0,1.1428571428571428,1.0
CSE2610102,2026-08-01 01:41:00+00:00,Medium,2,5,3,5,3,2,5,4,4,4,5,5,4,4,2,0,1,0,2,2,0,3.5714285714285716,4.285714285714286,1.0,0.714285714285714
CSE2610103,2026-08-01 01:42:00+00:00,Medium,2,2,5,5,4,4,1,4,4,4,3,4,5,5,2,2,0,0,0,1,4,3.2857142857142856,4.142857142857143,1.2857142857142858,0.8571428571428577
CSE2610104,2026-08-01 01:43:00+00:00,Medium,1,3,3,3,4,2,3,3,5,3,5,4,4,4,2,2,0,2,0,2,1,2.7142857142857144,4.0,1.2857142857142858,1.2857142857142856
CSE2610105,2026-08-01 01:44:00+00:00,High,3,3,2,3,3,4,2,3,5,4,4,5,5,5,0,2,2,1,2,1,3,2.857142857142857,4.428571428571429,1.5714285714285714,1.5714285714285716
CSE2610106,2026-08-01 01:45:00+00:00,Medium,2,5,1,4,4,2,3,4,5,3,4,5,4,4,2,0,2,0,1,2,1,3.0,4.142857142857143,1.1428571428571428,1.1428571428571432
CSE2610107,2026-08-01 01:46:00+00:00,Medium,3,3,2,4,5,4,3,4,4,4,4,3,5,4,1,1,2,0,0,1,1,3.4285714285714284,4.0,0.8571428571428571,0.5714285714285716
CSE2610108,2026-08-01 01:47:00+00:00,High,2,2,4,2,2,2,3,3,5,4,5,5,5,4,1,3,0,3,3,3,1,2.4285714285714284,4.428571428571429,2.0,2.0000000000000004
CSE2610109,2026-08-01 01:48:00+00:00,High,3,2,3,1,3,3,3,5,3,4,4,5,4,4,2,1,1,3,2,1,1,2.5714285714285716,4.142857142857143,1.5714285714285714,1.5714285714285716
CSE2610110,2026-08-01 01:49:00+00:00,Medium,2,3,3,3,4,2,5,3,4,5,5,5,4,5,1,1,2,2,1,2,0,3.142857142857143,4.428571428571429,1.2857142857142858,1.285714285714286
CSE2610111,2026-08-01 01:50:00+00:00,Medium,3,3,3,4,3,3,3,4,5,5,4,4,4,4,1,2,2,0,1,1,1,3.142857142857143,4.285714285714286,1.1428571428571428,1.1428571428571428
CSE2610112,2026-08-01 01:51:00+00:00,Low,4,3,3,3,3,3,3,3,3,4,5,4,3,4,0,0,1,2,1,0,1,3.142857142857143,3.7142857142857144,0.7142857142857143,0.5714285714285716
CSE2610113,2026-08-01 01:52:00+00:00,Medium,3,4,4,3,3,3,3,4,4,5,5,4,3,5,1,0,1,2,1,0,2,3.2857142857142856,4.285714285714286,1.0,1.0
CSE2610114,2026-08-01 01:53:00+00:00,Medium,4,3,4,3,2,5,3,5,3,5,4,5,4,4,1,0,1,1,3,0,1,3.4285714285714284,4.285714285714286,1.0,0.8571428571428572
CSE2610115,2026-08-01 01:54:00+00:00,Medium,3,2,4,4,5,1,4,5,4,3,5,4,4,5,2,2,0,1,0,3,1,3.2857142857142856,4.285714285714286,1.2857142857142858,1.0
CSE2610116,2026-08-01 01:55:00+00:00,Medium,5,3,3,4,4,3,2,3,4,4,3,4,5,4,0,1,1,0,0,2,2,3.4285714285714284,3.857142857142857,0.8571428571428571,0.4285714285714288
CSE2610117,2026-08-01 01:56:00+00:00,High,2,1,2,1,3,2,1,4,3,3,4,4,3,5,2,2,1,3,1,1,4,1.7142857142857142,3.7142857142857144,2.0,2.0
CSE2610118,2026-08-01 01:57:00+00:00,Low,4,3,4,2,4,4,4,4,3,4,3,4,4,4,0,0,0,1,0,0,0,3.5714285714285716,3.7142857142857144,0.14285714285714285,0.1428571428571428
CSE2610119,2026-08-01 01:58:00+00:00,Medium,3,3,3,2,4,3,4,4,4,4,5,4,4,5,1,1,1,3,0,1,1,3.142857142857143,4.285714285714286,1.1428571428571428,1.1428571428571428
CSE2610120,2026-08-01 01:59:00+00:00,Medium,3,3,3,3,4,4,4,4,5,4,5,3,4,4,1,2,1,2,0,0,0,3.4285714285714284,4.142857142857143,0.8571428571428571,0.7142857142857149
CSE2610121,2026-08-01 02:00:00+00:00,Low,4,5,4,5,3,3,3,4,3,4,5,4,5,4,0,0,0,0,1,2,1,3.857142857142857,4.142857142857143,0.5714285714285714,0.28571428571428603
CSE2610122,2026-08-01 02:01:00+00:00,High,3,4,3,3,1,2,4,4,4,5,4,5,5,3,1,0,2,1,4,3,0,2.857142857142857,4.285714285714286,1.5714285714285714,1.4285714285714284
CSE2610123,2026-08-01 02:02:00+00:00,Low,3,4,4,3,4,3,3,4,4,3,3,4,3,4,1,0,0,0,0,0,1,3.4285714285714284,3.5714285714285716,0.2857142857142857,0.14285714285714324
CSE2610124,2026-08-01 02:03:00+00:00,Medium,3,3,3,1,4,2,4,3,4,4,4,4,5,3,0,1,1,3,0,3,0,2.857142857142857,3.857142857142857,1.1428571428571428,1.0
CSE2610125,2026-08-01 02:04:00+00:00,Medium,5,2,2,1,3,3,4,5,3,4,4,5,4,4,0,1,2,3,2,1,0,2.857142857142857,4.142857142857143,1.2857142857142858,1.285714285714286
CSE2610126,2026-08-01 02:05:00+00:00,Low,4,4,4,4,3,4,4,4,4,3,3,3,3,3,0,0,0,0,0,0,0,3.857142857142857,3.2857142857142856,0.0,-0.5714285714285716
CSE2610127,2026-08-01 02:06:00+00:00,Medium,3,5,3,4,3,2,2,5,4,4,4,4,5,3,2,0,1,0,1,3,1,3.142857142857143,4.142857142857143,1.1428571428571428,1.0000000000000004
CSE2610128,2026-08-01 02:07:00+00:00,Low,4,2,3,3,4,3,5,5,3,4,3,4,4,4,1,1,1,0,0,1,0,3.4285714285714284,3.857142857142857,0.5714285714285714,0.4285714285714288
CSE2610129,2026-08-01 02:08:00+00:00,Medium,4,2,3,3,3,4,2,4,5,3,4,4,5,5,0,3,0,1,1,1,3,3.0,4.285714285714286,1.2857142857142858,1.2857142857142856
CSE2610130,2026-08-01 02:09:00+00:00,Medium,3,3,3,4,3,3,3,3,5,5,5,3,5,5,0,2,2,1,0,2,2,3.142857142857143,4.428571428571429,1.2857142857142858,1.285714285714286
CSE2610131,2026-08-01 02:10:00+00:00,High,2,2,4,1,2,3,5,5,4,5,4,4,4,4,3,2,1,3,2,1,0,2.7142857142857144,4.285714285714286,1.7142857142857142,1.5714285714285712
CSE2610132,2026-08-01 02:11:00+00:00,Medium,5,3,3,4,3,4,3,5,5,4,4,4,4,5,0,2,1,0,1,0,2,3.5714285714285716,4.428571428571429,0.8571428571428571,0.8571428571428572
CSE2610133,2026-08-01 02:12:00+00:00,Low,3,5,4,3,3,4,4,3,3,3,4,4,4,4,0,0,0,1,1,0,0,3.7142857142857144,3.5714285714285716,0.2857142857142857,-0.1428571428571428
CSE2610134,2026-08-01 02:13:00+00:00,Medium,4,4,4,1,4,3,3,5,5,4,5,4,5,4,1,1,0,4,0,2,1,3.2857142857142856,4.571428571428571,1.2857142857142858,1.2857142857142856
CSE2610135,2026-08-01 02:14:00+00:00,High,1,2,2,2,2,3,1,4,5,4,3,3,3,4,3,3,2,1,1,0,3,1.8571428571428572,3.7142857142857144,1.8571428571428572,1.8571428571428572
CSE2610136,2026-08-01 02:15:00+00:00,Medium,4,3,2,3,1,3,3,4,5,3,5,4,3,4,0,2,1,2,3,0,1,2.7142857142857144,4.0,1.2857142857142858,1.2857142857142856
CSE2610137,2026-08-01 02:16:00+00:00,Low,3,4,4,5,3,3,2,3,5,3,5,4,3,4,0,1,0,0,1,0,2,3.4285714285714284,3.857142857142857,0.5714285714285714,0.4285714285714288
CSE2610138,2026-08-01 02:17:00+00:00,Medium,3,4,4,2,4,3,3,3,4,5,4,5,4,4,0,0,1,2,1,1,1,3.2857142857142856,4.142857142857143,0.8571428571428571,0.8571428571428577
CSE2610139,2026-08-01 02:18:00+00:00,Low,5,3,4,4,3,5,3,4,4,5,3,4,3,4,0,1,1,0,1,0,1,3.857142857142857,3.857142857142857,0.5714285714285714,0.0
CSE2610140,2026-08-01 02:19:00+00:00,High,5,3,3,2,3,1,3,4,5,5,5,4,4,4,0,2,2,3,1,3,1,2.857142857142857,4.428571428571429,1.7142857142857142,1.5714285714285716
CSE2610141,2026-08-01 02:20:00+00:00,Low,5,3,4,4,3,4,4,5,3,5,4,5,3,5,0,0,1,0,2,0,1,3.857142857142857,4.285714285714286,0.5714285714285714,0.4285714285714284
CSE2610142,2026-08-01 02:21:00+00:00,Low,3,3,5,4,5,2,5,4,3,3,5,4,5,4,1,0,0,1,0,3,0,3.857142857142857,4.0,0.7142857142857143,0.1428571428571428
CSE2610143,2026-08-01 02:22:00+00:00,Low,3,5,3,4,4,3,3,5,4,4,4,4,4,4,2,0,1,0,0,1,1,3.5714285714285716,4.142857142857143,0.7142857142857143,0.5714285714285716
CSE2610144,2026-08-01 02:23:00+00:00,Low,4,2,4,2,4,4,4,5,3,3,4,4,3,5,1,1,0,2,0,0,1,3.4285714285714284,3.857142857142857,0.7142857142857143,0.4285714285714288
CSE2610145,2026-08-01 02:24:00+00:00,Medium,3,5,1,3,2,4,3,4,5,5,4,4,3,4,1,0,4,1,2,0,1,3.0,4.142857142857143,1.2857142857142858,1.1428571428571432
CSE2610146,2026-08-01 02:25:00+00:00,Medium,3,3,3,3,3,5,2,4,4,4,3,5,3,5,1,1,1,0,2,0,3,3.142857142857143,4.0,1.1428571428571428,0.8571428571428572
CSE2610147,2026-08-01 02:26:00+00:00,Medium,3,4,1,4,1,3,3,4,4,4,5,4,4,3,1,0,3,1,3,1,0,2.7142857142857144,4.0,1.2857142857142858,1.2857142857142856
CSE2610148,2026-08-01 02:27:00+00:00,Low,4,4,4,4,4,4,4,3,4,5,3,4,5,4,0,0,1,0,0,1,0,4.0,4.0,0.2857142857142857,0.0
CSE2610149,2026-08-01 02:28:00+00:00,Low,5,3,3,4,3,4,3,4,5,5,3,3,3,4,0,2,2,0,0,0,1,3.5714285714285716,3.857142857142857,0.7142857142857143,0.2857142857142856
CSE2610150,2026-08-01 02:29:00+00:00,Medium,2,3,3,3,3,4,3,4,4,4,3,5,3,5,2,1,1,0,2,0,2,3.0,4.0,1.1428571428571428,1.0
CSE2610151,2026-08-01 02:30:00+00:00,Medium,3,4,2,1,4,4,1,5,5,3,3,4,4,5,2,1,1,2,0,0,4,2.7142857142857144,4.142857142857143,1.4285714285714286,1.4285714285714288
CSE2610152,2026-08-01 02:31:00+00:00,High,3,2,2,1,3,5,2,5,4,4,3,5,3,3,2,2,2,2,2,0,1,2.5714285714285716,3.857142857142857,1.5714285714285714,1.2857142857142856
CSE2610153,2026-08-01 02:32:00+00:00,Medium,4,3,3,5,2,1,3,4,4,5,5,4,4,4,0,1,2,0,2,3,1,3.0,4.285714285714286,1.2857142857142858,1.2857142857142856
CSE2610154,2026-08-01 02:33:00+00:00,Medium,3,1,3,3,3,3,3,4,4,4,4,4,5,3,1,3,1,1,1,2,0,2.7142857142857144,4.0,1.2857142857142858,1.2857142857142856
CSE2610155,2026-08-01 02:34:00+00:00,Low,3,4,2,4,3,4,3,4,4,3,4,4,4,5,1,0,1,0,1,0,2,3.2857142857142856,4.0,0.7142857142857143,0.7142857142857144
CSE2610156,2026-08-01 02:35:00+00:00,Medium,1,3,3,4,4,4,3,4,4,4,5,4,4,4,3,1,1,1,0,0,1,3.142857142857143,4.142857142857143,1.0,1.0000000000000004
CSE2610157,2026-08-01 02:36:00+00:00,Low,5,5,5,3,3,4,4,4,4,4,3,5,5,5,0,0,0,0,2,1,1,4.142857142857143,4.285714285714286,0.5714285714285714,0.14285714285714235
CSE2610158,2026-08-01 02:37:00+00:00,Medium,4,4,2,4,3,2,2,4,3,4,4,4,4,4,0,0,2,0,1,2,2,3.0,3.857142857142857,1.0,0.8571428571428572
CSE2610159,2026-08-01 02:38:00+00:00,Medium,1,4,3,3,3,4,3,4,5,5,4,4,4,4,3,1,2,1,1,0,1,3.0,4.285714285714286,1.2857142857142858,1.2857142857142856
CSE2610160,2026-08-01 02:39:00+00:00,Medium,2,4,4,5,3,4,2,4,5,4,4,4,4,4,2,1,0,0,1,0,2,3.4285714285714284,4.142857142857143,0.8571428571428571,0.7142857142857149
CSE2610161,2026-08-01 02:40:00+00:00,Medium,3,3,3,3,2,3,4,3,4,4,4,5,5,4,0,1,1,1,3,2,0,3.0,4.142857142857143,1.1428571428571428,1.1428571428571432
CSE2610162,2026-08-01 02:41:00+00:00,Medium,3,3,3,3,3,1,5,4,4,4,3,5,4,4,1,1,1,0,2,3,0,3.0,4.0,1.1428571428571428,1.0
CSE2610163,2026-08-01 02:42:00+00:00,Medium,4,2,4,5,2,2,3,5,5,3,4,5,3,3,1,3,0,0,3,1,0,3.142857142857143,4.0,1.1428571428571428,0.8571428571428572
CSE2610164,2026-08-01 02:43:00+00:00,Medium,3,2,4,2,2,4,3,4,4,4,5,4,5,4,1,2,0,3,2,1,1,2.857142857142857,4.285714285714286,1.4285714285714286,1.4285714285714284
CSE2610165,2026-08-01 02:44:00+00:00,Low,3,5,3,5,4,3,4,5,5,4,5,4,5,4,2,0,1,0,0,2,0,3.857142857142857,4.571428571428571,0.7142857142857143,0.714285714285714
CSE2610166,2026-08-01 02:45:00+00:00,Medium,2,1,2,3,3,5,4,5,4,5,4,3,4,3,3,3,3,1,0,0,0,2.857142857142857,4.0,1.4285714285714286,1.1428571428571428
CSE2610167,2026-08-01 02:46:00+00:00,Medium,3,2,5,3,3,3,2,3,4,3,5,3,3,5,0,2,0,2,0,0,3,3.0,3.7142857142857144,1.0,0.7142857142857144
CSE2610168,2026-08-01 02:47:00+00:00,Medium,4,4,4,2,4,3,3,3,4,4,4,4,5,5,0,0,0,2,0,2,2,3.4285714285714284,4.142857142857143,0.8571428571428571,0.7142857142857149
CSE2610169,2026-08-01 02:48:00+00:00,Medium,4,3,5,2,5,4,2,4,4,4,5,4,3,5,0,1,0,3,0,0,3,3.5714285714285716,4.142857142857143,1.0,0.5714285714285716
CSE2610170,2026-08-01 02:49:00+00:00,Medium,2,4,1,4,5,4,3,4,5,5,4,4,4,4,2,1,4,0,0,0,1,3.2857142857142856,4.285714285714286,1.1428571428571428,1.0
CSE2610171,2026-08-01 02:50:00+00:00,High,1,1,3,2,2,4,3,4,4,4,3,4,4,5,3,3,1,1,2,0,2,2.2857142857142856,4.0,1.7142857142857142,1.7142857142857144
CSE2610172,2026-08-01 02:51:00+00:00,Medium,3,3,3,3,2,3,3,5,4,5,4,3,5,3,2,1,2,1,1,2,0,2.857142857142857,4.142857142857143,1.2857142857142858,1.285714285714286
CSE2610173,2026-08-01 02:52:00+00:00,Medium,4,4,3,4,2,3,1,5,4,3,5,5,4,3,1,0,0,1,3,1,2,3.0,4.142857142857143,1.1428571428571428,1.1428571428571432
CSE2610174,2026-08-01 02:53:00+00:00,Medium,3,3,4,4,3,3,1,4,5,4,5,4,5,4,1,2,0,1,1,2,3,3.0,4.428571428571429,1.4285714285714286,1.4285714285714288
CSE2610175,2026-08-01 02:54:00+00:00,Medium,5,2,3,4,4,2,4,4,5,4,5,4,5,4,0,3,1,1,0,3,0,3.4285714285714284,4.428571428571429,1.1428571428571428,1.0000000000000004
CSE2610176,2026-08-01 02:55:00+00:00,Medium,2,3,3,4,4,3,2,5,4,3,4,3,5,4,3,1,0,0,0,2,2,3.0,4.0,1.1428571428571428,1.0
CSE2610177,2026-08-01 02:56:00+00:00,High,3,3,3,3,3,1,3,4,5,4,5,3,5,5,1,2,1,2,0,4,2,2.7142857142857144,4.428571428571429,1.7142857142857142,1.7142857142857144
CSE2610178,2026-08-01 02:57:00+00:00,Medium,4,3,4,2,4,4,2,5,5,4,4,4,4,5,1,2,0,2,0,0,3,3.2857142857142856,4.428571428571429,1.1428571428571428,1.1428571428571432
CSE2610179,2026-08-01 02:58:00+00:00,Medium,4,4,2,3,2,2,5,5,3,4,4,4,4,5,1,0,2,1,2,2,0,3.142857142857143,4.142857142857143,1.1428571428571428,1.0000000000000004
CSE2610180,2026-08-01 02:59:00+00:00,High,5,4,4,2,1,3,2,3,4,5,5,4,5,4,0,0,1,3,3,2,2,3.0,4.285714285714286,1.5714285714285714,1.2857142857142856
CSE2610181,2026-08-01 03:00:00+00:00,Medium,3,4,3,3,3,2,3,3,5,5,3,4,5,5,0,1,2,0,1,3,2,3.0,4.285714285714286,1.2857142857142858,1.2857142857142856
CSE2610182,2026-08-01 03:01:00+00:00,Medium,2,5,3,3,5,4,3,3,4,5,4,4,4,5,1,0,2,1,0,0,2,3.5714285714285716,4.142857142857143,0.8571428571428571,0.5714285714285716
CSE2610183,2026-08-01 03:02:00+00:00,Medium,3,4,5,4,4,3,1,4,4,4,4,4,5,4,1,0,0,0,0,2,3,3.4285714285714284,4.142857142857143,0.8571428571428571,0.7142857142857149
CSE2610184,2026-08-01 03:03:00+00:00,Medium,4,3,4,3,1,2,5,4,3,5,3,5,5,4,0,0,1,0,4,3,0,3.142857142857143,4.142857142857143,1.1428571428571428,1.0000000000000004
CSE2610185,2026-08-01 03:04:00+00:00,Medium,2,3,5,2,2,4,2,4,4,3,4,4,4,4,2,1,0,2,2,0,2,2.857142857142857,3.857142857142857,1.2857142857142858,1.0
CSE2610186,2026-08-01 03:05:00+00:00,Medium,5,4,4,2,2,2,2,4,4,3,4,4,5,4,0,0,0,2,2,3,2,3.0,4.0,1.2857142857142858,1.0
CSE2610187,2026-08-01 03:06:00+00:00,Low,3,3,4,3,4,3,3,4,4,5,5,4,3,3,1,1,1,2,0,0,0,3.2857142857142856,4.0,0.7142857142857143,0.7142857142857144
CSE2610188,2026-08-01 03:07:00+00:00,Medium,3,3,3,4,2,4,3,5,5,4,4,3,4,5,2,2,1,0,1,0,2,3.142857142857143,4.285714285714286,1.1428571428571428,1.1428571428571428
CSE2610189,2026-08-01 03:08:00+00:00,Medium,3,4,4,3,1,4,4,4,3,5,4,3,5,4,1,0,1,1,2,1,0,3.2857142857142856,4.0,0.8571428571428571,0.7142857142857144
CSE2610190,2026-08-01 03:09:00+00:00,Medium,4,2,3,5,3,2,4,5,4,4,5,4,5,4,1,2,1,0,1,3,0,3.2857142857142856,4.428571428571429,1.1428571428571428,1.1428571428571432
CSE2610191,2026-08-01 03:10:00+00:00,Medium,3,3,2,3,4,3,5,5,5,4,4,4,4,4,2,2,2,1,0,1,0,3.2857142857142856,4.285714285714286,1.1428571428571428,1.0
CSE2610192,2026-08-01 03:11:00+00:00,Medium,4,4,4,3,1,3,2,4,5,4,4,5,3,5,0,1,0,1,4,0,3,3.0,4.285714285714286,1.2857142857142858,1.2857142857142856
CSE2610193,2026-08-01 03:12:00+00:00,Low,4,4,3,3,4,3,3,5,4,4,4,4,4,4,1,0,1,1,0,1,1,3.4285714285714284,4.142857142857143,0.7142857142857143,0.7142857142857149
CSE2610194,2026-08-01 03:13:00+00:00,Medium,4,1,3,2,4,3,3,4,4,5,3,4,4,3,0,3,2,1,0,1,0,2.857142857142857,3.857142857142857,1.0,1.0
CSE2610195,2026-08-01 03:14:00+00:00,High,2,3,1,3,4,3,3,5,4,4,4,5,4,5,3,1,3,1,1,1,2,2.7142857142857144,4.428571428571429,1.7142857142857142,1.7142857142857144
CSE2610196,2026-08-01 03:15:00+00:00,Low,4,4,5,4,3,2,2,4,4,3,3,4,3,4,0,0,0,0,1,1,2,3.4285714285714284,3.5714285714285716,0.5714285714285714,0.14285714285714324
CSE2610197,2026-08-01 03:16:00+00:00,Low,3,3,4,5,4,2,4,3,3,4,4,5,4,5,0,0,0,0,1,2,1,3.5714285714285716,4.0,0.5714285714285714,0.4285714285714284
CSE2610198,2026-08-01 03:17:00+00:00,Medium,3,1,3,2,3,2,3,4,3,4,4,3,5,4,1,2,1,2,0,3,1,2.4285714285714284,3.857142857142857,1.4285714285714286,1.4285714285714288
CSE2610199,2026-08-01 03:18:00+00:00,Medium,2,3,5,3,4,3,3,4,4,5,5,4,4,5,2,1,0,2,0,1,2,3.2857142857142856,4.428571428571429,1.1428571428571428,1.1428571428571432
CSE2610200,2026-08-01 03:19:00+00:00,Medium,2,3,5,3,3,5,3,4,4,5,4,5,3,4,2,1,0,1,2,0,1,3.4285714285714284,4.142857142857143,1.0,0.7142857142857149
CSE2610201,2026-08-01 03:20:00+00:00,High,3,2,1,2,2,1,3,4,5,4,3,4,4,4,1,3,3,1,2,3,1,2.0,4.0,2.0,2.0
CSE2610202,2026-08-01 03:21:00+00:00,Low,3,3,5,4,4,5,3,4,4,5,5,4,4,4,1,1,0,1,0,0,1,3.857142857142857,4.285714285714286,0.5714285714285714,0.4285714285714284
CSE2610203,2026-08-01 03:22:00+00:00,Medium,5,5,5,2,1,2,3,4,4,4,3,4,4,5,0,0,0,1,3,2,2,3.2857142857142856,4.0,1.1428571428571428,0.7142857142857144
CSE2610204,2026-08-01 03:23:00+00:00,Medium,5,3,4,4,2,3,2,4,4,4,4,4,5,4,0,1,0,0,2,2,2,3.2857142857142856,4.142857142857143,1.0,0.8571428571428577
CSE2610205,2026-08-01 03:24:00+00:00,Low,2,3,3,4,4,4,5,4,4,4,5,4,4,4,2,1,1,1,0,0,0,3.5714285714285716,4.142857142857143,0.7142857142857143,0.5714285714285716
CSE2610206,2026-08-01 03:25:00+00:00,Low,4,4,3,4,4,3,3,4,4,5,4,3,4,4,0,0,2,0,0,1,1,3.5714285714285716,4.0,0.5714285714285714,0.4285714285714284
CSE2610207,2026-08-01 03:26:00+00:00,Low,2,3,4,5,4,3,3,4,4,5,5,4,4,3,2,1,1,0,0,1,0,3.4285714285714284,4.142857142857143,0.7142857142857143,0.7142857142857149
CSE2610208,2026-08-01 03:27:00+00:00,Low,3,4,4,3,2,4,2,3,4,4,3,3,5,4,0,0,0,0,1,1,2,3.142857142857143,3.7142857142857144,0.5714285714285714,0.5714285714285716
CSE2610209,2026-08-01 03:28:00+00:00,Low,5,4,3,3,2,3,5,3,4,4,4,5,3,5,0,0,1,1,3,0,0,3.5714285714285716,4.0,0.7142857142857143,0.4285714285714284
CSE2610210,2026-08-01 03:29:00+00:00,Medium,4,2,2,2,4,4,4,4,4,4,5,5,4,3,0,2,2,3,1,0,0,3.142857142857143,4.142857142857143,1.1428571428571428,1.0000000000000004
CSE2610211,2026-08-01 03:30:00+00:00,Medium,4,3,2,3,4,4,2,5,4,4,5,4,3,3,1,1,2,2,0,0,1,3.142857142857143,4.0,1.0,0.8571428571428572
CSE2610212,2026-08-01 03:31:00+00:00,Low,4,5,4,2,4,4,4,5,4,5,5,4,4,4,1,0,1,3,0,0,0,3.857142857142857,4.428571428571429,0.7142857142857143,0.5714285714285716
CSE2610213,2026-08-01 03:32:00+00:00,Medium,2,4,3,3,4,4,2,3,5,5,4,5,4,4,1,1,2,1,1,0,2,3.142857142857143,4.285714285714286,1.1428571428571428,1.1428571428571428
CSE2610214,2026-08-01 03:33:00+00:00,Medium,1,1,4,4,3,5,3,5,3,4,4,4,4,4,4,2,0,0,1,0,1,3.0,4.0,1.1428571428571428,1.0
CSE2610215,2026-08-01 03:34:00+00:00,Medium,1,3,3,4,1,3,4,5,4,3,4,5,3,4,4,1,0,0,4,0,0,2.7142857142857144,4.0,1.2857142857142858,1.2857142857142856
CSE2610216,2026-08-01 03:35:00+00:00,Medium,4,2,4,3,3,3,3,4,5,4,3,4,4,4,0,3,0,0,1,1,1,3.142857142857143,4.0,0.8571428571428571,0.8571428571428572
CSE2610217,2026-08-01 03:36:00+00:00,Medium,4,3,3,4,1,2,4,5,5,4,4,5,4,3,1,2,1,0,4,2,0,3.0,4.285714285714286,1.4285714285714286,1.2857142857142856
CSE2610218,2026-08-01 03:37:00+00:00,Low,4,4,5,3,4,3,4,5,4,4,4,5,4,4,1,0,0,1,1,1,0,3.857142857142857,4.285714285714286,0.5714285714285714,0.4285714285714284
CSE2610219,2026-08-01 03:38:00+00:00,Low,3,3,4,4,4,3,3,4,4,5,5,4,3,4,1,1,1,1,0,0,1,3.4285714285714284,4.142857142857143,0.7142857142857143,0.7142857142857149
CSE2610220,2026-08-01 03:39:00+00:00,Medium,3,3,4,3,5,2,2,5,4,4,4,5,4,4,2,1,0,1,0,2,2,3.142857142857143,4.285714285714286,1.1428571428571428,1.1428571428571428
CSE2610221,2026-08-01 03:40:00+00:00,Medium,2,4,5,4,3,3,3,5,4,4,5,4,4,3,3,0,0,1,1,1,0,3.4285714285714284,4.142857142857143,0.8571428571428571,0.7142857142857149
CSE2610222,2026-08-01 03:41:00+00:00,Medium,4,4,2,3,3,3,3,5,4,3,4,4,4,5,1,0,1,1,1,1,2,3.142857142857143,4.142857142857143,1.0,1.0000000000000004
CSE2610223,2026-08-01 03:42:00+00:00,Medium,1,4,4,3,1,3,5,3,5,3,5,5,4,4,2,1,0,2,4,1,0,3.0,4.142857142857143,1.4285714285714286,1.1428571428571432
CSE2610224,2026-08-01 03:43:00+00:00,Medium,3,2,3,4,3,3,2,5,4,4,4,4,3,5,2,2,1,0,1,0,3,2.857142857142857,4.142857142857143,1.2857142857142858,1.285714285714286
CSE2610225,2026-08-01 03:44:00+00:00,Medium,4,1,4,4,4,2,4,4,3,5,4,4,4,5,0,2,1,0,0,2,1,3.2857142857142856,4.142857142857143,0.8571428571428571,0.8571428571428577
CSE2610226,2026-08-01 03:45:00+00:00,Medium,4,3,4,2,4,3,4,4,5,5,4,4,5,4,0,2,1,2,0,2,0,3.4285714285714284,4.428571428571429,1.0,1.0000000000000004
CSE2610227,2026-08-01 03:46:00+00:00,Medium,4,3,3,2,5,2,2,4,4,4,5,4,3,5,0,1,1,3,0,1,3,3.0,4.142857142857143,1.2857142857142858,1.1428571428571432
CSE2610228,2026-08-01 03:47:00+00:00,Low,4,5,4,3,5,3,4,5,4,5,4,5,4,5,1,0,1,1,0,1,1,4.0,4.571428571428571,0.7142857142857143,0.5714285714285712
CSE2610229,2026-08-01 03:48:00+00:00,Medium,4,1,3,3,3,3,4,4,5,3,4,4,4,4,0,4,0,1,1,1,0,3.0,4.0,1.0,1.0
CSE2610230,2026-08-01 03:49:00+00:00,Low,3,3,5,5,4,4,3,4,3,3,4,5,4,5,1,0,0,0,1,0,2,3.857142857142857,4.0,0.5714285714285714,0.1428571428571428
CSE2610231,2026-08-01 03:50:00+00:00,High,3,4,3,2,1,3,1,5,5,5,5,4,5,4,2,1,2,3,3,2,3,2.4285714285714284,4.714285714285714,2.2857142857142856,2.285714285714286
CSE2610232,2026-08-01 03:51:00+00:00,Medium,3,2,4,4,4,4,2,3,5,4,4,5,4,4,0,3,0,0,1,0,2,3.2857142857142856,4.142857142857143,0.8571428571428571,0.8571428571428577
CSE2610233,2026-08-01 03:52:00+00:00,Medium,1,1,5,5,4,4,3,4,5,5,4,5,4,4,3,4,0,0,1,0,1,3.2857142857142856,4.428571428571429,1.2857142857142858,1.1428571428571432
CSE2610234,2026-08-01 03:53:00+00:00,Low,4,4,3,4,2,4,4,4,4,5,4,4,4,5,0,0,2,0,2,0,1,3.5714285714285716,4.285714285714286,0.7142857142857143,0.714285714285714
CSE2610235,2026-08-01 03:54:00+00:00,Medium,2,5,3,3,4,2,3,5,4,4,3,5,4,5,3,0,1,0,1,2,2,3.142857142857143,4.285714285714286,1.2857142857142858,1.1428571428571428
CSE2610236,2026-08-01 03:55:00+00:00,High,4,2,4,3,2,3,1,5,5,5,5,4,4,4,1,3,1,2,2,1,3,2.7142857142857144,4.571428571428571,1.8571428571428572,1.8571428571428568
CSE2610237,2026-08-01 03:56:00+00:00,Low,4,4,3,4,4,3,4,4,5,4,3,3,5,5,0,1,1,0,0,2,1,3.7142857142857144,4.142857142857143,0.7142857142857143,0.4285714285714288
CSE2610238,2026-08-01 03:57:00+00:00,Medium,3,3,3,3,3,4,2,4,4,4,4,4,3,4,1,1,1,1,1,0,2,3.0,3.857142857142857,1.0,0.8571428571428572
CSE2610239,2026-08-01 03:58:00+00:00,Medium,3,2,3,1,5,5,5,3,4,5,5,5,4,4,0,2,2,4,0,0,0,3.4285714285714284,4.285714285714286,1.1428571428571428,0.8571428571428572
CSE2610240,2026-08-01 03:59:00+00:00,Medium,3,4,3,4,3,3,4,4,5,4,3,4,5,5,1,1,1,0,1,2,1,3.4285714285714284,4.285714285714286,1.0,0.8571428571428572
CSE2610241,2026-08-01 04:00:00+00:00,Medium,2,3,2,4,4,3,3,5,4,3,3,3,5,5,3,1,1,0,0,2,2,3.0,4.0,1.2857142857142858,1.0
CSE2610242,2026-08-01 04:01:00+00:00,Medium,1,5,4,2,3,1,4,3,4,3,4,5,4,4,2,0,0,2,2,3,0,2.857142857142857,3.857142857142857,1.2857142857142858,1.0
CSE2610243,2026-08-01 04:02:00+00:00,Medium,4,4,4,3,5,2,1,4,3,4,4,3,4,5,0,0,0,1,0,2,4,3.2857142857142856,3.857142857142857,1.0,0.5714285714285716
CSE2610244,2026-08-01 04:03:00+00:00,Medium,4,2,2,1,3,4,3,4,4,3,3,4,4,4,0,2,1,2,1,0,1,2.7142857142857144,3.7142857142857144,1.0,1.0
CSE2610245,2026-08-01 04:04:00+00:00,Low,4,4,4,3,3,4,5,4,5,4,4,4,5,4,0,1,0,1,1,1,0,3.857142857142857,4.285714285714286,0.5714285714285714,0.4285714285714284
CSE2610246,2026-08-01 04:05:00+00:00,Low,3,4,4,4,3,4,4,4,4,4,5,4,4,3,1,0,0,1,1,0,0,3.7142857142857144,4.0,0.42857142857142855,0.2857142857142856
CSE2610247,2026-08-01 04:06:00+00:00,Medium,4,3,3,1,3,4,3,4,5,4,4,4,4,5,0,2,1,3,1,0,2,3.0,4.285714285714286,1.2857142857142858,1.2857142857142856
CSE2610248,2026-08-01 04:07:00+00:00,Low,3,5,3,4,4,3,2,3,4,4,3,4,4,4,0,0,1,0,0,1,2,3.4285714285714284,3.7142857142857144,0.5714285714285714,0.28571428571428603
CSE2610249,2026-08-01 04:08:00+00:00,Medium,4,3,3,2,4,3,3,3,3,4,5,4,4,4,0,0,1,3,0,1,1,3.142857142857143,3.857142857142857,0.8571428571428571,0.7142857142857144
CSE2610250,2026-08-01 04:09:00+00:00,Low,4,3,3,4,4,2,4,4,4,3,4,4,4,3,0,1,0,0,0,2,0,3.4285714285714284,3.7142857142857144,0.42857142857142855,0.28571428571428603
CSE2610251,2026-08-01 04:10:00+00:00,Medium,3,3,1,5,4,5,2,3,4,3,3,5,4,4,0,1,2,0,1,0,2,3.2857142857142856,3.7142857142857144,0.8571428571428571,0.4285714285714288
CSE2610252,2026-08-01 04:11:00+00:00,Medium,4,4,3,3,4,2,4,4,4,5,5,5,4,4,0,0,2,2,1,2,0,3.4285714285714284,4.428571428571429,1.0,1.0000000000000004
CSE2610253,2026-08-01 04:12:00+00:00,Low,4,4,4,3,3,4,3,4,3,5,4,5,4,3,0,0,1,1,2,0,0,3.5714285714285716,4.0,0.5714285714285714,0.4285714285714284
CSE2610254,2026-08-01 04:13:00+00:00,Low,3,5,4,3,2,5,3,4,3,4,4,4,4,3,1,0,0,1,2,0,0,3.5714285714285716,3.7142857142857144,0.5714285714285714,0.1428571428571428
CSE2610255,2026-08-01 04:14:00+00:00,Medium,2,5,3,4,1,3,4,4,4,4,4,4,4,5,2,0,1,0,3,1,1,3.142857142857143,4.142857142857143,1.1428571428571428,1.0000000000000004
CSE2610256,2026-08-01 04:15:00+00:00,Medium,4,1,5,4,4,3,3,4,4,4,5,5,4,4,0,3,0,1,1,1,1,3.4285714285714284,4.285714285714286,1.0,0.8571428571428572
CSE2610257,2026-08-01 04:16:00+00:00,Medium,5,5,4,3,4,1,1,3,5,3,5,5,4,3,0,0,0,2,1,3,2,3.2857142857142856,4.0,1.1428571428571428,0.7142857142857144
CSE2610258,2026-08-01 04:17:00+00:00,Medium,3,4,4,3,4,3,2,4,4,4,5,5,4,4,1,0,0,2,1,1,2,3.2857142857142856,4.285714285714286,1.0,1.0
CSE2610259,2026-08-01 04:18:00+00:00,Medium,2,5,3,3,2,4,2,4,4,4,3,4,4,4,2,0,1,0,2,0,2,3.0,3.857142857142857,1.0,0.8571428571428572
CSE2610260,2026-08-01 04:19:00+00:00,Low,3,3,4,4,4,2,4,4,4,4,5,4,3,4,1,1,0,1,0,1,0,3.4285714285714284,4.0,0.5714285714285714,0.5714285714285716
CSE2610261,2026-08-01 04:20:00+00:00,High,1,3,2,2,3,3,1,5,5,4,4,5,4,3,4,2,2,2,2,1,2,2.142857142857143,4.285714285714286,2.142857142857143,2.142857142857143
CSE2610262,2026-08-01 04:21:00+00:00,Medium,4,4,4,4,2,2,3,4,5,3,4,5,4,4,0,1,0,0,3,2,1,3.2857142857142856,4.142857142857143,1.0,0.8571428571428577
CSE2610263,2026-08-01 04:22:00+00:00,Low,3,3,5,3,3,3,4,4,4,4,3,4,5,4,1,1,0,0,1,2,0,3.4285714285714284,4.0,0.7142857142857143,0.5714285714285716
CSE2610264,2026-08-01 04:23:00+00:00,Medium,2,3,3,4,1,5,4,5,3,4,3,4,3,4,3,0,1,0,3,0,0,3.142857142857143,3.7142857142857144,1.0,0.5714285714285716
CSE2610265,2026-08-01 04:24:00+00:00,High,3,1,3,3,2,1,4,4,4,5,4,3,5,4,1,3,2,1,1,4,0,2.4285714285714284,4.142857142857143,1.7142857142857142,1.7142857142857149
CSE2610266,2026-08-01 04:25:00+00:00,High,4,3,4,3,1,3,3,3,5,4,5,4,5,5,0,2,0,2,3,2,2,3.0,4.428571428571429,1.5714285714285714,1.4285714285714288
CSE2610267,2026-08-01 04:26:00+00:00,Medium,4,4,3,4,3,2,2,3,5,4,5,3,5,4,0,1,1,1,0,3,2,3.142857142857143,4.142857142857143,1.1428571428571428,1.0000000000000004
CSE2610268,2026-08-01 04:27:00+00:00,High,1,2,3,3,3,3,3,4,5,3,5,4,4,4,3,3,0,2,1,1,1,2.5714285714285716,4.142857142857143,1.5714285714285714,1.5714285714285716
CSE2610269,2026-08-01 04:28:00+00:00,Medium,3,4,4,3,4,4,2,3,5,5,5,3,5,5,0,1,1,2,0,1,3,3.4285714285714284,4.428571428571429,1.1428571428571428,1.0000000000000004
CSE2610270,2026-08-01 04:29:00+00:00,Medium,2,5,3,3,3,3,2,4,5,4,4,4,3,4,2,0,1,1,1,0,2,3.0,4.0,1.0,1.0
CSE2610271,2026-08-01 04:30:00+00:00,High,5,4,3,2,1,1,2,5,4,3,5,5,4,5,0,0,0,3,4,3,3,2.5714285714285716,4.428571428571429,1.8571428571428572,1.8571428571428572
CSE2610272,2026-08-01 04:31:00+00:00,Low,3,2,4,3,3,4,4,5,4,4,3,3,4,4,2,2,0,0,0,0,0,3.2857142857142856,3.857142857142857,0.5714285714285714,0.5714285714285716
CSE2610273,2026-08-01 04:32:00+00:00,Medium,4,4,2,5,1,2,5,4,5,4,5,5,4,5,0,1,2,0,4,2,0,3.2857142857142856,4.571428571428571,1.2857142857142858,1.2857142857142856
CSE2610274,2026-08-01 04:33:00+00:00,Medium,4,3,4,2,3,2,4,5,4,4,4,5,3,5,1,1,0,2,2,1,1,3.142857142857143,4.285714285714286,1.1428571428571428,1.1428571428571428
CSE2610275,2026-08-01 04:34:00+00:00,Medium,4,4,3,1,1,3,5,5,5,3,5,3,4,5,1,1,0,4,2,1,0,3.0,4.285714285714286,1.2857142857142858,1.2857142857142856
CSE2610276,2026-08-01 04:35:00+00:00,Medium,3,1,4,5,3,3,3,4,4,5,4,4,3,4,1,3,1,0,1,0,1,3.142857142857143,4.0,1.0,0.8571428571428572
CSE2610277,2026-08-01 04:36:00+00:00,Medium,2,3,4,4,3,3,5,3,4,5,5,5,5,4,1,1,1,1,2,2,0,3.4285714285714284,4.428571428571429,1.1428571428571428,1.0000000000000004
CSE2610278,2026-08-01 04:37:00+00:00,Low,4,3,5,5,1,4,3,5,4,5,4,3,3,4,1,1,0,0,2,0,1,3.5714285714285716,4.0,0.7142857142857143,0.4285714285714284
CSE2610279,2026-08-01 04:38:00+00:00,Medium,2,3,2,4,4,3,4,5,4,5,4,3,4,4,3,1,3,0,0,1,0,3.142857142857143,4.142857142857143,1.1428571428571428,1.0000000000000004
CSE2610280,2026-08-01 04:39:00+00:00,High,2,1,5,1,3,3,2,3,4,3,4,3,4,5,1,3,0,3,0,1,3,2.4285714285714284,3.7142857142857144,1.5714285714285714,1.285714285714286
CSE2610281,2026-08-01 04:40:00+00:00,Low,4,4,4,5,3,4,3,3,4,5,5,5,4,4,0,0,1,0,2,0,1,3.857142857142857,4.285714285714286,0.5714285714285714,0.4285714285714284
CSE2610282,2026-08-01 04:41:00+00:00,Medium,3,2,3,3,5,4,5,4,5,4,4,4,3,4,1,3,1,1,0,0,0,3.5714285714285716,4.0,0.8571428571428571,0.4285714285714284
CSE2610283,2026-08-01 04:42:00+00:00,Low,5,2,5,4,4,4,4,5,4,3,4,4,4,3,0,2,0,0,0,0,0,4.0,3.857142857142857,0.2857142857142857,-0.1428571428571428
CSE2610284,2026-08-01 04:43:00+00:00,Medium,4,3,3,1,2,4,4,4,4,5,4,4,5,5,0,1,2,3,2,1,1,3.0,4.428571428571429,1.4285714285714286,1.4285714285714288
CSE2610285,2026-08-01 04:44:00+00:00,Low,4,4,3,3,2,5,3,4,4,4,4,4,5,3,0,0,1,1,2,0,0,3.4285714285714284,4.0,0.5714285714285714,0.5714285714285716
CSE2610286,2026-08-01 04:45:00+00:00,Medium,1,3,5,3,2,3,4,5,5,4,4,3,3,3,4,2,0,1,1,0,0,3.0,3.857142857142857,1.1428571428571428,0.8571428571428572
CSE2610287,2026-08-01 04:46:00+00:00,Medium,2,3,3,2,3,4,4,4,3,5,5,4,3,3,2,0,2,3,1,0,0,3.0,3.857142857142857,1.1428571428571428,0.8571428571428572
CSE2610288,2026-08-01 04:47:00+00:00,Medium,2,4,2,1,5,4,2,4,5,3,4,4,5,4,2,1,1,3,0,1,2,2.857142857142857,4.142857142857143,1.4285714285714286,1.285714285714286
CSE2610289,2026-08-01 04:48:00+00:00,Medium,3,2,2,5,3,4,4,5,4,4,4,5,3,5,2,2,2,0,2,0,1,3.2857142857142856,4.285714285714286,1.2857142857142858,1.0
CSE2610290,2026-08-01 04:49:00+00:00,Medium,2,3,4,3,2,3,4,5,3,5,4,4,4,4,3,0,1,1,2,1,0,3.0,4.142857142857143,1.1428571428571428,1.1428571428571432
CSE2610291,2026-08-01 04:50:00+00:00,High,4,2,1,3,2,1,5,3,4,4,3,5,4,5,0,2,3,0,3,3,0,2.5714285714285716,4.0,1.5714285714285714,1.4285714285714284
CSE2610292,2026-08-01 04:51:00+00:00,Medium,3,3,3,4,1,3,2,3,4,5,5,4,4,4,0,1,2,1,3,1,2,2.7142857142857144,4.142857142857143,1.4285714285714286,1.4285714285714288
CSE2610293,2026-08-01 04:52:00+00:00,Low,4,3,5,5,4,4,4,3,4,5,4,4,5,3,0,1,0,0,0,1,0,4.142857142857143,4.0,0.2857142857142857,-0.14285714285714324
CSE2610294,2026-08-01 04:53:00+00:00,Medium,3,2,3,4,3,3,4,4,4,3,3,4,4,5,1,2,0,0,1,1,1,3.142857142857143,3.857142857142857,0.8571428571428571,0.7142857142857144
CSE2610295,2026-08-01 04:54:00+00:00,Medium,4,4,3,3,2,4,2,3,4,4,4,4,4,4,0,0,1,1,2,0,2,3.142857142857143,3.857142857142857,0.8571428571428571,0.7142857142857144
CSE2610296,2026-08-01 04:55:00+00:00,Medium,1,3,4,4,3,3,4,3,5,5,4,3,4,4,2,2,1,0,0,1,0,3.142857142857143,4.0,0.8571428571428571,0.8571428571428572
CSE2610297,2026-08-01 04:56:00+00:00,Low,4,3,5,3,5,4,3,4,4,3,5,4,5,3,0,1,0,2,0,1,0,3.857142857142857,4.0,0.5714285714285714,0.1428571428571428
CSE2610298,2026-08-01 04:57:00+00:00,Medium,2,2,2,2,4,4,5,5,3,5,5,4,4,4,3,1,3,3,0,0,0,3.0,4.285714285714286,1.4285714285714286,1.2857142857142856
CSE2610299,2026-08-01 04:58:00+00:00,Low,3,4,4,4,4,3,3,4,4,4,3,5,4,4,1,0,0,0,1,1,1,3.5714285714285716,4.0,0.5714285714285714,0.4285714285714284
CSE2610300,2026-08-01 04:59:00+00:00,Medium,4,4,1,4,2,4,3,5,5,5,4,4,3,4,1,1,4,0,2,0,1,3.142857142857143,4.285714285714286,1.2857142857142858,1.1428571428571428
CSE2610301,2026-08-01 05:00:00+00:00,Medium,3,3,2,5,3,3,3,4,5,3,4,4,5,3,1,2,1,0,1,2,0,3.142857142857143,4.0,1.0,0.8571428571428572
CSE2610302,2026-08-01 05:01:00+00:00,Medium,2,2,4,3,3,3,3,4,4,3,4,4,3,4,2,2,0,1,1,0,1,2.857142857142857,3.7142857142857144,1.0,0.8571428571428572
CSE2610303,2026-08-01 05:02:00+00:00,Medium,4,3,2,2,5,4,1,5,3,5,5,4,4,4,1,0,3,3,0,0,3,3.0,4.285714285714286,1.4285714285714286,1.2857142857142856
CSE2610304,2026-08-01 05:03:00+00:00,Medium,3,3,3,3,4,4,2,5,3,4,4,5,4,5,2,0,1,1,1,0,3,3.142857142857143,4.285714285714286,1.1428571428571428,1.1428571428571428
CSE2610305,2026-08-01 05:04:00+00:00,Medium,4,2,4,1,3,3,3,3,4,5,5,4,4,4,0,2,1,4,1,1,1,2.857142857142857,4.142857142857143,1.4285714285714286,1.285714285714286
CSE2610306,2026-08-01 05:05:00+00:00,Low,5,3,3,5,3,3,5,4,3,5,4,3,5,5,0,0,2,0,0,2,0,3.857142857142857,4.142857142857143,0.5714285714285714,0.28571428571428603
CSE2610307,2026-08-01 05:06:00+00:00,Low,4,2,2,2,3,4,5,4,3,3,4,4,3,4,0,1,1,2,1,0,0,3.142857142857143,3.5714285714285716,0.7142857142857143,0.4285714285714288
CSE2610308,2026-08-01 05:07:00+00:00,Medium,4,2,3,3,4,3,3,5,4,4,4,3,4,4,1,2,1,1,0,1,1,3.142857142857143,4.0,1.0,0.8571428571428572
CSE2610309,2026-08-01 05:08:00+00:00,High,4,1,4,2,2,3,2,3,4,3,5,5,4,4,0,3,0,3,3,1,2,2.5714285714285716,4.0,1.7142857142857142,1.4285714285714284
CSE2610310,2026-08-01 05:09:00+00:00,High,3,3,2,1,2,2,3,4,4,4,4,3,5,5,1,1,2,3,1,3,2,2.2857142857142856,4.142857142857143,1.8571428571428572,1.8571428571428577
CSE2610311,2026-08-01 05:10:00+00:00,Low,4,5,3,2,3,5,3,4,4,4,4,4,5,3,0,0,1,2,1,0,0,3.5714285714285716,4.0,0.5714285714285714,0.4285714285714284
CSE2610312,2026-08-01 05:11:00+00:00,Low,3,2,5,4,3,4,4,4,3,4,5,5,4,3,1,1,0,1,2,0,0,3.5714285714285716,4.0,0.7142857142857143,0.4285714285714284
CSE2610313,2026-08-01 05:12:00+00:00,Medium,3,3,5,3,3,2,2,4,4,4,4,4,4,5,1,1,0,1,1,2,3,3.0,4.142857142857143,1.2857142857142858,1.1428571428571432
CSE2610314,2026-08-01 05:13:00+00:00,Low,2,4,4,4,5,3,4,5,4,4,3,5,4,4,3,0,0,0,0,1,0,3.7142857142857144,4.142857142857143,0.5714285714285714,0.4285714285714288
CSE2610315,2026-08-01 05:14:00+00:00,Medium,2,5,4,4,3,1,4,4,4,4,4,4,4,4,2,0,0,0,1,3,0,3.2857142857142856,4.0,0.8571428571428571,0.7142857142857144
CSE2610316,2026-08-01 05:15:00+00:00,Medium,3,4,3,4,1,5,4,5,4,3,5,4,4,4,2,0,0,1,3,0,0,3.4285714285714284,4.142857142857143,0.8571428571428571,0.7142857142857149
CSE2610317,2026-08-01 05:16:00+00:00,Medium,3,5,3,3,3,3,3,4,4,3,5,5,3,4,1,0,0,2,2,0,1,3.2857142857142856,4.0,0.8571428571428571,0.7142857142857144
CSE2610318,2026-08-01 05:17:00+00:00,Low,4,3,5,5,3,5,3,3,5,4,4,5,5,4,0,2,0,0,2,0,1,4.0,4.285714285714286,0.7142857142857143,0.2857142857142856
CSE2610319,2026-08-01 05:18:00+00:00,Medium,2,4,4,5,3,3,3,5,5,4,3,4,3,5,3,1,0,0,1,0,2,3.4285714285714284,4.142857142857143,1.0,0.7142857142857149
CSE2610320,2026-08-01 05:19:00+00:00,High,3,2,3,2,3,3,3,5,5,5,4,4,4,4,2,3,2,2,1,1,1,2.7142857142857144,4.428571428571429,1.7142857142857142,1.7142857142857144
CSE2610321,2026-08-01 05:20:00+00:00,Medium,3,4,3,3,4,4,3,4,5,4,5,5,4,5,1,1,1,2,1,0,2,3.4285714285714284,4.571428571428571,1.1428571428571428,1.1428571428571428
CSE2610322,2026-08-01 05:21:00+00:00,Medium,2,3,4,4,3,1,3,5,5,4,4,5,4,3,3,2,0,0,2,3,0,2.857142857142857,4.285714285714286,1.4285714285714286,1.4285714285714284
CSE2610323,2026-08-01 05:22:00+00:00,Medium,3,3,3,3,4,5,2,4,4,4,5,4,4,4,1,1,1,2,0,0,2,3.2857142857142856,4.142857142857143,1.0,0.8571428571428577
CSE2610324,2026-08-01 05:23:00+00:00,Medium,4,2,3,5,3,1,3,4,5,4,4,4,5,4,0,3,1,0,1,4,1,3.0,4.285714285714286,1.4285714285714286,1.2857142857142856
CSE2610325,2026-08-01 05:24:00+00:00,Medium,3,1,2,3,2,4,4,3,3,4,3,4,4,4,0,2,2,0,2,0,0,2.7142857142857144,3.5714285714285716,0.8571428571428571,0.8571428571428572
CSE2610326,2026-08-01 05:25:00+00:00,Medium,4,3,3,4,1,3,4,4,4,4,4,4,5,5,0,1,1,0,3,2,1,3.142857142857143,4.285714285714286,1.1428571428571428,1.1428571428571428
CSE2610327,2026-08-01 05:26:00+00:00,Medium,3,2,2,4,3,3,3,4,4,5,4,4,4,5,1,2,3,0,1,1,2,2.857142857142857,4.285714285714286,1.4285714285714286,1.4285714285714284
CSE2610328,2026-08-01 05:27:00+00:00,Medium,2,3,4,2,2,3,5,4,3,4,5,4,4,5,2,0,0,3,2,1,0,3.0,4.142857142857143,1.1428571428571428,1.1428571428571432
CSE2610329,2026-08-01 05:28:00+00:00,Medium,3,2,3,3,3,2,4,3,4,4,3,4,5,5,0,2,1,0,1,3,1,2.857142857142857,4.0,1.1428571428571428,1.1428571428571428
CSE2610330,2026-08-01 05:29:00+00:00,Medium,3,2,4,3,5,5,3,5,4,4,4,5,3,4,2,2,0,1,0,0,1,3.5714285714285716,4.142857142857143,0.8571428571428571,0.5714285714285716
CSE2610331,2026-08-01 05:30:00+00:00,Medium,3,4,4,2,4,2,5,5,3,3,5,3,4,4,2,0,0,3,0,2,0,3.4285714285714284,3.857142857142857,1.0,0.4285714285714288
CSE2610332,2026-08-01 05:31:00+00:00,Low,3,4,3,4,3,5,5,4,4,3,4,4,4,5,1,0,0,0,1,0,0,3.857142857142857,4.0,0.2857142857142857,0.1428571428571428
CSE2610333,2026-08-01 05:32:00+00:00,Medium,4,2,2,4,2,2,4,3,5,3,3,3,4,4,0,3,1,0,1,2,0,2.857142857142857,3.5714285714285716,1.0,0.7142857142857144
CSE2610334,2026-08-01 05:33:00+00:00,Medium,4,5,4,3,3,1,2,5,4,4,4,3,5,3,1,0,0,1,0,4,1,3.142857142857143,4.0,1.0,0.8571428571428572
CSE2610335,2026-08-01 05:34:00+00:00,Medium,3,3,2,4,1,3,4,4,3,4,5,3,4,5,1,0,2,1,2,1,1,2.857142857142857,4.0,1.1428571428571428,1.1428571428571428
CSE2610336,2026-08-01 05:35:00+00:00,Low,5,3,3,3,4,3,4,4,4,4,4,4,4,4,0,1,1,1,0,1,0,3.5714285714285716,4.0,0.5714285714285714,0.4285714285714284
CSE2610337,2026-08-01 05:36:00+00:00,Medium,3,3,3,4,4,3,1,5,4,4,5,3,5,4,2,1,1,1,0,2,3,3.0,4.285714285714286,1.4285714285714286,1.2857142857142856
CSE2610338,2026-08-01 05:37:00+00:00,Medium,3,2,3,4,3,5,3,4,4,4,4,5,4,4,1,2,1,0,2,0,1,3.2857142857142856,4.142857142857143,1.0,0.8571428571428577
CSE2610339,2026-08-01 05:38:00+00:00,High,3,3,5,2,3,2,2,5,4,3,5,4,4,4,2,1,0,3,1,2,2,2.857142857142857,4.142857142857143,1.5714285714285714,1.285714285714286
CSE2610340,2026-08-01 05:39:00+00:00,Low,4,3,3,4,3,5,4,4,5,4,3,3,5,4,0,2,1,0,0,0,0,3.7142857142857144,4.0,0.42857142857142855,0.2857142857142856
CSE2610341,2026-08-01 05:40:00+00:00,Low,5,4,3,3,5,4,3,4,5,4,4,5,4,4,0,1,1,1,0,0,1,3.857142857142857,4.285714285714286,0.5714285714285714,0.4285714285714284
CSE2610342,2026-08-01 05:41:00+00:00,Medium,3,2,3,1,5,4,2,5,3,3,4,4,4,5,2,1,0,3,0,0,3,2.857142857142857,4.0,1.2857142857142858,1.1428571428571428
CSE2610343,2026-08-01 05:42:00+00:00,Medium,4,3,3,2,2,2,3,4,4,3,4,4,5,5,0,1,0,2,2,3,2,2.7142857142857144,4.142857142857143,1.4285714285714286,1.4285714285714288
CSE2610344,2026-08-01 05:43:00+00:00,Medium,3,1,5,5,3,4,4,5,4,4,3,4,4,4,2,3,0,0,1,0,0,3.5714285714285716,4.0,0.8571428571428571,0.4285714285714284
CSE2610345,2026-08-01 05:44:00+00:00,High,4,3,5,5,2,2,1,5,4,4,4,5,5,4,1,1,0,0,3,3,3,3.142857142857143,4.428571428571429,1.5714285714285714,1.285714285714286
CSE2610346,2026-08-01 05:45:00+00:00,Medium,3,5,5,3,5,3,3,4,4,5,5,3,5,4,1,0,0,2,0,2,1,3.857142857142857,4.285714285714286,0.8571428571428571,0.4285714285714284
CSE2610347,2026-08-01 05:46:00+00:00,Medium,5,5,3,4,1,4,2,3,4,5,3,4,4,4,0,0,2,0,3,0,2,3.4285714285714284,3.857142857142857,1.0,0.4285714285714288
CSE2610348,2026-08-01 05:47:00+00:00,Medium,1,3,5,4,3,1,4,5,4,3,4,5,3,4,4,1,0,0,2,2,0,3.0,4.0,1.2857142857142858,1.0
CSE2610349,2026-08-01 05:48:00+00:00,High,3,3,2,4,2,1,3,3,4,4,3,5,4,5,0,1,2,0,3,3,2,2.5714285714285716,4.0,1.5714285714285714,1.4285714285714284
CSE2610350,2026-08-01 05:49:00+00:00,Medium,3,4,2,2,4,4,1,4,4,4,4,4,4,5,1,0,2,2,0,0,4,2.857142857142857,4.142857142857143,1.2857142857142858,1.285714285714286
CSE2610351,2026-08-01 05:50:00+00:00,Low,4,3,3,4,3,4,4,3,4,4,4,4,4,5,0,1,1,0,1,0,1,3.5714285714285716,4.0,0.5714285714285714,0.4285714285714284
CSE2610352,2026-08-01 05:51:00+00:00,Medium,5,3,3,1,1,4,4,4,4,4,4,5,4,5,0,1,1,3,4,0,1,3.0,4.285714285714286,1.4285714285714286,1.2857142857142856
CSE2610353,2026-08-01 05:52:00+00:00,Medium,3,3,3,2,3,3,2,5,3,5,4,4,4,3,2,0,2,2,1,1,1,2.7142857142857144,4.0,1.2857142857142858,1.2857142857142856
CSE2610354,2026-08-01 05:53:00+00:00,Low,3,4,4,3,3,4,4,4,5,3,5,4,4,4,1,1,0,2,1,0,0,3.5714285714285716,4.142857142857143,0.7142857142857143,0.5714285714285716
CSE2610355,2026-08-01 05:54:00+00:00,Medium,3,5,3,3,3,3,3,3,5,4,4,4,4,5,0,0,1,1,1,1,2,3.2857142857142856,4.142857142857143,0.8571428571428571,0.8571428571428577
CSE2610356,2026-08-01 05:55:00+00:00,Medium,2,3,4,3,1,3,3,4,4,3,3,4,4,3,2,1,0,0,3,1,0,2.7142857142857144,3.5714285714285716,1.0,0.8571428571428572
CSE2610357,2026-08-01 05:56:00+00:00,Medium,3,4,3,2,3,3,5,4,5,3,4,3,5,3,1,1,0,2,0,2,0,3.2857142857142856,3.857142857142857,0.8571428571428571,0.5714285714285716
CSE2610358,2026-08-01 05:57:00+00:00,Low,5,2,5,4,3,3,5,4,4,4,4,5,4,5,0,2,0,0,2,1,0,3.857142857142857,4.285714285714286,0.7142857142857143,0.4285714285714284
CSE2610359,2026-08-01 05:58:00+00:00,High,2,3,3,3,3,1,3,5,4,4,3,5,4,5,3,1,1,0,2,3,2,2.5714285714285716,4.285714285714286,1.7142857142857142,1.714285714285714
CSE2610360,2026-08-01 05:59:00+00:00,Low,3,5,3,4,4,1,4,5,4,3,4,3,4,4,2,0,0,0,0,3,0,3.4285714285714284,3.857142857142857,0.7142857142857143,0.4285714285714288
CSE2610361,2026-08-01 06:00:00+00:00,Low,4,3,2,4,2,4,4,4,4,4,4,4,4,3,0,1,2,0,2,0,0,3.2857142857142856,3.857142857142857,0.7142857142857143,0.5714285714285716
CSE2610362,2026-08-01 06:01:00+00:00,Medium,2,4,4,5,3,3,2,4,4,5,4,5,3,4,2,0,1,0,2,0,2,3.2857142857142856,4.142857142857143,1.0,0.8571428571428577
CSE2610363,2026-08-01 06:02:00+00:00,Medium,2,2,3,5,2,5,4,4,4,4,5,4,5,4,2,2,1,0,2,0,0,3.2857142857142856,4.285714285714286,1.0,1.0
CSE2610364,2026-08-01 06:03:00+00:00,Medium,3,3,5,2,1,5,5,4,4,4,4,4,4,4,1,1,0,2,3,0,0,3.4285714285714284,4.0,1.0,0.5714285714285716
CSE2610365,2026-08-01 06:04:00+00:00,High,3,3,3,2,1,3,4,5,5,4,5,3,5,4,2,2,1,3,2,2,0,2.7142857142857144,4.428571428571429,1.7142857142857142,1.7142857142857144
CSE2610366,2026-08-01 06:05:00+00:00,Medium,2,5,3,2,3,3,3,3,3,4,4,4,5,4,1,0,1,2,1,2,1,3.0,3.857142857142857,1.1428571428571428,0.8571428571428572
CSE2610367,2026-08-01 06:06:00+00:00,Medium,3,4,3,3,4,3,2,3,5,4,4,4,5,3,0,1,1,1,0,2,1,3.142857142857143,4.0,0.8571428571428571,0.8571428571428572
CSE2610368,2026-08-01 06:07:00+00:00,Medium,4,2,4,1,4,4,4,5,3,5,5,3,3,4,1,1,1,4,0,0,0,3.2857142857142856,4.0,1.0,0.7142857142857144
CSE2610369,2026-08-01 06:08:00+00:00,Low,4,4,3,3,3,3,4,4,4,5,4,4,4,4,0,0,2,1,1,1,0,3.4285714285714284,4.142857142857143,0.7142857142857143,0.7142857142857149
CSE2610370,2026-08-01 06:09:00+00:00,Medium,3,4,3,3,5,3,3,5,3,5,5,3,3,4,2,0,2,2,0,0,1,3.4285714285714284,4.0,1.0,0.5714285714285716
CSE2610371,2026-08-01 06:10:00+00:00,High,3,2,3,4,2,1,3,4,5,5,4,5,5,5,1,3,2,0,3,4,2,2.5714285714285716,4.714285714285714,2.142857142857143,2.142857142857143
CSE2610372,2026-08-01 06:11:00+00:00,Medium,2,3,3,4,1,4,3,4,5,4,5,3,4,3,2,2,1,1,2,0,0,2.857142857142857,4.0,1.1428571428571428,1.1428571428571428
CSE2610373,2026-08-01 06:12:00+00:00,Low,4,4,5,4,2,4,5,3,4,4,4,4,3,5,0,0,0,0,2,0,0,4.0,3.857142857142857,0.2857142857142857,-0.1428571428571428
CSE2610374,2026-08-01 06:13:00+00:00,Medium,3,2,4,4,3,3,2,5,4,5,3,4,4,4,2,2,1,0,1,1,2,3.0,4.142857142857143,1.2857142857142858,1.1428571428571432
CSE2610375,2026-08-01 06:14:00+00:00,Medium,5,2,2,3,4,3,2,4,4,5,5,4,4,4,0,2,3,2,0,1,2,3.0,4.285714285714286,1.4285714285714286,1.2857142857142856
CSE2610376,2026-08-01 06:15:00+00:00,Low,4,4,5,3,3,3,1,4,4,3,4,3,3,4,0,0,0,1,0,0,3,3.2857142857142856,3.5714285714285716,0.5714285714285714,0.28571428571428603
CSE2610377,2026-08-01 06:16:00+00:00,Medium,5,3,2,5,5,4,1,3,4,4,3,4,4,4,0,1,2,0,0,0,3,3.5714285714285716,3.7142857142857144,0.8571428571428571,0.1428571428571428
CSE2610378,2026-08-01 06:17:00+00:00,Medium,3,2,2,4,2,2,2,3,5,4,4,4,3,4,0,3,2,0,2,1,2,2.4285714285714284,3.857142857142857,1.4285714285714286,1.4285714285714288
CSE2610379,2026-08-01 06:18:00+00:00,Medium,2,4,2,4,3,3,3,5,4,4,4,4,4,4,3,0,2,0,1,1,1,3.0,4.142857142857143,1.1428571428571428,1.1428571428571432
CSE2610380,2026-08-01 06:19:00+00:00,Low,1,4,2,4,3,4,4,4,4,4,4,3,4,4,3,0,2,0,0,0,0,3.142857142857143,3.857142857142857,0.7142857142857143,0.7142857142857144
CSE2610381,2026-08-01 06:20:00+00:00,Low,1,3,3,3,4,4,3,4,3,4,4,3,4,3,3,0,1,1,0,0,0,3.0,3.5714285714285716,0.7142857142857143,0.5714285714285716
CSE2610382,2026-08-01 06:21:00+00:00,Medium,3,3,3,3,3,5,4,5,5,4,5,5,4,3,2,2,1,2,2,0,0,3.4285714285714284,4.428571428571429,1.2857142857142858,1.0000000000000004
CSE2610383,2026-08-01 06:22:00+00:00,Low,3,2,4,4,3,3,4,3,4,4,3,4,5,3,0,2,0,0,1,2,0,3.2857142857142856,3.7142857142857144,0.7142857142857143,0.4285714285714288
CSE2610384,2026-08-01 06:23:00+00:00,Medium,3,3,4,4,4,3,3,5,5,4,5,4,4,5,2,2,0,1,0,1,2,3.4285714285714284,4.571428571428571,1.1428571428571428,1.1428571428571428
CSE2610385,2026-08-01 06:24:00+00:00,High,4,1,3,2,3,3,2,5,5,4,5,4,4,5,1,4,1,3,1,1,3,2.5714285714285716,4.571428571428571,2.0,1.9999999999999996
CSE2610386,2026-08-01 06:25:00+00:00,Low,4,4,3,2,4,3,3,5,4,4,4,4,4,3,1,0,1,2,0,1,0,3.2857142857142856,4.0,0.7142857142857143,0.7142857142857144
CSE2610387,2026-08-01 06:26:00+00:00,Low,3,5,4,4,3,4,3,3,4,3,3,5,3,4,0,0,0,0,2,0,1,3.7142857142857144,3.5714285714285716,0.42857142857142855,-0.1428571428571428
CSE2610388,2026-08-01 06:27:00+00:00,Medium,3,3,4,5,4,3,4,5,5,3,4,4,5,3,2,2,0,0,0,2,0,3.7142857142857144,4.142857142857143,0.8571428571428571,0.4285714285714288
CSE2610389,2026-08-01 06:28:00+00:00,Medium,1,5,4,2,2,3,4,4,5,3,4,5,5,4,3,0,0,2,3,2,0,3.0,4.285714285714286,1.4285714285714286,1.2857142857142856
CSE2610390,2026-08-01 06:29:00+00:00,Medium,2,5,4,3,2,2,3,3,4,4,4,3,4,5,1,0,0,1,1,2,2,3.0,3.857142857142857,1.0,0.8571428571428572
CSE2610391,2026-08-01 06:30:00+00:00,Low,4,2,4,4,3,5,3,4,5,4,4,4,5,3,0,3,0,0,1,0,0,3.5714285714285716,4.142857142857143,0.5714285714285714,0.5714285714285716
CSE2610392,2026-08-01 06:31:00+00:00,Medium,2,4,3,2,4,4,3,3,4,4,4,5,5,4,1,0,1,2,1,1,1,3.142857142857143,4.142857142857143,1.0,1.0000000000000004
CSE2610393,2026-08-01 06:32:00+00:00,Medium,3,2,3,4,3,4,5,5,4,4,4,5,3,3,2,2,1,0,2,0,0,3.4285714285714284,4.0,1.0,0.5714285714285716
CSE2610394,2026-08-01 06:33:00+00:00,Low,3,5,3,5,4,5,4,4,5,5,5,4,5,3,1,0,2,0,0,0,0,4.142857142857143,4.428571428571429,0.42857142857142855,0.2857142857142856
CSE2610395,2026-08-01 06:34:00+00:00,High,3,3,3,3,2,1,1,4,5,5,4,4,4,5,1,2,2,1,2,3,4,2.2857142857142856,4.428571428571429,2.142857142857143,2.1428571428571432
CSE2610396,2026-08-01 06:35:00+00:00,Medium,5,4,3,2,3,4,2,5,3,4,4,4,4,4,0,0,1,2,1,0,2,3.2857142857142856,4.0,0.8571428571428571,0.7142857142857144
CSE2610397,2026-08-01 06:36:00+00:00,Medium,3,3,3,4,2,4,4,5,4,4,4,3,5,4,2,1,1,0,1,1,0,3.2857142857142856,4.142857142857143,0.8571428571428571,0.8571428571428577
CSE2610398,2026-08-01 06:37:00+00:00,High,3,3,4,4,4,1,2,5,5,3,5,4,5,4,2,2,0,1,0,4,2,3.0,4.428571428571429,1.5714285714285714,1.4285714285714288
CSE2610399,2026-08-01 06:38:00+00:00,Medium,2,3,3,4,3,3,4,3,5,5,4,4,5,4,1,2,2,0,1,2,0,3.142857142857143,4.285714285714286,1.1428571428571428,1.1428571428571428
CSE2610400,2026-08-01 06:39:00+00:00,Medium,3,2,2,2,5,5,4,4,4,4,5,4,4,5,1,2,2,3,0,0,1,3.2857142857142856,4.285714285714286,1.2857142857142858,1.0
CSE2610401,2026-08-01 06:40:00+00:00,Medium,5,1,1,3,3,3,3,4,3,5,5,3,4,4,0,2,4,2,0,1,1,2.7142857142857144,4.0,1.4285714285714286,1.2857142857142856
CSE2610402,2026-08-01 06:41:00+00:00,Medium,4,3,2,4,3,1,4,4,5,3,4,4,4,4,0,2,1,0,1,3,0,3.0,4.0,1.0,1.0
CSE2610403,2026-08-01 06:42:00+00:00,Low,3,4,5,5,3,3,4,4,4,4,4,4,3,4,1,0,0,0,1,0,0,3.857142857142857,3.857142857142857,0.2857142857142857,0.0
CSE2610404,2026-08-01 06:43:00+00:00,Medium,3,3,4,3,3,4,2,4,5,4,4,4,4,4,1,2,0,1,1,0,2,3.142857142857143,4.142857142857143,1.0,1.0000000000000004
CSE2610405,2026-08-01 06:44:00+00:00,Medium,1,5,2,4,3,5,4,5,4,4,5,4,4,5,4,0,2,1,1,0,1,3.4285714285714284,4.428571428571429,1.2857142857142858,1.0000000000000004
CSE2610406,2026-08-01 06:45:00+00:00,High,3,3,2,2,1,3,3,4,4,5,4,4,5,5,1,1,3,2,3,2,2,2.4285714285714284,4.428571428571429,2.0,2.0000000000000004
CSE2610407,2026-08-01 06:46:00+00:00,Medium,1,4,4,3,2,4,3,4,4,4,5,5,5,4,3,0,0,2,3,1,1,3.0,4.428571428571429,1.4285714285714286,1.4285714285714288
CSE2610408,2026-08-01 06:47:00+00:00,High,1,3,3,3,4,3,3,4,4,5,4,5,5,4,3,1,2,1,1,2,1,2.857142857142857,4.428571428571429,1.5714285714285714,1.5714285714285716
CSE2610409,2026-08-01 06:48:00+00:00,High,5,1,3,2,1,3,3,3,4,5,4,4,4,4,0,3,2,2,3,1,1,2.5714285714285716,4.0,1.7142857142857142,1.4285714285714284
CSE2610410,2026-08-01 06:49:00+00:00,Low,5,4,4,5,3,5,2,3,4,4,4,5,4,5,0,0,0,0,2,0,3,4.0,4.142857142857143,0.7142857142857143,0.14285714285714324
CSE2610411,2026-08-01 06:50:00+00:00,Medium,2,2,4,4,3,4,2,4,4,3,4,4,4,5,2,2,0,0,1,0,3,3.0,4.0,1.1428571428571428,1.0
CSE2610412,2026-08-01 06:51:00+00:00,Medium,2,4,3,2,4,3,1,4,4,4,4,5,5,3,2,0,1,2,1,2,2,2.7142857142857144,4.142857142857143,1.4285714285714286,1.4285714285714288
CSE2610413,2026-08-01 06:52:00+00:00,High,3,3,3,1,2,2,1,4,3,4,4,5,5,4,1,0,1,3,3,3,3,2.142857142857143,4.142857142857143,2.0,2.0000000000000004
CSE2610414,2026-08-01 06:53:00+00:00,Low,4,2,2,4,3,3,4,3,3,4,4,3,4,4,0,1,2,0,0,1,0,3.142857142857143,3.5714285714285716,0.5714285714285714,0.4285714285714288
CSE2610415,2026-08-01 06:54:00+00:00,Medium,5,3,2,4,2,1,3,4,4,5,5,3,4,4,0,1,3,1,1,3,1,2.857142857142857,4.142857142857143,1.4285714285714286,1.285714285714286
CSE2610416,2026-08-01 06:55:00+00:00,Medium,3,4,3,3,4,3,3,4,5,4,5,4,4,4,1,1,1,2,0,1,1,3.2857142857142856,4.285714285714286,1.0,1.0
CSE2610417,2026-08-01 06:56:00+00:00,Low,5,4,5,4,3,3,4,5,5,4,4,4,3,4,0,1,0,0,1,0,0,4.0,4.142857142857143,0.2857142857142857,0.14285714285714324
CSE2610418,2026-08-01 06:57:00+00:00,Low,4,4,5,3,3,3,4,4,5,4,5,4,3,4,0,1,0,2,1,0,0,3.7142857142857144,4.142857142857143,0.5714285714285714,0.4285714285714288
CSE2610419,2026-08-01 06:58:00+00:00,Medium,3,2,4,1,4,3,4,4,5,4,3,4,4,4,1,3,0,2,0,1,0,3.0,4.0,1.0,1.0
CSE2610420,2026-08-01 06:59:00+00:00,Medium,3,4,2,4,3,3,2,4,4,4,4,4,4,4,1,0,2,0,1,1,2,3.0,4.0,1.0,1.0
CSE2610421,2026-08-01 07:00:00+00:00,Medium,2,3,3,5,3,3,4,5,5,4,4,5,4,5,3,2,1,0,2,1,1,3.2857142857142856,4.571428571428571,1.4285714285714286,1.2857142857142856
CSE2610422,2026-08-01 07:01:00+00:00,High,3,3,2,3,5,3,1,4,5,4,5,4,5,3,1,2,2,2,0,2,2,2.857142857142857,4.285714285714286,1.5714285714285714,1.4285714285714284
CSE2610423,2026-08-01 07:02:00+00:00,Medium,5,5,5,2,3,3,2,5,4,3,4,4,5,4,0,0,0,2,1,2,2,3.5714285714285716,4.142857142857143,1.0,0.5714285714285716
CSE2610424,2026-08-01 07:03:00+00:00,Medium,3,2,3,3,4,3,1,4,4,4,5,4,4,4,1,2,1,2,0,1,3,2.7142857142857144,4.142857142857143,1.4285714285714286,1.4285714285714288
CSE2610425,2026-08-01 07:04:00+00:00,Medium,3,3,4,3,4,2,4,4,4,4,5,4,5,4,1,1,0,2,0,3,0,3.2857142857142856,4.285714285714286,1.0,1.0
CSE2610426,2026-08-01 07:05:00+00:00,High,3,3,3,4,1,3,3,5,5,5,4,4,4,4,2,2,2,0,3,1,1,2.857142857142857,4.428571428571429,1.5714285714285714,1.5714285714285716
CSE2610427,2026-08-01 07:06:00+00:00,High,1,3,2,3,2,3,3,4,4,5,5,4,4,5,3,1,3,2,2,1,2,2.4285714285714284,4.428571428571429,2.0,2.0000000000000004
CSE2610428,2026-08-01 07:07:00+00:00,Medium,4,2,4,4,4,5,3,5,4,4,5,5,5,4,1,2,0,1,1,0,1,3.7142857142857144,4.571428571428571,0.8571428571428571,0.8571428571428568
CSE2610429,2026-08-01 07:08:00+00:00,Medium,3,4,3,3,1,4,5,4,4,4,4,3,5,4,1,0,1,1,2,1,0,3.2857142857142856,4.0,0.8571428571428571,0.7142857142857144
CSE2610430,2026-08-01 07:09:00+00:00,Medium,2,2,3,5,3,2,4,4,4,5,4,4,4,4,2,2,2,0,1,2,0,3.0,4.142857142857143,1.2857142857142858,1.1428571428571432
CSE2610431,2026-08-01 07:10:00+00:00,Medium,3,2,4,4,1,3,3,4,5,3,4,4,3,3,1,3,0,0,3,0,0,2.857142857142857,3.7142857142857144,1.0,0.8571428571428572
CSE2610432,2026-08-01 07:11:00+00:00,High,2,5,3,3,3,1,3,4,5,5,5,5,3,4,2,0,2,2,2,2,1,2.857142857142857,4.428571428571429,1.5714285714285714,1.5714285714285716
CSE2610433,2026-08-01 07:12:00+00:00,High,3,3,2,1,5,1,4,4,5,5,3,3,4,3,1,2,3,2,0,3,0,2.7142857142857144,3.857142857142857,1.5714285714285714,1.1428571428571428
CSE2610434,2026-08-01 07:13:00+00:00,Medium,2,3,2,5,4,3,4,4,5,3,5,3,4,5,2,2,1,0,0,1,1,3.2857142857142856,4.142857142857143,1.0,0.8571428571428577
CSE2610435,2026-08-01 07:14:00+00:00,Medium,2,5,2,2,2,4,3,4,4,4,4,4,4,5,2,0,2,2,2,0,2,2.857142857142857,4.142857142857143,1.4285714285714286,1.285714285714286
CSE2610436,2026-08-01 07:15:00+00:00,Low,3,4,4,2,3,4,4,5,4,4,4,4,4,3,2,0,0,2,1,0,0,3.4285714285714284,4.0,0.7142857142857143,0.5714285714285716
CSE2610437,2026-08-01 07:16:00+00:00,Medium,3,3,3,4,2,4,1,4,4,5,4,4,4,4,1,1,2,0,2,0,3,2.857142857142857,4.142857142857143,1.2857142857142858,1.285714285714286
CSE2610438,2026-08-01 07:17:00+00:00,Low,4,4,2,3,3,4,2,5,4,3,4,3,3,4,1,0,1,1,0,0,2,3.142857142857143,3.7142857142857144,0.7142857142857143,0.5714285714285716
CSE2610439,2026-08-01 07:18:00+00:00,Medium,1,4,2,4,3,4,2,4,4,4,4,5,3,4,3,0,2,0,2,0,2,2.857142857142857,4.0,1.2857142857142858,1.1428571428571428
CSE2610440,2026-08-01 07:19:00+00:00,Medium,4,1,4,1,3,4,4,5,5,3,3,5,5,3,1,4,0,2,2,1,0,3.0,4.142857142857143,1.4285714285714286,1.1428571428571432
CSE2610441,2026-08-01 07:20:00+00:00,Low,4,5,3,3,4,3,5,3,4,3,4,5,4,4,0,0,0,1,1,1,0,3.857142857142857,3.857142857142857,0.42857142857142855,0.0
CSE2610442,2026-08-01 07:21:00+00:00,Medium,5,4,5,1,3,2,3,4,3,4,3,4,4,4,0,0,0,2,1,2,1,3.2857142857142856,3.7142857142857144,0.8571428571428571,0.4285714285714288
CSE2610443,2026-08-01 07:22:00+00:00,Medium,3,4,3,4,3,4,3,4,5,4,4,5,4,4,1,1,1,0,2,0,1,3.4285714285714284,4.285714285714286,0.8571428571428571,0.8571428571428572
CSE2610444,2026-08-01 07:23:00+00:00,Medium,3,4,5,3,4,1,1,4,5,3,4,3,4,4,1,1,0,1,0,3,3,3.0,3.857142857142857,1.2857142857142858,0.8571428571428572
CSE2610445,2026-08-01 07:24:00+00:00,High,3,3,4,1,4,3,3,4,5,5,4,5,5,5,1,2,1,3,1,2,2,3.0,4.714285714285714,1.7142857142857142,1.7142857142857144
CSE2610446,2026-08-01 07:25:00+00:00,Medium,4,4,5,5,1,3,4,4,4,4,4,5,5,3,0,0,0,0,4,2,0,3.7142857142857144,4.142857142857143,0.8571428571428571,0.4285714285714288
CSE2610447,2026-08-01 07:26:00+00:00,Low,3,2,5,4,4,4,3,5,4,4,4,3,4,4,2,2,0,0,0,0,1,3.5714285714285716,4.0,0.7142857142857143,0.4285714285714284
CSE2610448,2026-08-01 07:27:00+00:00,Medium,3,2,3,4,4,3,2,4,4,4,4,3,3,4,1,2,1,0,0,0,2,3.0,3.7142857142857144,0.8571428571428571,0.7142857142857144
CSE2610449,2026-08-01 07:28:00+00:00,High,3,3,4,1,1,2,2,4,5,5,4,5,4,4,1,2,1,3,4,2,2,2.2857142857142856,4.428571428571429,2.142857142857143,2.1428571428571432
CSE2610450,2026-08-01 07:29:00+00:00,Low,4,4,4,4,5,3,3,3,5,4,3,5,4,4,0,1,0,0,0,1,1,3.857142857142857,4.0,0.42857142857142855,0.1428571428571428
CSE2610451,2026-08-01 07:30:00+00:00,High,4,4,2,2,2,2,3,5,3,4,5,3,5,4,1,0,2,3,1,3,1,2.7142857142857144,4.142857142857143,1.5714285714285714,1.4285714285714288
CSE2610452,2026-08-01 07:31:00+00:00,Medium,4,4,3,4,4,2,3,4,5,5,5,4,4,4,0,1,2,1,0,2,1,3.4285714285714284,4.428571428571429,1.0,1.0000000000000004
CSE2610453,2026-08-01 07:32:00+00:00,Low,3,2,3,3,4,5,3,3,3,3,4,4,4,5,0,1,0,1,0,0,2,3.2857142857142856,3.7142857142857144,0.5714285714285714,0.4285714285714288
CSE2610454,2026-08-01 07:33:00+00:00,Medium,3,4,3,2,2,3,2,4,5,4,4,4,4,3,1,1,1,2,2,1,1,2.7142857142857144,4.0,1.2857142857142858,1.2857142857142856
CSE2610455,2026-08-01 07:34:00+00:00,Medium,5,2,3,5,3,4,3,5,4,5,4,4,4,4,0,2,2,0,1,0,1,3.5714285714285716,4.285714285714286,0.8571428571428571,0.714285714285714
CSE2610456,2026-08-01 07:35:00+00:00,Medium,3,4,5,3,3,3,3,5,4,4,5,3,5,4,2,0,0,2,0,2,1,3.4285714285714284,4.285714285714286,1.0,0.8571428571428572
CSE2610457,2026-08-01 07:36:00+00:00,High,3,1,3,3,4,2,1,4,3,5,4,3,4,5,1,2,2,1,0,2,4,2.4285714285714284,4.0,1.7142857142857142,1.5714285714285716
CSE2610458,2026-08-01 07:37:00+00:00,Medium,3,2,4,4,4,2,4,3,5,4,4,4,5,5,0,3,0,0,0,3,1,3.2857142857142856,4.285714285714286,1.0,1.0
CSE2610459,2026-08-01 07:38:00+00:00,Medium,1,3,3,4,2,4,3,4,3,4,5,3,3,4,3,0,1,1,1,0,1,2.857142857142857,3.7142857142857144,1.0,0.8571428571428572
CSE2610460,2026-08-01 07:39:00+00:00,High,4,2,3,2,2,2,1,3,4,5,3,4,5,4,0,2,2,1,2,3,3,2.2857142857142856,4.0,1.8571428571428572,1.7142857142857144
CSE2610461,2026-08-01 07:40:00+00:00,Medium,4,4,3,3,2,1,3,5,4,4,5,3,4,4,1,0,1,2,1,3,1,2.857142857142857,4.142857142857143,1.2857142857142858,1.285714285714286
CSE2610462,2026-08-01 07:41:00+00:00,Medium,4,3,3,2,3,3,3,4,5,5,4,4,4,4,0,2,2,2,1,1,1,3.0,4.285714285714286,1.2857142857142858,1.2857142857142856
CSE2610463,2026-08-01 07:42:00+00:00,Medium,2,3,4,3,3,4,2,5,5,4,5,3,4,4,3,2,0,2,0,0,2,3.0,4.285714285714286,1.2857142857142858,1.2857142857142856
CSE2610464,2026-08-01 07:43:00+00:00,Medium,2,4,3,5,2,3,2,5,5,4,4,3,3,4,3,1,1,0,1,0,2,3.0,4.0,1.1428571428571428,1.0
CSE2610465,2026-08-01 07:44:00+00:00,Medium,3,5,5,2,4,2,2,4,5,4,4,4,5,3,1,0,0,2,0,3,1,3.2857142857142856,4.142857142857143,1.0,0.8571428571428577
CSE2610466,2026-08-01 07:45:00+00:00,Medium,4,3,5,1,3,2,3,3,4,4,4,5,4,4,0,1,0,3,2,2,1,3.0,4.0,1.2857142857142858,1.0
CSE2610467,2026-08-01 07:46:00+00:00,Medium,4,4,2,1,3,5,3,3,4,5,4,4,5,3,0,0,3,3,1,0,0,3.142857142857143,4.0,1.0,0.8571428571428572
CSE2610468,2026-08-01 07:47:00+00:00,High,3,2,2,1,3,4,4,4,4,5,4,4,5,4,1,2,3,3,1,1,0,2.7142857142857144,4.285714285714286,1.5714285714285714,1.5714285714285712
CSE2610469,2026-08-01 07:48:00+00:00,Medium,2,5,2,3,4,3,4,4,4,3,4,4,5,5,2,0,1,1,0,2,1,3.2857142857142856,4.142857142857143,1.0,0.8571428571428577
CSE2610470,2026-08-01 07:49:00+00:00,Medium,2,1,5,3,5,4,2,5,4,4,4,5,4,3,3,3,0,1,0,0,1,3.142857142857143,4.142857142857143,1.1428571428571428,1.0000000000000004
CSE2610471,2026-08-01 07:50:00+00:00,Low,4,3,5,4,3,4,3,5,4,5,4,4,5,3,1,1,0,0,1,1,0,3.7142857142857144,4.285714285714286,0.5714285714285714,0.5714285714285712
CSE2610472,2026-08-01 07:51:00+00:00,High,3,3,3,2,2,3,3,5,4,4,4,4,5,5,2,1,1,2,2,2,2,2.7142857142857144,4.428571428571429,1.7142857142857142,1.7142857142857144
CSE2610473,2026-08-01 07:52:00+00:00,Medium,3,4,4,4,4,2,3,4,4,4,5,5,4,4,1,0,0,1,1,2,1,3.4285714285714284,4.285714285714286,0.8571428571428571,0.8571428571428572
CSE2610474,2026-08-01 07:53:00+00:00,Medium,2,3,3,3,4,4,4,4,5,3,4,5,5,4,2,2,0,1,1,1,0,3.2857142857142856,4.285714285714286,1.0,1.0
CSE2610475,2026-08-01 07:54:00+00:00,High,4,3,3,4,2,2,1,5,4,3,5,5,4,5,1,1,0,1,3,2,4,2.7142857142857144,4.428571428571429,1.7142857142857142,1.7142857142857144
CSE2610476,2026-08-01 07:55:00+00:00,Low,3,5,4,5,2,3,4,5,4,4,5,4,3,5,2,0,0,0,2,0,1,3.7142857142857144,4.285714285714286,0.7142857142857143,0.5714285714285712
CSE2610477,2026-08-01 07:56:00+00:00,High,4,3,3,1,3,3,2,4,4,4,5,3,5,5,0,1,1,4,0,2,3,2.7142857142857144,4.285714285714286,1.5714285714285714,1.5714285714285712
CSE2610478,2026-08-01 07:57:00+00:00,Low,4,2,3,3,4,3,5,3,4,4,4,4,4,5,0,2,1,1,0,1,0,3.4285714285714284,4.0,0.7142857142857143,0.5714285714285716
CSE2610479,2026-08-01 07:58:00+00:00,High,3,1,4,3,3,3,4,5,5,3,4,4,5,5,2,4,0,1,1,2,1,3.0,4.428571428571429,1.5714285714285714,1.4285714285714288
CSE2610480,2026-08-01 07:59:00+00:00,Low,4,3,5,4,3,2,3,5,4,5,4,3,3,4,1,1,0,0,0,1,1,3.4285714285714284,4.0,0.5714285714285714,0.5714285714285716
CSE2610481,2026-08-01 08:00:00+00:00,Medium,1,5,3,5,1,4,5,5,3,4,4,4,5,4,4,0,1,0,3,1,0,3.4285714285714284,4.142857142857143,1.2857142857142858,0.7142857142857149
CSE2610482,2026-08-01 08:01:00+00:00,Low,2,4,5,5,2,3,4,3,4,4,4,4,3,5,1,0,0,0,2,0,1,3.5714285714285716,3.857142857142857,0.5714285714285714,0.2857142857142856
CSE2610483,2026-08-01 08:02:00+00:00,Low,3,4,3,4,4,3,3,4,5,3,5,4,4,4,1,1,0,1,0,1,1,3.4285714285714284,4.142857142857143,0.7142857142857143,0.7142857142857149
CSE2610484,2026-08-01 08:03:00+00:00,Medium,3,2,2,4,4,4,1,3,4,4,5,5,4,3,0,2,2,1,1,0,2,2.857142857142857,4.0,1.1428571428571428,1.1428571428571428
CSE2610485,2026-08-01 08:04:00+00:00,Medium,5,4,3,3,3,3,2,5,5,4,5,4,3,5,0,1,1,2,1,0,3,3.2857142857142856,4.428571428571429,1.1428571428571428,1.1428571428571432
CSE2610486,2026-08-01 08:05:00+00:00,Low,3,4,3,4,3,4,4,4,4,4,5,4,4,5,1,0,1,1,1,0,1,3.5714285714285716,4.285714285714286,0.7142857142857143,0.714285714285714
CSE2610487,2026-08-01 08:06:00+00:00,Low,3,5,4,4,3,3,4,3,4,4,5,4,3,5,0,0,0,1,1,0,1,3.7142857142857144,4.0,0.42857142857142855,0.2857142857142856
CSE2610488,2026-08-01 08:07:00+00:00,Medium,3,4,3,2,3,3,3,4,4,4,4,5,5,5,1,0,1,2,2,2,2,3.0,4.428571428571429,1.4285714285714286,1.4285714285714288
CSE2610489,2026-08-01 08:08:00+00:00,Medium,4,4,4,4,2,3,3,5,5,5,4,5,4,5,1,1,1,0,3,1,2,3.4285714285714284,4.714285714285714,1.2857142857142858,1.285714285714286
CSE2610490,2026-08-01 08:09:00+00:00,Medium,2,4,3,2,2,5,4,4,3,5,5,4,4,4,2,0,2,3,2,0,0,3.142857142857143,4.142857142857143,1.2857142857142858,1.0000000000000004
CSE2610491,2026-08-01 08:10:00+00:00,Low,5,3,4,4,4,3,5,4,4,4,5,4,4,4,0,1,0,1,0,1,0,4.0,4.142857142857143,0.42857142857142855,0.14285714285714324
CSE2610492,2026-08-01 08:11:00+00:00,Low,4,3,4,2,5,4,3,4,5,5,4,5,3,3,0,2,1,2,0,0,0,3.5714285714285716,4.142857142857143,0.7142857142857143,0.5714285714285716
CSE2610493,2026-08-01 08:12:00+00:00,Low,5,4,5,4,5,4,3,5,5,5,4,5,5,4,0,1,0,0,0,1,1,4.285714285714286,4.714285714285714,0.42857142857142855,0.4285714285714288
CSE2610494,2026-08-01 08:13:00+00:00,Medium,4,3,4,4,4,2,4,5,4,4,4,5,4,5,1,1,0,0,1,2,1,3.5714285714285716,4.428571428571429,0.8571428571428571,0.8571428571428572
CSE2610495,2026-08-01 08:14:00+00:00,Medium,4,4,3,2,2,3,4,4,5,5,4,4,5,5,0,1,2,2,2,2,1,3.142857142857143,4.571428571428571,1.4285714285714286,1.4285714285714284
CSE2610496,2026-08-01 08:15:00+00:00,High,2,3,1,5,1,3,2,4,4,5,5,4,3,4,2,1,4,0,3,0,2,2.4285714285714284,4.142857142857143,1.7142857142857142,1.7142857142857149
CSE2610497,2026-08-01 08:16:00+00:00,Medium,3,2,2,5,4,2,3,3,4,4,5,4,3,4,0,2,2,0,0,1,1,3.0,3.857142857142857,0.8571428571428571,0.8571428571428572
CSE2610498,2026-08-01 08:17:00+00:00,High,3,3,3,1,2,3,1,4,4,4,4,4,5,4,1,1,1,3,2,2,3,2.2857142857142856,4.142857142857143,1.8571428571428572,1.8571428571428577
CSE2610499,2026-08-01 08:18:00+00:00,High,3,2,3,5,2,2,3,4,4,5,5,5,5,5,1,2,2,0,3,3,2,2.857142857142857,4.714285714285714,1.8571428571428572,1.8571428571428572
CSE2610500,2026-08-01 08:19:00+00:00,Medium,3,4,3,3,5,2,3,4,4,5,4,5,4,4,1,0,2,1,0,2,1,3.2857142857142856,4.285714285714286,1.0,1.0
CSE2610501,2026-08-01 08:20:00+00:00,Low,3,4,4,4,2,4,2,3,5,3,4,4,3,3,0,1,0,0,2,0,1,3.2857142857142856,3.5714285714285716,0.5714285714285714,0.28571428571428603
CSE2610502,2026-08-01 08:21:00+00:00,Medium,1,4,3,4,4,3,2,5,5,3,4,3,5,3,4,1,0,0,0,2,1,3.0,4.0,1.1428571428571428,1.0
CSE2610503,2026-08-01 08:22:00+00:00,Medium,5,4,2,2,4,4,3,3,5,3,5,4,4,5,0,1,1,3,0,0,2,3.4285714285714284,4.142857142857143,1.0,0.7142857142857149
CSE2610504,2026-08-01 08:23:00+00:00,Low,3,4,4,3,4,4,2,4,3,5,4,3,4,4,1,0,1,1,0,0,2,3.4285714285714284,3.857142857142857,0.7142857142857143,0.4285714285714288
CSE2610505,2026-08-01 08:24:00+00:00,Medium,5,4,4,2,3,2,4,4,5,5,4,4,5,4,0,1,1,2,1,3,0,3.4285714285714284,4.428571428571429,1.1428571428571428,1.0000000000000004
CSE2610506,2026-08-01 08:25:00+00:00,Low,2,3,5,2,4,4,4,3,4,4,4,3,4,3,1,1,0,2,0,0,0,3.4285714285714284,3.5714285714285716,0.5714285714285714,0.14285714285714324
CSE2610507,2026-08-01 08:26:00+00:00,Low,3,3,3,4,3,4,5,4,4,4,4,4,4,5,1,1,1,0,1,0,0,3.5714285714285716,4.142857142857143,0.5714285714285714,0.5714285714285716
CSE2610508,2026-08-01 08:27:00+00:00,Low,4,3,4,4,4,5,3,4,5,4,4,4,4,5,0,2,0,0,0,0,2,3.857142857142857,4.285714285714286,0.5714285714285714,0.4285714285714284
CSE2610509,2026-08-01 08:28:00+00:00,Low,3,5,3,3,5,4,4,4,5,4,4,4,4,5,1,0,1,1,0,0,1,3.857142857142857,4.285714285714286,0.5714285714285714,0.4285714285714284
CSE2610510,2026-08-01 08:29:00+00:00,Medium,3,3,4,3,3,4,3,3,4,5,4,3,5,5,0,1,1,1,0,1,2,3.2857142857142856,4.142857142857143,0.8571428571428571,0.8571428571428577
CSE2610511,2026-08-01 08:30:00+00:00,Low,4,4,3,4,1,5,3,5,4,4,4,3,3,4,1,0,1,0,2,0,1,3.4285714285714284,3.857142857142857,0.7142857142857143,0.4285714285714288
CSE2610512,2026-08-01 08:31:00+00:00,High,2,2,4,4,3,3,2,4,4,5,3,5,4,5,2,2,1,0,2,1,3,2.857142857142857,4.285714285714286,1.5714285714285714,1.4285714285714284
CSE2610513,2026-08-01 08:32:00+00:00,Low,1,4,5,3,5,3,4,3,4,4,4,4,5,4,2,0,0,1,0,2,0,3.5714285714285716,4.0,0.7142857142857143,0.4285714285714284
CSE2610514,2026-08-01 08:33:00+00:00,Medium,1,5,3,4,3,4,3,3,4,4,4,4,5,4,2,0,1,0,1,1,1,3.2857142857142856,4.0,0.8571428571428571,0.7142857142857144
CSE2610515,2026-08-01 08:34:00+00:00,High,3,4,1,4,2,2,4,5,5,4,4,4,4,5,2,1,3,0,2,2,1,2.857142857142857,4.428571428571429,1.5714285714285714,1.5714285714285716
CSE2610516,2026-08-01 08:35:00+00:00,Medium,4,3,4,4,2,3,3,4,4,4,4,5,5,4,0,1,0,0,3,2,1,3.2857142857142856,4.285714285714286,1.0,1.0
CSE2610517,2026-08-01 08:36:00+00:00,Low,5,4,2,3,3,4,3,5,4,5,3,3,4,4,0,0,3,0,0,0,1,3.4285714285714284,4.0,0.5714285714285714,0.5714285714285716
CSE2610518,2026-08-01 08:37:00+00:00,Medium,3,4,3,3,2,4,4,4,3,4,4,4,5,4,1,0,1,1,2,1,0,3.2857142857142856,4.0,0.8571428571428571,0.7142857142857144
CSE2610519,2026-08-01 08:38:00+00:00,Medium,1,3,4,5,4,4,4,4,4,5,4,5,3,3,3,1,1,0,1,0,0,3.5714285714285716,4.0,0.8571428571428571,0.4285714285714284
CSE2610520,2026-08-01 08:39:00+00:00,Medium,2,3,3,4,3,3,3,4,4,4,5,4,4,4,2,1,1,1,1,1,1,3.0,4.142857142857143,1.1428571428571428,1.1428571428571432
CSE2610521,2026-08-01 08:40:00+00:00,Low,3,4,4,4,3,5,3,4,3,3,4,4,4,3,1,0,0,0,1,0,0,3.7142857142857144,3.5714285714285716,0.2857142857142857,-0.1428571428571428
CSE2610522,2026-08-01 08:41:00+00:00,High,3,3,2,4,3,1,2,4,4,3,5,4,5,4,1,1,1,1,1,4,2,2.5714285714285716,4.142857142857143,1.5714285714285714,1.5714285714285716
CSE2610523,2026-08-01 08:42:00+00:00,High,2,2,3,2,4,2,4,5,5,5,4,4,4,3,3,3,2,2,0,2,0,2.7142857142857144,4.285714285714286,1.7142857142857142,1.5714285714285712
CSE2610524,2026-08-01 08:43:00+00:00,Medium,3,2,3,3,3,2,2,4,4,5,4,3,3,4,1,2,2,1,0,1,2,2.5714285714285716,3.857142857142857,1.2857142857142858,1.2857142857142856
CSE2610525,2026-08-01 08:44:00+00:00,High,3,2,3,4,3,3,2,5,4,5,4,5,4,4,2,2,2,0,2,1,2,2.857142857142857,4.428571428571429,1.5714285714285714,1.5714285714285716
CSE2610526,2026-08-01 08:45:00+00:00,Medium,3,2,4,3,3,5,2,5,5,3,4,4,5,4,2,3,0,1,1,0,2,3.142857142857143,4.285714285714286,1.2857142857142858,1.1428571428571428
CSE2610527,2026-08-01 08:46:00+00:00,Medium,4,3,3,1,3,3,4,5,5,3,5,4,4,3,1,2,0,4,1,1,0,3.0,4.142857142857143,1.2857142857142858,1.1428571428571432
CSE2610528,2026-08-01 08:47:00+00:00,Medium,4,1,3,3,3,3,4,4,5,5,3,5,4,5,0,4,2,0,2,1,1,3.0,4.428571428571429,1.4285714285714286,1.4285714285714288
CSE2610529,2026-08-01 08:48:00+00:00,Medium,4,4,4,3,1,4,5,4,3,5,5,4,4,5,0,0,1,2,3,0,0,3.5714285714285716,4.285714285714286,0.8571428571428571,0.714285714285714
CSE2610530,2026-08-01 08:49:00+00:00,Low,5,4,3,4,3,3,4,4,3,4,4,4,4,5,0,0,1,0,1,1,1,3.7142857142857144,4.0,0.5714285714285714,0.2857142857142856
CSE2610531,2026-08-01 08:50:00+00:00,Medium,4,4,4,3,2,2,2,5,4,4,4,4,4,5,1,0,0,1,2,2,3,3.0,4.285714285714286,1.2857142857142858,1.2857142857142856
CSE2610532,2026-08-01 08:51:00+00:00,Low,4,3,4,2,3,2,4,4,4,4,4,3,3,4,0,1,0,2,0,1,0,3.142857142857143,3.7142857142857144,0.5714285714285714,0.5714285714285716
CSE2610533,2026-08-01 08:52:00+00:00,Medium,4,4,3,4,2,2,2,4,5,5,4,4,4,5,0,1,2,0,2,2,3,3.0,4.428571428571429,1.4285714285714286,1.4285714285714288
CSE2610534,2026-08-01 08:53:00+00:00,Medium,1,4,5,1,3,4,3,3,5,4,5,4,3,4,2,1,0,4,1,0,1,3.0,4.0,1.2857142857142858,1.0
CSE2610535,2026-08-01 08:54:00+00:00,Medium,4,3,4,2,3,4,3,4,4,4,4,4,5,5,0,1,0,2,1,1,2,3.2857142857142856,4.285714285714286,1.0,1.0
CSE2610536,2026-08-01 08:55:00+00:00,Low,2,5,2,5,3,5,5,3,4,5,3,4,4,4,1,0,3,0,1,0,0,3.857142857142857,3.857142857142857,0.7142857142857143,0.0
CSE2610537,2026-08-01 08:56:00+00:00,Medium,4,4,4,4,3,2,3,4,5,4,5,4,4,5,0,1,0,1,1,2,2,3.4285714285714284,4.428571428571429,1.0,1.0000000000000004
CSE2610538,2026-08-01 08:57:00+00:00,High,4,3,2,4,5,3,2,5,5,5,5,4,5,4,1,2,3,1,0,2,2,3.2857142857142856,4.714285714285714,1.5714285714285714,1.4285714285714288
CSE2610539,2026-08-01 08:58:00+00:00,Medium,3,4,3,5,4,3,2,3,5,4,3,4,5,4,0,1,1,0,0,2,2,3.4285714285714284,4.0,0.8571428571428571,0.5714285714285716
CSE2610540,2026-08-01 08:59:00+00:00,Medium,5,4,4,2,2,3,4,4,3,4,4,4,5,4,0,0,0,2,2,2,0,3.4285714285714284,4.0,0.8571428571428571,0.5714285714285716
CSE2610541,2026-08-01 09:00:00+00:00,Medium,4,1,3,3,4,2,4,5,5,3,4,3,4,3,1,4,0,1,0,2,0,3.0,3.857142857142857,1.1428571428571428,0.8571428571428572
CSE2610542,2026-08-01 09:01:00+00:00,Medium,4,1,2,3,3,3,4,4,4,4,4,4,5,5,0,3,2,1,1,2,1,2.857142857142857,4.285714285714286,1.4285714285714286,1.4285714285714284
CSE2610543,2026-08-01 09:02:00+00:00,Medium,3,2,4,4,4,2,4,4,5,3,4,4,3,5,1,3,0,0,0,1,1,3.2857142857142856,4.0,0.8571428571428571,0.7142857142857144
CSE2610544,2026-08-01 09:03:00+00:00,Low,3,5,4,3,4,5,3,3,4,4,4,3,4,4,0,0,0,1,0,0,1,3.857142857142857,3.7142857142857144,0.2857142857142857,-0.1428571428571428
CSE2610545,2026-08-01 09:04:00+00:00,Medium,4,3,2,3,4,1,4,4,4,4,4,4,4,4,0,1,2,1,0,3,0,3.0,4.0,1.0,1.0
CSE2610546,2026-08-01 09:05:00+00:00,Medium,3,4,2,5,5,1,3,4,3,4,4,4,4,4,1,0,2,0,0,3,1,3.2857142857142856,3.857142857142857,1.0,0.5714285714285716
CSE2610547,2026-08-01 09:06:00+00:00,Medium,4,5,3,1,3,2,4,4,4,4,4,4,3,5,0,0,1,3,1,1,1,3.142857142857143,4.0,1.0,0.8571428571428572
CSE2610548,2026-08-01 09:07:00+00:00,Medium,2,4,3,2,2,4,5,4,4,4,5,4,4,4,2,0,1,3,2,0,0,3.142857142857143,4.142857142857143,1.1428571428571428,1.0000000000000004
CSE2610549,2026-08-01 09:08:00+00:00,Low,3,3,4,4,4,3,5,4,5,3,5,3,4,3,1,2,0,1,0,1,0,3.7142857142857144,3.857142857142857,0.7142857142857143,0.1428571428571428
CSE2610550,2026-08-01 09:09:00+00:00,Medium,4,4,5,1,4,4,4,5,4,4,4,5,5,5,1,0,0,3,1,1,1,3.7142857142857144,4.571428571428571,1.0,0.8571428571428568
CSE2610551,2026-08-01 09:10:00+00:00,High,3,4,2,5,2,2,3,5,4,4,4,5,5,4,2,0,2,0,3,3,1,3.0,4.428571428571429,1.5714285714285714,1.4285714285714288
CSE2610552,2026-08-01 09:11:00+00:00,Medium,4,2,4,1,3,4,4,4,4,4,5,4,4,4,0,2,0,4,1,0,0,3.142857142857143,4.142857142857143,1.0,1.0000000000000004
CSE2610553,2026-08-01 09:12:00+00:00,Medium,4,2,3,2,5,3,3,5,4,4,5,5,4,5,1,2,1,3,0,1,2,3.142857142857143,4.571428571428571,1.4285714285714286,1.4285714285714284
CSE2610554,2026-08-01 09:13:00+00:00,Low,4,2,5,5,4,4,2,4,5,4,3,4,4,4,0,3,0,0,0,0,2,3.7142857142857144,4.0,0.7142857142857143,0.2857142857142856
CSE2610555,2026-08-01 09:14:00+00:00,Medium,3,1,2,5,3,4,3,3,4,4,4,5,4,5,0,3,2,0,2,0,2,3.0,4.142857142857143,1.2857142857142858,1.1428571428571432
CSE2610556,2026-08-01 09:15:00+00:00,Medium,3,1,5,5,2,4,3,4,4,4,5,5,5,5,1,3,0,0,3,1,2,3.2857142857142856,4.571428571428571,1.4285714285714286,1.2857142857142856
CSE2610557,2026-08-01 09:16:00+00:00,Medium,3,3,4,3,3,1,4,5,5,4,4,3,3,3,2,2,0,1,0,2,0,3.0,3.857142857142857,1.0,0.8571428571428572
CSE2610558,2026-08-01 09:17:00+00:00,Medium,4,4,3,2,4,3,4,4,4,4,5,5,4,4,0,0,1,3,1,1,0,3.4285714285714284,4.285714285714286,0.8571428571428571,0.8571428571428572
CSE2610559,2026-08-01 09:18:00+00:00,Medium,5,3,4,2,4,3,2,4,4,3,5,4,4,4,0,1,0,3,0,1,2,3.2857142857142856,4.0,1.0,0.7142857142857144
CSE2610560,2026-08-01 09:19:00+00:00,Medium,1,4,5,4,4,3,4,5,5,4,5,4,5,4,4,1,0,1,0,2,0,3.5714285714285716,4.571428571428571,1.1428571428571428,0.9999999999999996
CSE2610561,2026-08-01 09:20:00+00:00,High,3,3,2,2,1,5,1,5,3,4,5,5,3,4,2,0,2,3,4,0,3,2.4285714285714284,4.142857142857143,2.0,1.7142857142857149
CSE2610562,2026-08-01 09:21:00+00:00,Medium,4,4,1,4,1,3,3,5,4,4,4,4,4,4,1,0,3,0,3,1,1,2.857142857142857,4.142857142857143,1.2857142857142858,1.285714285714286
CSE2610563,2026-08-01 09:22:00+00:00,Medium,2,3,3,4,3,2,4,5,4,4,4,5,4,4,3,1,1,0,2,2,0,3.0,4.285714285714286,1.2857142857142858,1.2857142857142856
CSE2610564,2026-08-01 09:23:00+00:00,Medium,4,2,3,4,4,4,3,4,4,4,5,5,4,4,0,2,1,1,1,0,1,3.4285714285714284,4.285714285714286,0.8571428571428571,0.8571428571428572
CSE2610565,2026-08-01 09:24:00+00:00,Medium,3,3,3,4,3,4,4,4,5,4,4,4,4,5,1,2,1,0,1,0,1,3.4285714285714284,4.285714285714286,0.8571428571428571,0.8571428571428572
CSE2610566,2026-08-01 09:25:00+00:00,Low,4,4,4,3,4,3,4,4,4,4,5,5,5,4,0,0,0,2,1,2,0,3.7142857142857144,4.428571428571429,0.7142857142857143,0.7142857142857144
CSE2610567,2026-08-01 09:26:00+00:00,Medium,3,2,3,3,4,4,3,4,5,4,3,4,4,5,1,3,1,0,0,0,2,3.142857142857143,4.142857142857143,1.0,1.0000000000000004
CSE2610568,2026-08-01 09:27:00+00:00,Medium,3,3,5,3,5,3,4,5,5,4,5,5,5,4,2,2,0,2,0,2,0,3.7142857142857144,4.714285714285714,1.1428571428571428,1.0
CSE2610569,2026-08-01 09:28:00+00:00,High,2,1,1,3,3,5,3,3,4,5,4,3,4,5,1,3,4,1,0,0,2,2.5714285714285716,4.0,1.5714285714285714,1.4285714285714284
CSE2610570,2026-08-01 09:29:00+00:00,Medium,1,3,3,2,3,3,3,4,4,5,4,3,4,3,3,1,2,2,0,1,0,2.5714285714285716,3.857142857142857,1.2857142857142858,1.2857142857142856
CSE2610571,2026-08-01 09:30:00+00:00,Medium,3,3,3,3,3,4,3,5,4,5,4,3,5,4,2,1,2,1,0,1,1,3.142857142857143,4.285714285714286,1.1428571428571428,1.1428571428571428
CSE2610572,2026-08-01 09:31:00+00:00,Medium,2,2,3,3,2,4,4,4,4,4,4,5,4,5,2,2,1,1,3,0,1,2.857142857142857,4.285714285714286,1.4285714285714286,1.4285714285714284
CSE2610573,2026-08-01 09:32:00+00:00,Medium,4,4,4,5,4,3,1,4,4,3,4,5,5,4,0,0,0,0,1,2,3,3.5714285714285716,4.142857142857143,0.8571428571428571,0.5714285714285716
CSE2610574,2026-08-01 09:33:00+00:00,Medium,4,4,4,4,3,2,2,5,5,3,4,4,4,4,1,1,0,0,1,2,2,3.2857142857142856,4.142857142857143,1.0,0.8571428571428577
CSE2610575,2026-08-01 09:34:00+00:00,Medium,3,3,2,4,4,3,4,5,4,5,4,4,5,5,2,1,3,0,0,2,1,3.2857142857142856,4.571428571428571,1.2857142857142858,1.2857142857142856
CSE2610576,2026-08-01 09:35:00+00:00,High,2,4,1,2,1,4,1,4,4,3,4,4,3,4,2,0,2,2,3,0,3,2.142857142857143,3.7142857142857144,1.7142857142857142,1.5714285714285716
CSE2610577,2026-08-01 09:36:00+00:00,Medium,4,1,3,5,3,3,3,4,5,5,4,5,4,4,0,4,2,0,2,1,1,3.142857142857143,4.428571428571429,1.4285714285714286,1.285714285714286
CSE2610578,2026-08-01 09:37:00+00:00,Medium,3,4,5,3,1,3,4,5,5,4,4,4,4,4,2,1,0,1,3,1,0,3.2857142857142856,4.285714285714286,1.1428571428571428,1.0
CSE2610579,2026-08-01 09:38:00+00:00,Low,5,3,4,4,3,4,3,5,4,4,3,3,3,4,0,1,0,0,0,0,1,3.7142857142857144,3.7142857142857144,0.2857142857142857,0.0
CSE2610580,2026-08-01 09:39:00+00:00,Medium,2,3,5,5,3,4,4,5,4,5,5,4,5,5,3,1,0,0,1,1,1,3.7142857142857144,4.714285714285714,1.0,1.0
CSE2610581,2026-08-01 09:40:00+00:00,High,2,3,1,3,4,3,1,3,3,5,4,4,5,4,1,0,4,1,0,2,3,2.4285714285714284,4.0,1.5714285714285714,1.5714285714285716
CSE2610582,2026-08-01 09:41:00+00:00,Medium,2,2,3,3,2,5,3,4,4,4,4,4,4,4,2,2,1,1,2,0,1,2.857142857142857,4.0,1.2857142857142858,1.1428571428571428
CSE2610583,2026-08-01 09:42:00+00:00,Low,5,3,3,2,4,3,4,5,4,3,5,4,3,4,0,1,0,3,0,0,0,3.4285714285714284,4.0,0.5714285714285714,0.5714285714285716
CSE2610584,2026-08-01 09:43:00+00:00,High,3,2,3,3,2,2,4,4,5,5,4,3,5,4,1,3,2,1,1,3,0,2.7142857142857144,4.285714285714286,1.5714285714285714,1.5714285714285712
CSE2610585,2026-08-01 09:44:00+00:00,Low,4,4,2,4,4,2,4,4,5,4,3,3,4,4,0,1,2,0,0,2,0,3.4285714285714284,3.857142857142857,0.7142857142857143,0.4285714285714288
CSE2610586,2026-08-01 09:45:00+00:00,Medium,3,3,2,4,2,5,5,5,4,3,5,5,3,5,2,1,1,1,3,0,0,3.4285714285714284,4.285714285714286,1.1428571428571428,0.8571428571428572
CSE2610587,2026-08-01 09:46:00+00:00,Low,3,3,3,5,3,4,5,3,3,4,4,5,4,4,0,0,1,0,2,0,0,3.7142857142857144,3.857142857142857,0.42857142857142855,0.1428571428571428
CSE2610588,2026-08-01 09:47:00+00:00,Medium,3,3,3,4,4,5,3,5,5,5,4,4,4,5,2,2,2,0,0,0,2,3.5714285714285716,4.571428571428571,1.1428571428571428,0.9999999999999996
CSE2610589,2026-08-01 09:48:00+00:00,Low,4,4,4,4,4,4,3,3,5,4,5,4,5,3,0,1,0,1,0,1,0,3.857142857142857,4.142857142857143,0.42857142857142855,0.28571428571428603
CSE2610590,2026-08-01 09:49:00+00:00,Medium,2,4,4,2,3,4,4,4,5,4,5,3,4,5,2,1,0,3,0,0,1,3.2857142857142856,4.285714285714286,1.0,1.0
CSE2610591,2026-08-01 09:50:00+00:00,Medium,3,4,3,3,3,3,1,4,4,4,3,3,5,5,1,0,1,0,0,2,4,2.857142857142857,4.0,1.1428571428571428,1.1428571428571428
CSE2610592,2026-08-01 09:51:00+00:00,High,1,4,5,1,2,3,3,4,4,5,4,5,5,4,3,0,0,3,3,2,1,2.7142857142857144,4.428571428571429,1.7142857142857142,1.7142857142857144
CSE2610593,2026-08-01 09:52:00+00:00,High,1,3,4,1,5,4,3,5,4,5,5,5,4,4,4,1,1,4,0,0,1,3.0,4.571428571428571,1.5714285714285714,1.5714285714285712
CSE2610594,2026-08-01 09:53:00+00:00,Medium,4,5,2,2,5,1,4,5,4,4,4,4,3,4,1,0,2,2,0,2,0,3.2857142857142856,4.0,1.0,0.7142857142857144
CSE2610595,2026-08-01 09:54:00+00:00,Low,3,3,3,4,4,4,4,4,3,5,3,5,5,4,1,0,2,0,1,1,0,3.5714285714285716,4.142857142857143,0.7142857142857143,0.5714285714285716
CSE2610596,2026-08-01 09:55:00+00:00,High,3,2,3,4,2,3,3,5,4,4,4,5,4,5,2,2,1,0,3,1,2,2.857142857142857,4.428571428571429,1.5714285714285714,1.5714285714285716
CSE2610597,2026-08-01 09:56:00+00:00,Medium,3,1,3,3,4,5,4,5,5,4,5,3,4,4,2,4,1,2,0,0,0,3.2857142857142856,4.285714285714286,1.2857142857142858,1.0
CSE2610598,2026-08-01 09:57:00+00:00,Medium,4,4,4,4,2,2,3,5,3,4,5,4,4,4,1,0,0,1,2,2,1,3.2857142857142856,4.142857142857143,1.0,0.8571428571428577
CSE2610599,2026-08-01 09:58:00+00:00,Low,4,4,4,3,4,3,4,5,4,5,3,4,4,4,1,0,1,0,0,1,0,3.7142857142857144,4.142857142857143,0.42857142857142855,0.4285714285714288
CSE2610600,2026-08-01 09:59:00+00:00,Low,2,5,1,5,4,4,4,4,4,4,4,4,4,4,2,0,3,0,0,0,0,3.5714285714285716,4.0,0.7142857142857143,0.4285714285714284
CSE2610601,2026-08-01 10:00:00+00:00,Medium,1,3,3,4,3,5,3,5,4,5,4,5,4,4,4,1,2,0,2,0,1,3.142857142857143,4.428571428571429,1.4285714285714286,1.285714285714286
CSE2610602,2026-08-01 10:01:00+00:00,Medium,5,3,4,1,3,5,3,4,5,3,4,4,4,4,0,2,0,3,1,0,1,3.4285714285714284,4.0,1.0,0.5714285714285716
CSE2610603,2026-08-01 10:02:00+00:00,Low,4,5,5,5,2,4,3,5,4,4,4,5,4,3,1,0,0,0,3,0,0,4.0,4.142857142857143,0.5714285714285714,0.14285714285714324
CSE2610604,2026-08-01 10:03:00+00:00,High,1,4,2,2,3,3,2,4,4,5,5,4,4,4,3,0,3,3,1,1,2,2.4285714285714284,4.285714285714286,1.8571428571428572,1.8571428571428572
CSE2610605,2026-08-01 10:04:00+00:00,High,4,4,3,4,2,1,3,5,5,5,5,4,5,5,1,1,2,1,2,4,2,3.0,4.857142857142857,1.8571428571428572,1.8571428571428568
CSE2610606,2026-08-01 10:05:00+00:00,High,2,2,3,2,3,2,4,3,3,5,4,5,5,5,1,1,2,2,2,3,1,2.5714285714285716,4.285714285714286,1.7142857142857142,1.714285714285714
CSE2610607,2026-08-01 10:06:00+00:00,Medium,3,3,3,4,3,2,4,4,3,5,5,4,4,4,1,0,2,1,1,2,0,3.142857142857143,4.142857142857143,1.0,1.0000000000000004
CSE2610608,2026-08-01 10:07:00+00:00,Medium,4,4,3,3,4,3,2,5,5,4,4,4,4,5,1,1,1,1,0,1,3,3.2857142857142856,4.428571428571429,1.1428571428571428,1.1428571428571432
CSE2610609,2026-08-01 10:08:00+00:00,Medium,3,4,2,4,3,3,2,4,3,4,4,5,3,3,1,0,2,0,2,0,1,3.0,3.7142857142857144,0.8571428571428571,0.7142857142857144
CSE2610610,2026-08-01 10:09:00+00:00,Medium,3,1,2,4,5,2,2,4,4,3,4,4,3,5,1,3,1,0,0,1,3,2.7142857142857144,3.857142857142857,1.2857142857142858,1.1428571428571428
CSE2610611,2026-08-01 10:10:00+00:00,Medium,5,2,3,5,4,4,3,5,5,5,4,5,4,4,0,3,2,0,1,0,1,3.7142857142857144,4.571428571428571,1.0,0.8571428571428568
CSE2610612,2026-08-01 10:11:00+00:00,Medium,2,3,3,2,3,3,3,4,4,4,5,4,4,4,2,1,1,3,1,1,1,2.7142857142857144,4.142857142857143,1.4285714285714286,1.4285714285714288
CSE2610613,2026-08-01 10:12:00+00:00,High,3,4,3,1,4,4,2,5,5,4,4,5,5,4,2,1,1,3,1,1,2,3.0,4.571428571428571,1.5714285714285714,1.5714285714285712
CSE2610614,2026-08-01 10:13:00+00:00,Medium,5,3,4,3,3,1,4,4,5,4,4,4,4,5,0,2,0,1,1,3,1,3.2857142857142856,4.285714285714286,1.1428571428571428,1.0
CSE2610615,2026-08-01 10:14:00+00:00,Medium,4,3,2,4,4,2,3,3,4,5,4,4,4,5,0,1,3,0,0,2,2,3.142857142857143,4.142857142857143,1.1428571428571428,1.0000000000000004
CSE2610616,2026-08-01 10:15:00+00:00,Medium,4,1,4,3,3,3,3,3,4,4,3,4,4,4,0,3,0,0,1,1,1,3.0,3.7142857142857144,0.8571428571428571,0.7142857142857144
CSE2610617,2026-08-01 10:16:00+00:00,Low,4,4,5,3,4,3,4,3,5,5,5,4,4,4,0,1,0,2,0,1,0,3.857142857142857,4.285714285714286,0.5714285714285714,0.4285714285714284
CSE2610618,2026-08-01 10:17:00+00:00,Low,5,3,4,5,4,3,3,4,4,4,5,5,4,4,0,1,0,0,1,1,1,3.857142857142857,4.285714285714286,0.5714285714285714,0.4285714285714284
CSE2610619,2026-08-01 10:18:00+00:00,Medium,3,4,3,4,3,4,5,4,5,5,4,5,3,4,1,1,2,0,2,0,0,3.7142857142857144,4.285714285714286,0.8571428571428571,0.5714285714285712
CSE2610620,2026-08-01 10:19:00+00:00,High,2,2,2,5,4,3,4,5,5,5,4,5,4,4,3,3,3,0,1,1,0,3.142857142857143,4.571428571428571,1.5714285714285714,1.4285714285714284
CSE2610621,2026-08-01 10:20:00+00:00,Medium,4,4,2,4,4,3,4,5,4,4,3,5,4,5,1,0,2,0,1,1,1,3.5714285714285716,4.285714285714286,0.8571428571428571,0.714285714285714
CSE2610622,2026-08-01 10:21:00+00:00,Medium,2,3,4,4,4,2,2,5,4,5,4,4,4,3,3,1,1,0,0,2,1,3.0,4.142857142857143,1.1428571428571428,1.1428571428571432
CSE2610623,2026-08-01 10:22:00+00:00,Medium,4,3,2,4,1,4,4,4,3,3,5,4,5,5,0,0,1,1,3,1,1,3.142857142857143,4.142857142857143,1.0,1.0000000000000004
CSE2610624,2026-08-01 10:23:00+00:00,High,2,4,2,2,3,3,4,5,5,4,4,5,4,5,3,1,2,2,2,1,1,2.857142857142857,4.571428571428571,1.7142857142857142,1.714285714285714
CSE2610625,2026-08-01 10:24:00+00:00,Medium,2,2,4,5,4,4,3,4,5,4,4,4,4,4,2,3,0,0,0,0,1,3.4285714285714284,4.142857142857143,0.8571428571428571,0.7142857142857149
CSE2610626,2026-08-01 10:25:00+00:00,Medium,3,4,3,1,3,3,3,5,5,3,4,5,3,4,2,1,0,3,2,0,1,2.857142857142857,4.142857142857143,1.2857142857142858,1.285714285714286
CSE2610627,2026-08-01 10:26:00+00:00,Medium,3,3,4,4,4,1,5,5,4,4,3,5,4,5,2,1,0,0,1,3,0,3.4285714285714284,4.285714285714286,1.0,0.8571428571428572
CSE2610628,2026-08-01 10:27:00+00:00,Low,3,4,4,3,2,3,4,3,4,4,4,5,3,4,0,0,0,1,3,0,0,3.2857142857142856,3.857142857142857,0.5714285714285714,0.5714285714285716
CSE2610629,2026-08-01 10:28:00+00:00,Medium,2,3,3,2,4,2,2,3,4,5,3,3,5,4,1,1,2,1,0,3,2,2.5714285714285716,3.857142857142857,1.4285714285714286,1.2857142857142856
CSE2610630,2026-08-01 10:29:00+00:00,Medium,2,3,2,5,3,3,3,4,4,3,4,5,5,4,2,1,1,0,2,2,1,3.0,4.142857142857143,1.2857142857142858,1.1428571428571432
CSE2610631,2026-08-01 10:30:00+00:00,Medium,1,2,5,2,5,2,4,3,4,5,4,4,4,5,2,2,0,2,0,2,1,3.0,4.142857142857143,1.2857142857142858,1.1428571428571432
CSE2610632,2026-08-01 10:31:00+00:00,Medium,2,4,4,3,3,1,5,4,4,5,5,4,4,4,2,0,1,2,1,3,0,3.142857142857143,4.285714285714286,1.2857142857142858,1.1428571428571428
CSE2610633,2026-08-01 10:32:00+00:00,Medium,3,3,3,2,5,4,4,5,5,4,4,4,4,4,2,2,1,2,0,0,0,3.4285714285714284,4.285714285714286,1.0,0.8571428571428572
CSE2610634,2026-08-01 10:33:00+00:00,High,2,2,3,3,1,3,4,5,4,4,4,5,4,4,3,2,1,1,4,1,0,2.5714285714285716,4.285714285714286,1.7142857142857142,1.714285714285714
CSE2610635,2026-08-01 10:34:00+00:00,Low,3,4,3,3,4,5,3,5,4,5,3,4,5,4,2,0,2,0,0,0,1,3.5714285714285716,4.285714285714286,0.7142857142857143,0.714285714285714
CSE2610636,2026-08-01 10:35:00+00:00,Low,4,3,3,4,4,4,3,4,4,3,4,3,4,5,0,1,0,0,0,0,2,3.5714285714285716,3.857142857142857,0.42857142857142855,0.2857142857142856
CSE2610637,2026-08-01 10:36:00+00:00,Medium,3,3,4,4,2,2,4,5,4,3,3,4,4,5,2,1,0,0,2,2,1,3.142857142857143,4.0,1.1428571428571428,0.8571428571428572
CSE2610638,2026-08-01 10:37:00+00:00,Medium,4,2,5,3,5,2,4,5,5,3,5,4,4,4,1,3,0,2,0,2,0,3.5714285714285716,4.285714285714286,1.1428571428571428,0.714285714285714
CSE2610639,2026-08-01 10:38:00+00:00,Low,3,4,3,5,3,3,3,4,4,3,4,3,4,4,1,0,0,0,0,1,1,3.4285714285714284,3.7142857142857144,0.42857142857142855,0.28571428571428603
CSE2610640,2026-08-01 10:39:00+00:00,Medium,4,3,2,3,3,3,2,4,4,4,5,4,4,4,0,1,2,2,1,1,2,2.857142857142857,4.142857142857143,1.2857142857142858,1.285714285714286
CSE2610641,2026-08-01 10:40:00+00:00,Medium,3,3,1,3,4,2,3,4,3,5,5,4,4,4,1,0,4,2,0,2,1,2.7142857142857144,4.142857142857143,1.4285714285714286,1.4285714285714288
CSE2610642,2026-08-01 10:41:00+00:00,Medium,4,4,5,3,2,3,4,4,3,4,4,4,5,5,0,0,0,1,2,2,1,3.5714285714285716,4.142857142857143,0.8571428571428571,0.5714285714285716
CSE2610643,2026-08-01 10:42:00+00:00,Medium,3,3,3,4,4,4,4,4,4,5,4,5,5,4,1,1,2,0,1,1,0,3.5714285714285716,4.428571428571429,0.8571428571428571,0.8571428571428572
CSE2610644,2026-08-01 10:43:00+00:00,Medium,3,4,3,3,3,2,2,4,4,3,4,4,4,3,1,0,0,1,1,2,1,2.857142857142857,3.7142857142857144,0.8571428571428571,0.8571428571428572
CSE2610645,2026-08-01 10:44:00+00:00,Medium,4,4,3,3,1,4,4,3,5,4,4,4,4,3,0,1,1,1,3,0,0,3.2857142857142856,3.857142857142857,0.8571428571428571,0.5714285714285716
CSE2610646,2026-08-01 10:45:00+00:00,Medium,5,4,5,2,1,4,2,5,3,5,4,4,4,5,0,0,0,2,3,0,3,3.2857142857142856,4.285714285714286,1.1428571428571428,1.0
CSE2610647,2026-08-01 10:46:00+00:00,Medium,4,3,2,3,3,4,2,4,4,3,4,3,4,5,0,1,1,1,0,0,3,3.0,3.857142857142857,0.8571428571428571,0.8571428571428572
CSE2610648,2026-08-01 10:47:00+00:00,Medium,3,4,3,3,4,4,3,3,4,5,5,4,5,5,0,0,2,2,0,1,2,3.4285714285714284,4.428571428571429,1.0,1.0000000000000004
CSE2610649,2026-08-01 10:48:00+00:00,Low,1,5,5,5,4,3,3,3,5,4,4,3,4,5,2,0,0,0,0,1,2,3.7142857142857144,4.0,0.7142857142857143,0.2857142857142856
CSE2610650,2026-08-01 10:49:00+00:00,Low,5,4,4,3,5,2,3,4,4,3,4,4,4,5,0,0,0,1,0,2,2,3.7142857142857144,4.0,0.7142857142857143,0.2857142857142856
CSE2610651,2026-08-01 10:50:00+00:00,High,2,4,1,2,3,4,3,3,5,4,5,5,5,4,1,1,3,3,2,1,1,2.7142857142857144,4.428571428571429,1.7142857142857142,1.7142857142857144
CSE2610652,2026-08-01 10:51:00+00:00,Medium,3,4,4,4,2,1,2,4,4,5,5,4,4,4,1,0,1,1,2,3,2,2.857142857142857,4.285714285714286,1.4285714285714286,1.4285714285714284
CSE2610653,2026-08-01 10:52:00+00:00,Medium,5,4,3,2,2,3,4,3,4,4,5,3,3,5,0,0,1,3,1,0,1,3.2857142857142856,3.857142857142857,0.8571428571428571,0.5714285714285716
CSE2610654,2026-08-01 10:53:00+00:00,Medium,5,5,3,2,5,4,2,4,5,5,4,4,4,4,0,0,2,2,0,0,2,3.7142857142857144,4.285714285714286,0.8571428571428571,0.5714285714285712
CSE2610655,2026-08-01 10:54:00+00:00,Low,4,4,5,4,4,2,4,4,4,5,4,5,4,5,0,0,0,0,1,2,1,3.857142857142857,4.428571428571429,0.5714285714285714,0.5714285714285716
CSE2610656,2026-08-01 10:55:00+00:00,High,5,1,2,3,2,2,3,4,5,4,3,4,4,4,0,4,2,0,2,2,1,2.5714285714285716,4.0,1.5714285714285714,1.4285714285714284
CSE2610657,2026-08-01 10:56:00+00:00,Medium,3,5,3,3,1,4,4,4,5,5,3,4,4,4,1,0,2,0,3,0,0,3.2857142857142856,4.142857142857143,0.8571428571428571,0.8571428571428577
CSE2610658,2026-08-01 10:57:00+00:00,High,1,2,4,5,4,2,4,5,5,4,5,4,5,5,4,3,0,0,0,3,1,3.142857142857143,4.714285714285714,1.5714285714285714,1.5714285714285716
CSE2610659,2026-08-01 10:58:00+00:00,Medium,2,5,3,5,4,4,3,4,3,5,4,4,4,5,2,0,2,0,0,0,2,3.7142857142857144,4.142857142857143,0.8571428571428571,0.4285714285714288
CSE2610660,2026-08-01 10:59:00+00:00,High,4,3,3,2,4,2,1,3,5,4,5,4,5,4,0,2,1,3,0,3,3,2.7142857142857144,4.285714285714286,1.7142857142857142,1.5714285714285712
CSE2610661,2026-08-01 11:00:00+00:00,High,3,5,3,2,1,2,3,4,5,4,3,5,4,5,1,0,1,1,4,2,2,2.7142857142857144,4.285714285714286,1.5714285714285714,1.5714285714285712
CSE2610662,2026-08-01 11:01:00+00:00,Medium,2,4,3,5,3,3,4,4,4,5,4,4,4,5,2,0,2,0,1,1,1,3.4285714285714284,4.285714285714286,1.0,0.8571428571428572
CSE2610663,2026-08-01 11:02:00+00:00,Medium,5,4,3,3,4,2,3,4,4,3,5,4,4,5,0,0,0,2,0,2,2,3.4285714285714284,4.142857142857143,0.8571428571428571,0.7142857142857149
CSE2610664,2026-08-01 11:03:00+00:00,Low,5,4,5,3,3,4,3,4,4,4,5,3,4,3,0,0,0,2,0,0,0,3.857142857142857,3.857142857142857,0.2857142857142857,0.0
CSE2610665,2026-08-01 11:04:00+00:00,High,2,3,4,2,3,3,3,5,4,5,4,5,4,4,3,1,1,2,2,1,1,2.857142857142857,4.428571428571429,1.5714285714285714,1.5714285714285716
CSE2610666,2026-08-01 11:05:00+00:00,Medium,4,2,4,3,4,3,2,4,4,3,5,5,4,5,0,2,0,2,1,1,3,3.142857142857143,4.285714285714286,1.2857142857142858,1.1428571428571428
CSE2610667,2026-08-01 11:06:00+00:00,Medium,3,3,3,4,5,4,2,4,4,5,5,4,4,5,1,1,2,1,0,0,3,3.4285714285714284,4.428571428571429,1.1428571428571428,1.0000000000000004
CSE2610668,2026-08-01 11:07:00+00:00,Medium,3,4,4,3,1,4,5,5,5,5,4,5,4,5,2,1,1,1,4,0,0,3.4285714285714284,4.714285714285714,1.2857142857142858,1.285714285714286
CSE2610669,2026-08-01 11:08:00+00:00,Medium,3,3,1,5,4,5,2,4,5,5,5,4,4,5,1,2,4,0,0,0,3,3.2857142857142856,4.571428571428571,1.4285714285714286,1.2857142857142856
CSE2610670,2026-08-01 11:09:00+00:00,High,4,3,3,3,2,2,1,5,5,5,5,4,4,5,1,2,2,2,2,2,4,2.5714285714285716,4.714285714285714,2.142857142857143,2.142857142857143
CSE2610671,2026-08-01 11:10:00+00:00,Medium,3,1,4,4,2,3,2,5,4,5,3,4,3,4,2,3,1,0,2,0,2,2.7142857142857144,4.0,1.4285714285714286,1.2857142857142856
CSE2610672,2026-08-01 11:11:00+00:00,Medium,4,1,5,3,5,3,4,3,5,4,4,4,3,5,0,4,0,1,0,0,1,3.5714285714285716,4.0,0.8571428571428571,0.4285714285714284
CSE2610673,2026-08-01 11:12:00+00:00,Medium,5,3,3,3,3,2,4,3,4,4,4,4,5,4,0,1,1,1,1,3,0,3.2857142857142856,4.0,1.0,0.7142857142857144
CSE2610674,2026-08-01 11:13:00+00:00,Medium,5,3,3,4,1,3,2,4,4,5,3,4,5,3,0,1,2,0,3,2,1,3.0,4.0,1.2857142857142858,1.0
CSE2610675,2026-08-01 11:14:00+00:00,Medium,3,5,1,3,2,5,2,5,4,3,3,3,4,4,2,0,2,0,1,0,2,3.0,3.7142857142857144,1.0,0.7142857142857144
CSE2610676,2026-08-01 11:15:00+00:00,Medium,2,3,3,2,5,3,4,4,4,4,4,3,4,5,2,1,1,2,0,1,1,3.142857142857143,4.0,1.1428571428571428,0.8571428571428572
CSE2610677,2026-08-01 11:16:00+00:00,Medium,3,2,3,3,4,4,3,5,4,5,4,4,3,5,2,2,2,1,0,0,2,3.142857142857143,4.285714285714286,1.2857142857142858,1.1428571428571428
CSE2610678,2026-08-01 11:17:00+00:00,Low,4,5,3,3,3,4,5,3,5,3,4,5,5,4,0,0,0,1,2,1,0,3.857142857142857,4.142857142857143,0.5714285714285714,0.28571428571428603
CSE2610679,2026-08-01 11:18:00+00:00,Medium,4,2,4,4,2,1,4,4,5,5,5,4,4,4,0,3,1,1,2,3,0,3.0,4.428571428571429,1.4285714285714286,1.4285714285714288
CSE2610680,2026-08-01 11:19:00+00:00,Medium,4,3,5,2,2,3,4,4,4,3,4,4,4,5,0,1,0,2,2,1,1,3.2857142857142856,4.0,1.0,0.7142857142857144
CSE2610681,2026-08-01 11:20:00+00:00,Medium,3,2,1,4,3,2,4,4,5,4,4,3,5,4,1,3,3,0,0,3,0,2.7142857142857144,4.142857142857143,1.4285714285714286,1.4285714285714288
CSE2610682,2026-08-01 11:21:00+00:00,Medium,3,3,3,4,3,5,2,4,4,4,5,5,5,5,1,1,1,1,2,0,3,3.2857142857142856,4.571428571428571,1.2857142857142858,1.2857142857142856
CSE2610683,2026-08-01 11:22:00+00:00,Medium,2,3,4,5,2,1,4,5,3,3,5,5,4,5,3,0,0,0,3,3,1,3.0,4.285714285714286,1.4285714285714286,1.2857142857142856
CSE2610684,2026-08-01 11:23:00+00:00,Medium,4,4,3,1,2,2,3,3,4,4,4,5,3,5,0,0,1,3,3,1,2,2.7142857142857144,4.0,1.4285714285714286,1.2857142857142856
CSE2610685,2026-08-01 11:24:00+00:00,High,1,3,3,3,4,2,3,4,4,5,4,3,4,5,3,1,2,1,0,2,2,2.7142857142857144,4.142857142857143,1.5714285714285714,1.4285714285714288
CSE2610686,2026-08-01 11:25:00+00:00,Medium,5,3,2,1,4,4,2,4,4,4,4,4,4,4,0,1,2,3,0,0,2,3.0,4.0,1.1428571428571428,1.0
CSE2610687,2026-08-01 11:26:00+00:00,Medium,4,4,3,1,4,3,4,4,5,4,5,5,5,4,0,1,1,4,1,2,0,3.2857142857142856,4.571428571428571,1.2857142857142858,1.2857142857142856
CSE2610688,2026-08-01 11:27:00+00:00,Low,5,4,4,3,3,4,5,4,5,3,3,3,5,3,0,1,0,0,0,1,0,4.0,3.7142857142857144,0.2857142857142857,-0.2857142857142856
CSE2610689,2026-08-01 11:28:00+00:00,Medium,4,3,5,3,2,3,3,4,5,3,4,5,4,3,0,2,0,1,3,1,0,3.2857142857142856,4.0,1.0,0.7142857142857144
CSE2610690,2026-08-01 11:29:00+00:00,High,2,3,1,2,3,2,4,5,4,5,3,5,4,5,3,1,4,1,2,2,1,2.4285714285714284,4.428571428571429,2.0,2.0000000000000004
CSE2610691,2026-08-01 11:30:00+00:00,High,2,2,3,3,1,2,4,4,4,4,5,5,4,4,2,2,1,2,4,2,0,2.4285714285714284,4.285714285714286,1.8571428571428572,1.8571428571428572
CSE2610692,2026-08-01 11:31:00+00:00,Medium,4,1,4,4,2,2,4,5,4,5,4,5,4,4,1,3,1,0,3,2,0,3.0,4.428571428571429,1.4285714285714286,1.4285714285714288
CSE2610693,2026-08-01 11:32:00+00:00,Low,4,3,4,5,3,4,2,4,4,4,4,3,3,5,0,1,0,0,0,0,3,3.5714285714285716,3.857142857142857,0.5714285714285714,0.2857142857142856
CSE2610694,2026-08-01 11:33:00+00:00,Medium,3,1,2,3,3,3,5,4,4,4,4,5,3,3,1,3,2,1,2,0,0,2.857142857142857,3.857142857142857,1.2857142857142858,1.0
CSE2610695,2026-08-01 11:34:00+00:00,Medium,4,4,1,3,3,3,3,4,4,5,3,5,4,4,0,0,4,0,2,1,1,3.0,4.142857142857143,1.1428571428571428,1.1428571428571432
CSE2610696,2026-08-01 11:35:00+00:00,Low,4,5,3,2,3,4,5,5,5,4,4,3,4,3,1,0,1,2,0,0,0,3.7142857142857144,4.0,0.5714285714285714,0.2857142857142856
CSE2610697,2026-08-01 11:36:00+00:00,Low,4,4,5,5,3,4,4,5,5,5,4,3,5,4,1,1,0,0,0,1,0,4.142857142857143,4.428571428571429,0.42857142857142855,0.2857142857142856
CSE2610698,2026-08-01 11:37:00+00:00,Medium,2,4,4,4,4,2,3,3,5,5,3,4,4,4,1,1,1,0,0,2,1,3.2857142857142856,4.0,0.8571428571428571,0.7142857142857144
CSE2610699,2026-08-01 11:38:00+00:00,Medium,3,3,5,4,2,3,3,5,4,4,4,5,4,5,2,1,0,0,3,1,2,3.2857142857142856,4.428571428571429,1.2857142857142858,1.1428571428571432
CSE2610700,2026-08-01 11:39:00+00:00,Medium,3,5,4,3,4,3,2,4,4,4,4,4,5,4,1,0,0,1,0,2,2,3.4285714285714284,4.142857142857143,0.8571428571428571,0.7142857142857149
CSE2610701,2026-08-01 11:40:00+00:00,Low,4,3,4,2,4,3,4,5,4,4,4,3,4,4,1,1,0,2,0,1,0,3.4285714285714284,4.0,0.7142857142857143,0.5714285714285716
CSE2610702,2026-08-01 11:41:00+00:00,Low,3,4,5,4,5,5,3,5,4,5,3,3,5,4,2,0,0,0,0,0,1,4.142857142857143,4.142857142857143,0.42857142857142855,0.0
CSE2610703,2026-08-01 11:42:00+00:00,High,1,3,4,2,5,1,3,5,5,4,3,4,4,5,4,2,0,1,0,3,2,2.7142857142857144,4.285714285714286,1.7142857142857142,1.5714285714285712
CSE2610704,2026-08-01 11:43:00+00:00,Low,3,4,3,4,4,5,4,4,4,4,5,5,5,4,1,0,1,1,1,0,0,3.857142857142857,4.428571428571429,0.5714285714285714,0.5714285714285716
CSE2610705,2026-08-01 11:44:00+00:00,Medium,2,4,3,4,3,1,5,4,4,4,4,5,4,4,2,0,1,0,2,3,0,3.142857142857143,4.142857142857143,1.1428571428571428,1.0000000000000004
CSE2610706,2026-08-01 11:45:00+00:00,Medium,2,5,3,4,1,4,4,5,4,4,4,4,5,5,3,0,1,0,3,1,1,3.2857142857142856,4.428571428571429,1.2857142857142858,1.1428571428571432
CSE2610707,2026-08-01 11:46:00+00:00,Medium,2,3,4,3,3,5,2,5,4,3,4,4,4,5,3,1,0,1,1,0,3,3.142857142857143,4.142857142857143,1.2857142857142858,1.0000000000000004
CSE2610708,2026-08-01 11:47:00+00:00,Medium,3,4,3,3,2,4,3,3,4,4,4,4,5,4,0,0,1,1,2,1,1,3.142857142857143,4.0,0.8571428571428571,0.8571428571428572
CSE2610709,2026-08-01 11:48:00+00:00,Medium,3,3,2,3,4,3,5,4,5,5,4,4,4,5,1,2,3,1,0,1,0,3.2857142857142856,4.428571428571429,1.1428571428571428,1.1428571428571432
CSE2610710,2026-08-01 11:49:00+00:00,Medium,4,3,1,2,4,5,3,5,5,4,3,4,4,5,1,2,3,1,0,0,2,3.142857142857143,4.285714285714286,1.2857142857142858,1.1428571428571428
CSE2610711,2026-08-01 11:50:00+00:00,High,3,2,3,2,3,4,3,5,4,5,5,4,4,4,2,2,2,3,1,0,1,2.857142857142857,4.428571428571429,1.5714285714285714,1.5714285714285716
CSE2610712,2026-08-01 11:51:00+00:00,Medium,4,3,5,3,3,4,1,4,4,3,5,4,5,4,0,1,0,2,1,1,3,3.2857142857142856,4.142857142857143,1.1428571428571428,0.8571428571428577
CSE2610713,2026-08-01 11:52:00+00:00,Medium,3,3,3,2,4,3,4,4,5,5,3,3,5,5,1,2,2,1,0,2,1,3.142857142857143,4.285714285714286,1.2857142857142858,1.1428571428571428
CSE2610714,2026-08-01 11:53:00+00:00,High,2,3,2,3,2,2,2,3,5,4,4,5,5,5,1,2,2,1,3,3,3,2.2857142857142856,4.428571428571429,2.142857142857143,2.1428571428571432
CSE2610715,2026-08-01 11:54:00+00:00,Low,3,4,3,5,3,3,4,4,5,4,4,3,4,4,1,1,1,0,0,1,0,3.5714285714285716,4.0,0.5714285714285714,0.4285714285714284
CSE2610716,2026-08-01 11:55:00+00:00,High,3,3,1,4,1,2,5,5,4,3,5,5,5,4,2,1,2,1,4,3,0,2.7142857142857144,4.428571428571429,1.8571428571428572,1.7142857142857144
CSE2610717,2026-08-01 11:56:00+00:00,Medium,3,2,4,3,2,3,3,3,4,5,5,4,5,4,0,2,1,2,2,2,1,2.857142857142857,4.285714285714286,1.4285714285714286,1.4285714285714284
CSE2610718,2026-08-01 11:57:00+00:00,Low,4,3,5,4,2,4,3,4,5,4,3,4,4,3,0,2,0,0,2,0,0,3.5714285714285716,3.857142857142857,0.5714285714285714,0.2857142857142856
CSE2610719,2026-08-01 11:58:00+00:00,Medium,3,2,5,2,4,4,2,5,4,5,4,5,5,4,2,2,0,2,1,1,2,3.142857142857143,4.571428571428571,1.4285714285714286,1.4285714285714284
CSE2610720,2026-08-01 11:59:00+00:00,Medium,3,3,1,4,3,3,4,5,5,4,4,4,4,4,2,2,3,0,1,1,0,3.0,4.285714285714286,1.2857142857142858,1.2857142857142856
CSE2610721,2026-08-01 12:00:00+00:00,Medium,2,4,4,4,4,1,3,4,4,3,4,4,5,3,2,0,0,0,0,4,0,3.142857142857143,3.857142857142857,0.8571428571428571,0.7142857142857144
CSE2610722,2026-08-01 12:01:00+00:00,High,3,1,3,3,3,3,2,4,4,5,5,3,4,4,1,3,2,2,0,1,2,2.5714285714285716,4.142857142857143,1.5714285714285714,1.5714285714285716
CSE2610723,2026-08-01 12:02:00+00:00,Medium,3,3,3,1,4,4,5,4,4,4,4,4,4,5,1,1,1,3,0,0,0,3.2857142857142856,4.142857142857143,0.8571428571428571,0.8571428571428577
CSE2610724,2026-08-01 12:03:00+00:00,Low,3,4,4,4,4,2,5,4,4,4,4,4,4,4,1,0,0,0,0,2,0,3.7142857142857144,4.0,0.42857142857142855,0.2857142857142856
CSE2610725,2026-08-01 12:04:00+00:00,Medium,3,2,3,5,4,3,3,4,4,5,4,4,4,3,1,2,2,0,0,1,0,3.2857142857142856,4.0,0.8571428571428571,0.7142857142857144
CSE2610726,2026-08-01 12:05:00+00:00,Medium,3,3,4,2,4,4,3,5,5,3,5,3,4,3,2,2,0,3,0,0,0,3.2857142857142856,4.0,1.0,0.7142857142857144
CSE2610727,2026-08-01 12:06:00+00:00,Medium,3,4,5,2,5,2,3,5,3,4,5,5,5,5,2,0,0,3,0,3,2,3.4285714285714284,4.571428571428571,1.4285714285714286,1.1428571428571428
CSE2610728,2026-08-01 12:07:00+00:00,Medium,3,4,3,4,4,4,1,4,3,5,4,3,4,4,1,0,2,0,0,0,3,3.2857142857142856,3.857142857142857,0.8571428571428571,0.5714285714285716
CSE2610729,2026-08-01 12:08:00+00:00,Low,4,4,3,3,4,3,3,4,4,3,4,5,5,3,0,0,0,1,1,2,0,3.4285714285714284,4.0,0.5714285714285714,0.5714285714285716
CSE2610730,2026-08-01 12:09:00+00:00,Low,4,1,3,3,4,4,3,3,4,4,3,4,3,4,0,3,1,0,0,0,1,3.142857142857143,3.5714285714285716,0.7142857142857143,0.4285714285714288
CSE2610731,2026-08-01 12:10:00+00:00,High,3,2,2,1,4,4,3,5,4,5,5,3,4,3,2,2,3,4,0,0,0,2.7142857142857144,4.142857142857143,1.5714285714285714,1.4285714285714288
CSE2610732,2026-08-01 12:11:00+00:00,Medium,4,3,5,4,3,2,3,5,4,4,4,4,3,5,1,1,0,0,1,1,2,3.4285714285714284,4.142857142857143,0.8571428571428571,0.7142857142857149
CSE2610733,2026-08-01 12:12:00+00:00,High,3,4,3,3,2,2,1,4,3,3,5,4,4,5,1,0,0,2,2,2,4,2.5714285714285716,4.0,1.5714285714285714,1.4285714285714284
CSE2610734,2026-08-01 12:13:00+00:00,Medium,4,2,2,3,3,2,4,4,4,4,3,4,4,4,0,2,2,0,1,2,0,2.857142857142857,3.857142857142857,1.0,1.0
CSE2610735,2026-08-01 12:14:00+00:00,Low,4,4,2,4,4,3,5,3,3,4,4,4,3,4,0,0,2,0,0,0,0,3.7142857142857144,3.5714285714285716,0.2857142857142857,-0.1428571428571428
CSE2610736,2026-08-01 12:15:00+00:00,Medium,4,2,2,5,5,2,3,4,4,4,4,4,4,4,0,2,2,0,0,2,1,3.2857142857142856,4.0,1.0,0.7142857142857144
CSE2610737,2026-08-01 12:16:00+00:00,Medium,3,3,3,3,4,3,1,3,5,4,3,5,3,4,0,2,1,0,1,0,3,2.857142857142857,3.857142857142857,1.0,1.0
CSE2610738,2026-08-01 12:17:00+00:00,Medium,5,4,1,2,3,4,2,3,4,4,4,5,4,3,0,0,3,2,2,0,1,3.0,3.857142857142857,1.1428571428571428,0.8571428571428572
CSE2610739,2026-08-01 12:18:00+00:00,Medium,3,3,4,2,3,3,2,4,4,5,5,4,4,4,1,1,1,3,1,1,2,2.857142857142857,4.285714285714286,1.4285714285714286,1.4285714285714284
CSE2610740,2026-08-01 12:19:00+00:00,Low,4,4,3,4,4,3,2,3,4,5,4,4,3,5,0,0,2,0,0,0,3,3.4285714285714284,4.0,0.7142857142857143,0.5714285714285716
CSE2610741,2026-08-01 12:20:00+00:00,High,4,4,2,1,4,1,3,5,5,4,4,4,4,5,1,1,2,3,0,3,2,2.7142857142857144,4.428571428571429,1.7142857142857142,1.7142857142857144
CSE2610742,2026-08-01 12:21:00+00:00,Low,4,2,4,4,4,4,3,5,4,4,5,4,3,4,1,2,0,1,0,0,1,3.5714285714285716,4.142857142857143,0.7142857142857143,0.5714285714285716
CSE2610743,2026-08-01 12:22:00+00:00,Medium,3,3,2,1,4,2,2,4,3,3,3,4,5,5,1,0,1,2,0,3,3,2.4285714285714284,3.857142857142857,1.4285714285714286,1.4285714285714288
CSE2610744,2026-08-01 12:23:00+00:00,High,4,1,3,2,1,3,3,5,4,3,4,5,4,4,1,3,0,2,4,1,1,2.4285714285714284,4.142857142857143,1.7142857142857142,1.7142857142857149
CSE2610745,2026-08-01 12:24:00+00:00,High,4,2,3,1,3,3,1,4,5,5,5,5,4,4,0,3,2,4,2,1,3,2.4285714285714284,4.571428571428571,2.142857142857143,2.142857142857143
CSE2610746,2026-08-01 12:25:00+00:00,Medium,4,3,2,4,1,4,5,3,5,5,5,4,5,5,0,2,3,1,3,1,0,3.2857142857142856,4.571428571428571,1.4285714285714286,1.2857142857142856
CSE2610747,2026-08-01 12:26:00+00:00,Low,2,3,4,4,1,4,4,4,3,4,4,3,4,4,2,0,0,0,2,0,0,3.142857142857143,3.7142857142857144,0.5714285714285714,0.5714285714285716
CSE2610748,2026-08-01 12:27:00+00:00,High,3,3,1,4,3,3,2,4,5,5,3,4,4,4,1,2,4,0,1,1,2,2.7142857142857144,4.142857142857143,1.5714285714285714,1.4285714285714288
CSE2610749,2026-08-01 12:28:00+00:00,Medium,2,4,3,3,3,4,2,3,3,5,3,4,4,5,1,0,2,0,1,0,3,3.0,3.857142857142857,1.0,0.8571428571428572
CSE2610750,2026-08-01 12:29:00+00:00,Medium,2,2,5,3,4,4,4,4,5,4,5,4,5,4,2,3,0,2,0,1,0,3.4285714285714284,4.428571428571429,1.1428571428571428,1.0000000000000004
CSE2610751,2026-08-01 12:30:00+00:00,Medium,3,3,3,2,4,4,5,5,5,4,4,4,3,4,2,2,1,2,0,0,0,3.4285714285714284,4.142857142857143,1.0,0.7142857142857149
CSE2610752,2026-08-01 12:31:00+00:00,Low,4,4,3,3,4,4,3,5,3,5,4,4,4,4,1,0,2,1,0,0,1,3.5714285714285716,4.142857142857143,0.7142857142857143,0.5714285714285716
CSE2610753,2026-08-01 12:32:00+00:00,Medium,3,2,3,3,3,3,4,4,3,5,5,3,5,4,1,1,2,2,0,2,0,3.0,4.142857142857143,1.1428571428571428,1.1428571428571432
CSE2610754,2026-08-01 12:33:00+00:00,Medium,3,3,2,3,3,2,5,4,3,3,4,5,4,4,1,0,1,1,2,2,0,3.0,3.857142857142857,1.0,0.8571428571428572
CSE2610755,2026-08-01 12:34:00+00:00,Medium,3,3,3,3,3,4,3,4,5,4,4,3,4,5,1,2,1,1,0,0,2,3.142857142857143,4.142857142857143,1.0,1.0000000000000004
CSE2610756,2026-08-01 12:35:00+00:00,Medium,2,3,3,5,2,4,3,4,5,5,4,5,3,4,2,2,2,0,3,0,1,3.142857142857143,4.285714285714286,1.4285714285714286,1.1428571428571428
CSE2610757,2026-08-01 12:36:00+00:00,Medium,3,3,4,4,2,4,4,5,4,3,4,5,5,4,2,1,0,0,3,1,0,3.4285714285714284,4.285714285714286,1.0,0.8571428571428572
CSE2610758,2026-08-01 12:37:00+00:00,Low,2,5,2,3,5,5,3,3,4,4,5,3,4,3,1,0,2,2,0,0,0,3.5714285714285716,3.7142857142857144,0.7142857142857143,0.1428571428571428
CSE2610759,2026-08-01 12:38:00+00:00,Medium,4,3,4,1,4,4,1,5,4,3,4,4,5,4,1,1,0,3,0,1,3,3.0,4.142857142857143,1.2857142857142858,1.1428571428571432
CSE2610760,2026-08-01 12:39:00+00:00,Low,5,4,2,4,4,5,2,5,4,4,3,4,5,4,0,0,2,0,0,0,2,3.7142857142857144,4.142857142857143,0.5714285714285714,0.4285714285714288
CSE2610761,2026-08-01 12:40:00+00:00,Medium,2,4,4,3,2,2,3,4,3,3,3,5,4,4,2,0,0,0,3,2,1,2.857142857142857,3.7142857142857144,1.1428571428571428,0.8571428571428572
CSE2610762,2026-08-01 12:41:00+00:00,Medium,2,3,2,2,4,3,4,4,4,3,5,4,3,4,2,1,1,3,0,0,0,2.857142857142857,3.857142857142857,1.0,1.0
CSE2610763,2026-08-01 12:42:00+00:00,Medium,4,3,4,2,3,2,3,5,3,4,3,4,3,5,1,0,0,1,1,1,2,3.0,3.857142857142857,0.8571428571428571,0.8571428571428572
CSE2610764,2026-08-01 12:43:00+00:00,Medium,1,2,3,4,4,5,5,4,5,4,4,4,4,4,3,3,1,0,0,0,0,3.4285714285714284,4.142857142857143,1.0,0.7142857142857149
CSE2610765,2026-08-01 12:44:00+00:00,Medium,3,3,4,2,4,5,3,5,4,4,4,4,5,4,2,1,0,2,0,0,1,3.4285714285714284,4.285714285714286,0.8571428571428571,0.8571428571428572
CSE2610766,2026-08-01 12:45:00+00:00,Medium,2,2,2,3,4,4,4,4,5,4,5,5,4,4,2,3,2,2,1,0,0,3.0,4.428571428571429,1.4285714285714286,1.4285714285714288
CSE2610767,2026-08-01 12:46:00+00:00,Medium,2,2,4,3,5,4,4,5,4,4,4,5,4,4,3,2,0,1,0,0,0,3.4285714285714284,4.285714285714286,0.8571428571428571,0.8571428571428572
CSE2610768,2026-08-01 12:47:00+00:00,High,4,1,2,2,3,2,3,4,4,4,5,4,4,4,0,3,2,3,1,2,1,2.4285714285714284,4.142857142857143,1.7142857142857142,1.7142857142857149
CSE2610769,2026-08-01 12:48:00+00:00,Medium,2,2,5,3,3,3,5,3,4,5,4,5,3,4,1,2,0,1,2,0,0,3.2857142857142856,4.0,0.8571428571428571,0.7142857142857144
CSE2610770,2026-08-01 12:49:00+00:00,Low,2,5,5,5,4,4,3,3,4,5,5,3,5,5,1,0,0,0,0,1,2,4.0,4.285714285714286,0.5714285714285714,0.2857142857142856
CSE2610771,2026-08-01 12:50:00+00:00,Medium,5,4,1,5,4,4,4,3,3,4,4,5,5,5,0,0,3,0,1,1,1,3.857142857142857,4.142857142857143,0.8571428571428571,0.28571428571428603
CSE2610772,2026-08-01 12:51:00+00:00,Medium,4,2,4,4,2,1,3,4,4,3,4,3,4,5,0,2,0,0,1,3,2,2.857142857142857,3.857142857142857,1.1428571428571428,1.0
CSE2610773,2026-08-01 12:52:00+00:00,Medium,3,3,4,3,5,1,2,4,4,4,5,5,4,3,1,1,0,2,0,3,1,3.0,4.142857142857143,1.1428571428571428,1.1428571428571432
CSE2610774,2026-08-01 12:53:00+00:00,Low,4,4,4,4,5,3,2,3,5,3,3,4,4,3,0,1,0,0,0,1,1,3.7142857142857144,3.5714285714285716,0.42857142857142855,-0.1428571428571428
CSE2610775,2026-08-01 12:54:00+00:00,Medium,3,4,3,3,3,2,3,4,4,4,4,4,3,5,1,0,1,1,1,1,2,3.0,4.0,1.0,1.0
CSE2610776,2026-08-01 12:55:00+00:00,Medium,3,3,3,3,5,3,1,5,4,4,4,4,4,4,2,1,1,1,0,1,3,3.0,4.142857142857143,1.2857142857142858,1.1428571428571432
CSE2610777,2026-08-01 12:56:00+00:00,Medium,2,4,2,2,3,3,3,3,3,4,3,3,4,5,1,0,2,1,0,1,2,2.7142857142857144,3.5714285714285716,1.0,0.8571428571428572
CSE2610778,2026-08-01 12:57:00+00:00,Low,5,3,3,3,3,3,4,5,3,4,4,4,4,4,0,0,1,1,1,1,0,3.4285714285714284,4.0,0.5714285714285714,0.5714285714285716
CSE2610779,2026-08-01 12:58:00+00:00,High,2,2,3,2,4,4,3,5,5,5,5,3,3,4,3,3,2,3,0,0,1,2.857142857142857,4.285714285714286,1.7142857142857142,1.4285714285714284
CSE2610780,2026-08-01 12:59:00+00:00,High,2,3,3,1,4,4,3,4,5,3,5,5,5,5,2,2,0,4,1,1,2,2.857142857142857,4.571428571428571,1.7142857142857142,1.714285714285714
CSE2610781,2026-08-01 13:00:00+00:00,High,4,1,4,3,1,3,2,5,4,4,4,5,3,4,1,3,0,1,4,0,2,2.5714285714285716,4.142857142857143,1.5714285714285714,1.5714285714285716
CSE2610782,2026-08-01 13:01:00+00:00,Medium,2,3,2,3,5,4,1,4,4,4,3,4,3,5,2,1,2,0,0,0,4,2.857142857142857,3.857142857142857,1.2857142857142858,1.0
CSE2610783,2026-08-01 13:02:00+00:00,High,3,4,3,2,1,3,2,3,4,5,4,4,4,5,0,0,2,2,3,1,3,2.5714285714285716,4.142857142857143,1.5714285714285714,1.5714285714285716
CSE2610784,2026-08-01 13:03:00+00:00,Low,3,4,4,1,4,3,3,3,4,4,4,4,4,4,0,0,0,3,0,1,1,3.142857142857143,3.857142857142857,0.7142857142857143,0.7142857142857144
CSE2610785,2026-08-01 13:04:00+00:00,High,3,3,1,4,4,1,2,4,4,5,5,4,4,4,1,1,4,1,0,3,2,2.5714285714285716,4.285714285714286,1.7142857142857142,1.714285714285714
CSE2610786,2026-08-01 13:05:00+00:00,Medium,1,5,3,5,2,4,2,4,4,4,5,4,4,4,3,0,1,0,2,0,2,3.142857142857143,4.142857142857143,1.1428571428571428,1.0000000000000004
CSE2610787,2026-08-01 13:06:00+00:00,Medium,4,3,3,2,4,3,3,5,5,4,5,5,3,5,1,2,1,3,1,0,2,3.142857142857143,4.571428571428571,1.4285714285714286,1.4285714285714284
CSE2610788,2026-08-01 13:07:00+00:00,Medium,3,3,4,4,1,3,5,4,4,4,4,3,5,5,1,1,0,0,2,2,0,3.2857142857142856,4.142857142857143,0.8571428571428571,0.8571428571428577
CSE2610789,2026-08-01 13:08:00+00:00,Medium,3,2,4,4,4,4,3,5,5,5,4,5,5,4,2,3,1,0,1,1,1,3.4285714285714284,4.714285714285714,1.2857142857142858,1.285714285714286
CSE2610790,2026-08-01 13:09:00+00:00,Medium,4,3,2,2,4,4,2,4,4,3,4,4,4,4,0,1,1,2,0,0,2,3.0,3.857142857142857,0.8571428571428571,0.8571428571428572
CSE2610791,2026-08-01 13:10:00+00:00,Medium,4,3,1,1,3,2,4,5,4,5,3,3,4,4,1,1,4,2,0,2,0,2.5714285714285716,4.0,1.4285714285714286,1.4285714285714284
CSE2610792,2026-08-01 13:11:00+00:00,Low,3,3,4,3,4,4,4,4,4,4,4,4,3,4,1,1,0,1,0,0,0,3.5714285714285716,3.857142857142857,0.42857142857142855,0.2857142857142856
CSE2610793,2026-08-01 13:12:00+00:00,Medium,5,2,1,5,2,3,4,5,4,3,4,5,4,5,0,2,2,0,3,1,1,3.142857142857143,4.285714285714286,1.2857142857142858,1.1428571428571428
CSE2610794,2026-08-01 13:13:00+00:00,Medium,1,4,2,4,5,4,1,4,4,4,3,4,3,5,3,0,2,0,0,0,4,3.0,3.857142857142857,1.2857142857142858,0.8571428571428572
CSE2610795,2026-08-01 13:14:00+00:00,High,3,2,2,2,4,3,3,4,5,4,5,5,4,5,1,3,2,3,1,1,2,2.7142857142857144,4.571428571428571,1.8571428571428572,1.8571428571428568
CSE2610796,2026-08-01 13:15:00+00:00,Low,4,3,4,5,2,3,5,4,5,3,5,3,3,5,0,2,0,0,1,0,0,3.7142857142857144,4.0,0.42857142857142855,0.2857142857142856
CSE2610797,2026-08-01 13:16:00+00:00,Medium,3,1,4,2,4,4,4,4,3,4,4,4,5,4,1,2,0,2,0,1,0,3.142857142857143,4.0,0.8571428571428571,0.8571428571428572
CSE2610798,2026-08-01 13:17:00+00:00,Medium,1,2,4,4,4,2,5,4,4,5,4,5,4,3,3,2,1,0,1,2,0,3.142857142857143,4.142857142857143,1.2857142857142858,1.0000000000000004
CSE2610799,2026-08-01 13:18:00+00:00,Medium,2,3,3,4,4,4,3,5,4,3,4,5,5,4,3,1,0,0,1,1,1,3.2857142857142856,4.285714285714286,1.0,1.0
CSE2610800,2026-08-01 13:19:00+00:00,Medium,2,2,3,4,4,3,3,4,4,3,4,4,4,4,2,2,0,0,0,1,1,3.0,3.857142857142857,0.8571428571428571,0.8571428571428572
CSE2610801,2026-08-01 13:20:00+00:00,Medium,3,3,3,4,3,2,3,4,4,5,5,4,3,4,1,1,2,1,1,1,1,3.0,4.142857142857143,1.1428571428571428,1.1428571428571432
CSE2610802,2026-08-01 13:21:00+00:00,Medium,3,4,3,3,4,4,2,4,4,5,3,4,3,5,1,0,2,0,0,0,3,3.2857142857142856,4.0,0.8571428571428571,0.7142857142857144
CSE2610803,2026-08-01 13:22:00+00:00,Medium,2,4,4,2,2,4,3,4,3,5,4,4,5,4,2,0,1,2,2,1,1,3.0,4.142857142857143,1.2857142857142858,1.1428571428571432
CSE2610804,2026-08-01 13:23:00+00:00,Medium,3,4,2,3,3,3,5,4,4,5,4,3,5,5,1,0,3,1,0,2,0,3.2857142857142856,4.285714285714286,1.0,1.0
CSE2610805,2026-08-01 13:24:00+00:00,Medium,5,3,3,3,3,3,1,3,4,5,4,3,4,5,0,1,2,1,0,1,4,3.0,4.0,1.2857142857142858,1.0
CSE2610806,2026-08-01 13:25:00+00:00,High,2,4,4,2,2,2,4,5,5,4,4,5,4,5,3,1,0,2,3,2,1,2.857142857142857,4.571428571428571,1.7142857142857142,1.714285714285714
CSE2610807,2026-08-01 13:26:00+00:00,High,5,3,2,3,1,3,2,3,4,4,5,5,4,5,0,1,2,2,4,1,3,2.7142857142857144,4.285714285714286,1.8571428571428572,1.5714285714285712
CSE2610808,2026-08-01 13:27:00+00:00,Medium,3,3,2,4,3,3,3,4,4,4,3,4,4,5,1,1,2,0,1,1,2,3.0,4.0,1.1428571428571428,1.0
CSE2610809,2026-08-01 13:28:00+00:00,Low,2,5,3,4,3,5,4,4,5,4,5,3,4,4,2,0,1,1,0,0,0,3.7142857142857144,4.142857142857143,0.5714285714285714,0.4285714285714288
CSE2610810,2026-08-01 13:29:00+00:00,High,1,3,3,4,3,1,4,4,4,4,5,4,5,4,3,1,1,1,1,4,0,2.7142857142857144,4.285714285714286,1.5714285714285714,1.5714285714285712
CSE2610811,2026-08-01 13:30:00+00:00,Medium,3,4,3,2,2,4,4,4,4,4,4,5,4,3,1,0,1,2,3,0,0,3.142857142857143,4.0,1.0,0.8571428571428572
CSE2610812,2026-08-01 13:31:00+00:00,High,3,3,3,3,3,3,3,5,5,4,5,4,5,5,2,2,1,2,1,2,2,3.0,4.714285714285714,1.7142857142857142,1.7142857142857144
CSE2610813,2026-08-01 13:32:00+00:00,Medium,4,4,3,3,3,3,1,5,3,5,4,4,4,5,1,0,2,1,1,1,4,3.0,4.285714285714286,1.4285714285714286,1.2857142857142856
CSE2610814,2026-08-01 13:33:00+00:00,Medium,1,3,3,4,2,4,3,4,4,3,4,5,3,4,3,1,0,0,3,0,1,2.857142857142857,3.857142857142857,1.1428571428571428,1.0
CSE2610815,2026-08-01 13:34:00+00:00,Medium,2,1,4,4,5,3,3,4,5,4,5,4,4,4,2,4,0,1,0,1,1,3.142857142857143,4.285714285714286,1.2857142857142858,1.1428571428571428
CSE2610816,2026-08-01 13:35:00+00:00,Low,3,5,4,2,4,2,4,3,5,5,4,3,4,4,0,0,1,2,0,2,0,3.4285714285714284,4.0,0.7142857142857143,0.5714285714285716
CSE2610817,2026-08-01 13:36:00+00:00,Medium,3,2,3,3,4,3,2,4,4,4,3,4,5,4,1,2,1,0,0,2,2,2.857142857142857,4.0,1.1428571428571428,1.1428571428571428
CSE2610818,2026-08-01 13:37:00+00:00,Low,5,5,4,4,3,3,4,5,5,4,4,4,5,5,0,0,0,0,1,2,1,4.0,4.571428571428571,0.5714285714285714,0.5714285714285712
CSE2610819,2026-08-01 13:38:00+00:00,Medium,3,3,4,3,4,3,4,5,4,5,4,5,5,3,2,1,1,1,1,2,0,3.4285714285714284,4.428571428571429,1.1428571428571428,1.0000000000000004
CSE2610820,2026-08-01 13:39:00+00:00,Medium,2,3,3,3,3,4,4,4,3,4,5,4,4,4,2,0,1,2,1,0,0,3.142857142857143,4.0,0.8571428571428571,0.8571428571428572
CSE2610821,2026-08-01 13:40:00+00:00,High,1,3,2,1,2,2,3,5,4,4,4,3,4,3,4,1,2,3,1,2,0,2.0,3.857142857142857,1.8571428571428572,1.8571428571428572
CSE2610822,2026-08-01 13:41:00+00:00,Low,4,3,3,4,3,4,3,4,4,5,5,3,4,4,0,1,2,1,0,0,1,3.4285714285714284,4.142857142857143,0.7142857142857143,0.7142857142857149
CSE2610823,2026-08-01 13:42:00+00:00,Medium,4,4,2,1,5,3,3,4,4,5,5,4,5,3,0,0,3,4,0,2,0,3.142857142857143,4.285714285714286,1.2857142857142858,1.1428571428571428
CSE2610824,2026-08-01 13:43:00+00:00,Medium,1,4,3,4,3,4,4,4,4,3,4,5,5,3,3,0,0,0,2,1,0,3.2857142857142856,4.0,0.8571428571428571,0.7142857142857144
CSE2610825,2026-08-01 13:44:00+00:00,Low,2,5,3,4,3,5,4,4,4,5,3,4,5,4,2,0,2,0,1,0,0,3.7142857142857144,4.142857142857143,0.7142857142857143,0.4285714285714288
CSE2610826,2026-08-01 13:45:00+00:00,Medium,4,3,5,4,5,2,1,3,5,5,4,4,4,5,0,2,0,0,0,2,4,3.4285714285714284,4.285714285714286,1.1428571428571428,0.8571428571428572
CSE2610827,2026-08-01 13:46:00+00:00,Medium,3,4,4,4,2,2,3,5,3,5,3,4,4,5,2,0,1,0,2,2,2,3.142857142857143,4.142857142857143,1.2857142857142858,1.0000000000000004
CSE2610828,2026-08-01 13:47:00+00:00,High,3,2,1,3,2,5,4,5,4,5,3,5,4,4,2,2,4,0,3,0,0,2.857142857142857,4.285714285714286,1.5714285714285714,1.4285714285714284
CSE2610829,2026-08-01 13:48:00+00:00,Medium,1,3,3,4,3,2,4,5,4,4,3,3,5,4,4,1,1,0,0,3,0,2.857142857142857,4.0,1.2857142857142858,1.1428571428571428
CSE2610830,2026-08-01 13:49:00+00:00,Medium,3,2,3,3,3,4,2,4,5,4,4,4,5,4,1,3,1,1,1,1,2,2.857142857142857,4.285714285714286,1.4285714285714286,1.4285714285714284
CSE2610831,2026-08-01 13:50:00+00:00,Medium,4,1,3,4,2,4,4,4,4,5,4,3,4,5,0,3,2,0,1,0,1,3.142857142857143,4.142857142857143,1.0,1.0000000000000004
CSE2610832,2026-08-01 13:51:00+00:00,Medium,2,3,4,3,3,4,4,4,4,3,4,5,5,5,2,1,0,1,2,1,1,3.2857142857142856,4.285714285714286,1.1428571428571428,1.0
CSE2610833,2026-08-01 13:52:00+00:00,High,1,4,2,2,4,3,1,4,4,4,4,3,5,4,3,0,2,2,0,2,3,2.4285714285714284,4.0,1.7142857142857142,1.5714285714285716
CSE2610834,2026-08-01 13:53:00+00:00,Low,4,4,3,3,2,5,2,4,4,4,4,3,4,4,0,0,1,1,1,0,2,3.2857142857142856,3.857142857142857,0.7142857142857143,0.5714285714285716
CSE2610835,2026-08-01 13:54:00+00:00,Medium,4,5,3,1,3,4,4,5,4,4,5,3,4,4,1,0,1,4,0,0,0,3.4285714285714284,4.142857142857143,0.8571428571428571,0.7142857142857149
CSE2610836,2026-08-01 13:55:00+00:00,Medium,3,4,1,4,3,4,3,4,4,4,4,4,4,4,1,0,3,0,1,0,1,3.142857142857143,4.0,0.8571428571428571,0.8571428571428572
CSE2610837,2026-08-01 13:56:00+00:00,Medium,3,3,3,2,4,4,3,4,5,4,4,4,5,4,1,2,1,2,0,1,1,3.142857142857143,4.285714285714286,1.1428571428571428,1.1428571428571428
CSE2610838,2026-08-01 13:57:00+00:00,High,3,3,5,2,2,1,3,4,5,5,4,5,4,5,1,2,0,2,3,3,2,2.7142857142857144,4.571428571428571,1.8571428571428572,1.8571428571428568
CSE2610839,2026-08-01 13:58:00+00:00,Low,3,4,5,3,4,3,3,4,4,4,3,4,5,5,1,0,0,0,0,2,2,3.5714285714285716,4.142857142857143,0.7142857142857143,0.5714285714285716
CSE2610840,2026-08-01 13:59:00+00:00,Medium,3,5,1,4,2,4,3,4,5,3,4,4,4,4,1,0,2,0,2,0,1,3.142857142857143,4.0,0.8571428571428571,0.8571428571428572
CSE2610841,2026-08-01 14:00:00+00:00,Medium,3,1,4,2,5,3,1,4,4,4,3,3,4,3,1,3,0,1,0,1,2,2.7142857142857144,3.5714285714285716,1.1428571428571428,0.8571428571428572
CSE2610842,2026-08-01 14:01:00+00:00,Low,5,2,3,3,4,5,3,4,5,4,3,3,4,3,0,3,1,0,0,0,0,3.5714285714285716,3.7142857142857144,0.5714285714285714,0.1428571428571428
CSE2610843,2026-08-01 14:02:00+00:00,Medium,4,4,4,1,5,4,1,4,4,5,4,5,4,4,0,0,1,3,0,0,3,3.2857142857142856,4.285714285714286,1.0,1.0
CSE2610844,2026-08-01 14:03:00+00:00,Medium,3,3,4,3,1,4,4,4,4,5,4,5,4,5,1,1,1,1,4,0,1,3.142857142857143,4.428571428571429,1.2857142857142858,1.285714285714286
CSE2610845,2026-08-01 14:04:00+00:00,Medium,4,3,2,4,3,3,2,4,4,4,3,4,5,4,0,1,2,0,1,2,2,3.0,4.0,1.1428571428571428,1.0
CSE2610846,2026-08-01 14:05:00+00:00,Low,3,5,4,4,4,4,3,4,5,5,3,4,4,5,1,0,1,0,0,0,2,3.857142857142857,4.285714285714286,0.5714285714285714,0.4285714285714284
CSE2610847,2026-08-01 14:06:00+00:00,Medium,4,3,1,4,3,3,4,4,5,4,3,5,4,3,0,2,3,0,2,1,0,3.142857142857143,4.0,1.1428571428571428,0.8571428571428572
CSE2610848,2026-08-01 14:07:00+00:00,Medium,2,4,1,4,5,4,3,4,3,5,4,4,4,3,2,0,4,0,0,0,0,3.2857142857142856,3.857142857142857,0.8571428571428571,0.5714285714285716
CSE2610849,2026-08-01 14:08:00+00:00,Medium,3,1,2,4,4,4,3,4,5,5,4,4,4,3,1,4,3,0,0,0,0,3.0,4.142857142857143,1.1428571428571428,1.1428571428571432
CSE2610850,2026-08-01 14:09:00+00:00,Medium,3,4,1,2,4,4,4,3,5,5,4,5,4,4,0,1,4,2,1,0,0,3.142857142857143,4.285714285714286,1.1428571428571428,1.1428571428571428
CSE2610851,2026-08-01 14:10:00+00:00,Low,5,5,4,5,1,3,4,4,5,4,4,3,4,4,0,0,0,0,2,1,0,3.857142857142857,4.0,0.42857142857142855,0.1428571428571428
CSE2610852,2026-08-01 14:11:00+00:00,Medium,4,3,3,3,4,2,3,4,4,4,4,4,4,4,0,1,1,1,0,2,1,3.142857142857143,4.0,0.8571428571428571,0.8571428571428572
CSE2610853,2026-08-01 14:12:00+00:00,Medium,3,3,2,3,3,3,4,4,5,3,4,5,4,4,1,2,1,1,2,1,0,3.0,4.142857142857143,1.1428571428571428,1.1428571428571432
CSE2610854,2026-08-01 14:13:00+00:00,Medium,4,3,3,3,3,2,5,5,3,4,3,5,5,4,1,0,1,0,2,3,0,3.2857142857142856,4.142857142857143,1.0,0.8571428571428577
CSE2610855,2026-08-01 14:14:00+00:00,Medium,3,3,2,3,3,5,4,5,5,5,4,4,4,4,2,2,3,1,1,0,0,3.2857142857142856,4.428571428571429,1.2857142857142858,1.1428571428571432
CSE2610856,2026-08-01 14:15:00+00:00,Medium,4,3,2,3,4,3,3,3,4,4,5,4,5,5,0,1,2,2,0,2,2,3.142857142857143,4.285714285714286,1.2857142857142858,1.1428571428571428
CSE2610857,2026-08-01 14:16:00+00:00,High,4,1,3,5,2,2,1,3,4,4,3,4,4,5,0,3,1,0,2,2,4,2.5714285714285716,3.857142857142857,1.7142857142857142,1.2857142857142856
CSE2610858,2026-08-01 14:17:00+00:00,Low,4,4,3,4,4,5,4,5,4,4,4,4,4,4,1,0,1,0,0,0,0,4.0,4.142857142857143,0.2857142857142857,0.14285714285714324
CSE2610859,2026-08-01 14:18:00+00:00,Medium,4,4,2,3,3,3,4,4,4,5,4,4,5,4,0,0,3,1,1,2,0,3.2857142857142856,4.285714285714286,1.0,1.0
CSE2610860,2026-08-01 14:19:00+00:00,Medium,4,4,3,4,3,2,3,4,4,5,4,5,4,5,0,0,2,0,2,2,2,3.2857142857142856,4.428571428571429,1.1428571428571428,1.1428571428571432
CSE2610861,2026-08-01 14:20:00+00:00,Medium,4,3,3,4,2,3,4,4,4,5,3,4,4,4,0,1,2,0,2,1,0,3.2857142857142856,4.0,0.8571428571428571,0.7142857142857144
CSE2610862,2026-08-01 14:21:00+00:00,Low,4,4,3,3,3,4,4,3,4,5,4,4,3,4,0,0,2,1,1,0,0,3.5714285714285716,3.857142857142857,0.5714285714285714,0.2857142857142856
CSE2610863,2026-08-01 14:22:00+00:00,Medium,4,3,5,2,2,4,1,4,5,3,4,3,5,5,0,2,0,2,1,1,4,3.0,4.142857142857143,1.4285714285714286,1.1428571428571432
CSE2610864,2026-08-01 14:23:00+00:00,Medium,3,1,5,3,3,4,3,5,4,4,4,5,3,4,2,3,0,1,2,0,1,3.142857142857143,4.142857142857143,1.2857142857142858,1.0000000000000004
CSE2610865,2026-08-01 14:24:00+00:00,Low,5,4,5,3,4,2,4,5,5,4,4,4,4,5,0,1,0,1,0,2,1,3.857142857142857,4.428571428571429,0.7142857142857143,0.5714285714285716
CSE2610866,2026-08-01 14:25:00+00:00,Medium,3,4,4,1,2,3,3,3,4,3,5,5,4,4,0,0,0,4,3,1,1,2.857142857142857,4.0,1.2857142857142858,1.1428571428571428
CSE2610867,2026-08-01 14:26:00+00:00,Medium,4,2,2,3,3,3,3,4,4,4,4,4,4,3,0,2,2,1,1,1,0,2.857142857142857,3.857142857142857,1.0,1.0
CSE2610868,2026-08-01 14:27:00+00:00,High,3,2,3,2,4,1,3,4,4,4,5,4,4,4,1,2,1,3,0,3,1,2.5714285714285716,4.142857142857143,1.5714285714285714,1.5714285714285716
CSE2610869,2026-08-01 14:28:00+00:00,Medium,3,3,3,1,5,4,4,4,4,4,4,4,4,5,1,1,1,3,0,0,1,3.2857142857142856,4.142857142857143,1.0,0.8571428571428577
CSE2610870,2026-08-01 14:29:00+00:00,High,3,1,1,4,4,1,2,5,4,4,5,5,4,4,2,3,3,1,1,3,2,2.2857142857142856,4.428571428571429,2.142857142857143,2.1428571428571432
CSE2610871,2026-08-01 14:30:00+00:00,Medium,4,3,2,3,3,3,3,5,3,5,4,4,3,4,1,0,3,1,1,0,1,3.0,4.0,1.0,1.0
CSE2610872,2026-08-01 14:31:00+00:00,High,4,5,1,3,4,2,1,4,4,4,5,4,5,5,0,0,3,2,0,3,4,2.857142857142857,4.428571428571429,1.7142857142857142,1.5714285714285716
CSE2610873,2026-08-01 14:32:00+00:00,Medium,3,4,3,4,4,3,4,4,5,5,5,4,4,4,1,1,2,1,0,1,0,3.5714285714285716,4.428571428571429,0.8571428571428571,0.8571428571428572
CSE2610874,2026-08-01 14:33:00+00:00,Medium,4,3,5,4,4,4,1,5,4,4,4,5,5,4,1,1,0,0,1,1,3,3.5714285714285716,4.428571428571429,1.0,0.8571428571428572
CSE2610875,2026-08-01 14:34:00+00:00,Medium,4,3,2,4,2,4,3,5,3,4,5,4,4,4,1,0,2,1,2,0,1,3.142857142857143,4.142857142857143,1.0,1.0000000000000004
CSE2610876,2026-08-01 14:35:00+00:00,Medium,3,3,4,3,4,2,2,3,5,3,4,4,5,3,0,2,0,1,0,3,1,3.0,3.857142857142857,1.0,0.8571428571428572
CSE2610877,2026-08-01 14:36:00+00:00,Low,4,4,4,4,3,3,1,4,4,5,3,4,3,3,0,0,1,0,1,0,2,3.2857142857142856,3.7142857142857144,0.5714285714285714,0.4285714285714288
CSE2610878,2026-08-01 14:37:00+00:00,Medium,5,4,3,2,5,3,1,4,5,3,5,4,3,3,0,1,0,3,0,0,2,3.2857142857142856,3.857142857142857,0.8571428571428571,0.5714285714285716
CSE2610879,2026-08-01 14:38:00+00:00,Medium,3,5,5,4,1,2,4,4,4,5,5,5,4,4,1,0,0,1,4,2,0,3.4285714285714284,4.428571428571429,1.1428571428571428,1.0000000000000004
CSE2610880,2026-08-01 14:39:00+00:00,Medium,3,2,3,3,5,1,2,5,4,4,3,4,5,3,2,2,1,0,0,4,1,2.7142857142857144,4.0,1.4285714285714286,1.2857142857142856
CSE2610881,2026-08-01 14:40:00+00:00,Low,5,3,5,2,4,3,4,4,4,5,5,4,3,4,0,1,0,3,0,0,0,3.7142857142857144,4.142857142857143,0.5714285714285714,0.4285714285714288
CSE2610882,2026-08-01 14:41:00+00:00,Low,5,3,5,5,3,4,3,5,4,4,4,4,4,5,0,1,0,0,1,0,2,4.0,4.285714285714286,0.5714285714285714,0.2857142857142856
CSE2610883,2026-08-01 14:42:00+00:00,Medium,4,1,4,4,4,3,4,4,5,3,4,5,4,5,0,4,0,0,1,1,1,3.4285714285714284,4.285714285714286,1.0,0.8571428571428572
CSE2610884,2026-08-01 14:43:00+00:00,Medium,3,2,3,2,4,1,4,3,4,4,4,5,4,5,0,2,1,2,1,3,1,2.7142857142857144,4.142857142857143,1.4285714285714286,1.4285714285714288
CSE2610885,2026-08-01 14:44:00+00:00,Medium,3,1,4,4,2,5,3,4,4,4,5,3,3,3,1,3,0,1,1,0,0,3.142857142857143,3.7142857142857144,0.8571428571428571,0.5714285714285716
CSE2610886,2026-08-01 14:45:00+00:00,Medium,2,2,3,4,3,3,3,5,5,4,5,3,3,4,3,3,1,1,0,0,1,2.857142857142857,4.142857142857143,1.2857142857142858,1.285714285714286
CSE2610887,2026-08-01 14:46:00+00:00,Medium,2,4,4,2,4,3,2,4,4,4,4,4,4,4,2,0,0,2,0,1,2,3.0,4.0,1.0,1.0
CSE2610888,2026-08-01 14:47:00+00:00,Medium,1,3,3,2,4,2,4,3,3,5,4,4,4,5,2,0,2,2,0,2,1,2.7142857142857144,4.0,1.2857142857142858,1.2857142857142856
CSE2610889,2026-08-01 14:48:00+00:00,Medium,2,3,5,3,4,4,5,5,4,5,4,5,4,4,3,1,0,1,1,0,0,3.7142857142857144,4.428571428571429,0.8571428571428571,0.7142857142857144
CSE2610890,2026-08-01 14:49:00+00:00,Medium,3,3,4,3,3,1,4,4,4,5,4,4,5,3,1,1,1,1,1,4,0,3.0,4.142857142857143,1.2857142857142858,1.1428571428571432
CSE2610891,2026-08-01 14:50:00+00:00,High,3,2,3,3,1,1,4,5,4,3,4,4,5,5,2,2,0,1,3,4,1,2.4285714285714284,4.285714285714286,1.8571428571428572,1.8571428571428572
CSE2610892,2026-08-01 14:51:00+00:00,Medium,3,5,3,2,3,2,4,4,4,5,4,4,3,3,1,0,2,2,1,1,0,3.142857142857143,3.857142857142857,1.0,0.7142857142857144
CSE2610893,2026-08-01 14:52:00+00:00,Medium,3,1,1,3,2,4,4,4,3,4,5,4,4,4,1,2,3,2,2,0,0,2.5714285714285716,4.0,1.4285714285714286,1.4285714285714284
CSE2610894,2026-08-01 14:53:00+00:00,Low,4,3,3,3,4,3,5,4,4,4,3,3,5,5,0,1,1,0,0,2,0,3.5714285714285716,4.0,0.5714285714285714,0.4285714285714284
CSE2610895,2026-08-01 14:54:00+00:00,Medium,2,3,2,4,3,3,3,5,4,3,5,3,4,3,3,1,1,1,0,1,0,2.857142857142857,3.857142857142857,1.0,1.0
CSE2610896,2026-08-01 14:55:00+00:00,Medium,4,5,3,3,3,3,1,4,5,3,5,4,5,4,0,0,0,2,1,2,3,3.142857142857143,4.285714285714286,1.1428571428571428,1.1428571428571428
CSE2610897,2026-08-01 14:56:00+00:00,Low,5,3,3,4,3,4,5,4,4,4,3,3,5,4,0,1,1,0,0,1,0,3.857142857142857,3.857142857142857,0.42857142857142855,0.0
CSE2610898,2026-08-01 14:57:00+00:00,High,2,1,3,3,3,3,4,5,4,4,4,4,5,5,3,3,1,1,1,2,1,2.7142857142857144,4.428571428571429,1.7142857142857142,1.7142857142857144
CSE2610899,2026-08-01 14:58:00+00:00,High,3,1,4,2,4,4,2,5,5,5,4,4,5,4,2,4,1,2,0,1,2,2.857142857142857,4.571428571428571,1.7142857142857142,1.714285714285714
CSE2610900,2026-08-01 14:59:00+00:00,Medium,3,4,3,2,3,3,4,4,4,5,4,5,3,4,1,0,2,2,2,0,0,3.142857142857143,4.142857142857143,1.0,1.0000000000000004
CSE2610901,2026-08-01 15:00:00+00:00,Medium,2,2,2,2,4,2,3,4,4,4,3,4,3,4,2,2,2,1,0,1,1,2.4285714285714284,3.7142857142857144,1.2857142857142858,1.285714285714286
CSE2610902,2026-08-01 15:01:00+00:00,Medium,3,4,3,4,3,3,3,4,4,5,5,4,5,5,1,0,2,1,1,2,2,3.2857142857142856,4.571428571428571,1.2857142857142858,1.2857142857142856
CSE2610903,2026-08-01 15:02:00+00:00,Medium,3,2,4,5,5,5,1,4,4,4,5,4,4,5,1,2,0,0,0,0,4,3.5714285714285716,4.285714285714286,1.0,0.714285714285714
CSE2610904,2026-08-01 15:03:00+00:00,High,4,1,1,5,1,4,3,5,5,3,4,4,4,5,1,4,2,0,3,0,2,2.7142857142857144,4.285714285714286,1.7142857142857142,1.5714285714285712
CSE2610905,2026-08-01 15:04:00+00:00,Medium,3,3,4,3,2,2,2,4,4,3,3,4,3,4,1,1,0,0,2,1,2,2.7142857142857144,3.5714285714285716,1.0,0.8571428571428572
CSE2610906,2026-08-01 15:05:00+00:00,Low,5,3,4,3,3,4,4,4,5,5,3,4,5,4,0,2,1,0,1,1,0,3.7142857142857144,4.285714285714286,0.7142857142857143,0.5714285714285712
CSE2610907,2026-08-01 15:06:00+00:00,Medium,2,3,2,4,1,3,3,4,3,3,4,4,4,4,2,0,1,0,3,1,1,2.5714285714285716,3.7142857142857144,1.1428571428571428,1.1428571428571428
CSE2610908,2026-08-01 15:07:00+00:00,Medium,2,4,4,4,4,3,4,5,5,5,3,3,4,4,3,1,1,0,0,1,0,3.5714285714285716,4.142857142857143,0.8571428571428571,0.5714285714285716
CSE2610909,2026-08-01 15:08:00+00:00,Medium,3,4,2,1,3,5,2,3,5,4,4,4,3,4,0,1,2,3,1,0,2,2.857142857142857,3.857142857142857,1.2857142857142858,1.0
CSE2610910,2026-08-01 15:09:00+00:00,Low,2,4,3,5,3,5,4,4,5,3,5,3,3,4,2,1,0,0,0,0,0,3.7142857142857144,3.857142857142857,0.42857142857142855,0.1428571428571428
CSE2610911,2026-08-01 15:10:00+00:00,Low,5,3,2,4,2,2,4,4,3,3,4,4,4,4,0,0,1,0,2,2,0,3.142857142857143,3.7142857142857144,0.7142857142857143,0.5714285714285716
CSE2610912,2026-08-01 15:11:00+00:00,Medium,3,4,3,3,4,3,2,5,4,4,4,5,4,4,2,0,1,1,1,1,2,3.142857142857143,4.285714285714286,1.1428571428571428,1.1428571428571428
CSE2610913,2026-08-01 15:12:00+00:00,Medium,4,4,1,4,3,3,3,4,4,4,4,4,5,4,0,0,3,0,1,2,1,3.142857142857143,4.142857142857143,1.0,1.0000000000000004
CSE2610914,2026-08-01 15:13:00+00:00,High,3,4,1,3,3,2,3,4,4,4,5,4,5,4,1,0,3,2,1,3,1,2.7142857142857144,4.285714285714286,1.5714285714285714,1.5714285714285712
CSE2610915,2026-08-01 15:14:00+00:00,Low,3,4,3,3,5,4,3,4,4,4,4,5,3,5,1,0,1,1,0,0,2,3.5714285714285716,4.142857142857143,0.7142857142857143,0.5714285714285716
CSE2610916,2026-08-01 15:15:00+00:00,High,1,1,4,4,2,5,4,5,5,3,4,4,4,5,4,4,0,0,2,0,1,3.0,4.285714285714286,1.5714285714285714,1.2857142857142856
CSE2610917,2026-08-01 15:16:00+00:00,Medium,1,4,5,4,4,4,2,4,4,5,5,4,4,5,3,0,0,1,0,0,3,3.4285714285714284,4.428571428571429,1.0,1.0000000000000004
CSE2610918,2026-08-01 15:17:00+00:00,Medium,4,2,2,2,4,3,4,5,5,4,4,4,4,4,1,3,2,2,0,1,0,3.0,4.285714285714286,1.2857142857142858,1.2857142857142856
CSE2610919,2026-08-01 15:18:00+00:00,Medium,2,2,4,3,4,2,4,5,5,4,4,4,5,4,3,3,0,1,0,3,0,3.0,4.428571428571429,1.4285714285714286,1.4285714285714288
CSE2610920,2026-08-01 15:19:00+00:00,Medium,4,2,2,3,2,1,4,3,3,5,5,4,3,4,0,1,3,2,2,2,0,2.5714285714285716,3.857142857142857,1.4285714285714286,1.2857142857142856
CSE2610921,2026-08-01 15:20:00+00:00,Low,3,5,3,3,4,3,4,3,4,4,4,4,4,3,0,0,1,1,0,1,0,3.5714285714285716,3.7142857142857144,0.42857142857142855,0.1428571428571428
CSE2610922,2026-08-01 15:21:00+00:00,High,5,1,2,5,3,4,1,5,4,5,4,4,5,5,0,3,3,0,1,1,4,3.0,4.571428571428571,1.7142857142857142,1.5714285714285712
CSE2610923,2026-08-01 15:22:00+00:00,Medium,4,3,2,4,4,2,3,3,5,5,4,4,5,4,0,2,3,0,0,3,1,3.142857142857143,4.285714285714286,1.2857142857142858,1.1428571428571428
CSE2610924,2026-08-01 15:23:00+00:00,Medium,3,3,4,4,2,5,3,5,5,5,3,3,3,4,2,2,1,0,1,0,1,3.4285714285714284,4.0,1.0,0.5714285714285716
CSE2610925,2026-08-01 15:24:00+00:00,Medium,2,4,5,2,3,5,3,4,5,5,4,4,4,4,2,1,0,2,1,0,1,3.4285714285714284,4.285714285714286,1.0,0.8571428571428572
CSE2610926,2026-08-01 15:25:00+00:00,Low,3,3,2,4,3,3,4,3,4,3,4,4,5,4,0,1,1,0,1,2,0,3.142857142857143,3.857142857142857,0.7142857142857143,0.7142857142857144
CSE2610927,2026-08-01 15:26:00+00:00,Low,5,4,3,3,3,4,3,5,4,4,4,3,4,4,0,0,1,1,0,0,1,3.5714285714285716,4.0,0.42857142857142855,0.4285714285714284
CSE2610928,2026-08-01 15:27:00+00:00,Low,5,4,3,2,3,3,4,5,5,4,3,4,4,4,0,1,1,1,1,1,0,3.4285714285714284,4.142857142857143,0.7142857142857143,0.7142857142857149
CSE2610929,2026-08-01 15:28:00+00:00,Medium,3,2,4,3,4,4,3,4,4,4,4,5,3,4,1,2,0,1,1,0,1,3.2857142857142856,4.0,0.8571428571428571,0.7142857142857144
CSE2610930,2026-08-01 15:29:00+00:00,High,1,3,3,2,3,3,4,5,3,4,5,4,5,3,4,0,1,3,1,2,0,2.7142857142857144,4.142857142857143,1.5714285714285714,1.4285714285714288
CSE2610931,2026-08-01 15:30:00+00:00,Medium,2,1,3,3,5,4,3,5,5,4,4,3,4,4,3,4,1,1,0,0,1,3.0,4.142857142857143,1.4285714285714286,1.1428571428571432
CSE2610932,2026-08-01 15:31:00+00:00,Medium,5,1,4,4,3,3,4,3,5,4,4,4,4,4,0,4,0,0,1,1,0,3.4285714285714284,4.0,0.8571428571428571,0.5714285714285716
CSE2610933,2026-08-01 15:32:00+00:00,Medium,3,1,4,3,4,4,3,5,4,4,5,3,5,3,2,3,0,2,0,1,0,3.142857142857143,4.142857142857143,1.1428571428571428,1.0000000000000004
CSE2610934,2026-08-01 15:33:00+00:00,Low,4,2,3,4,4,4,3,5,5,4,3,4,4,3,1,3,1,0,0,0,0,3.4285714285714284,4.0,0.7142857142857143,0.5714285714285716
CSE2610935,2026-08-01 15:34:00+00:00,Medium,1,5,4,2,3,4,2,4,3,4,4,4,4,5,3,0,0,2,1,0,3,3.0,4.0,1.2857142857142858,1.0
CSE2610936,2026-08-01 15:35:00+00:00,Low,3,3,3,5,2,4,5,3,3,5,5,4,5,4,0,0,2,0,2,1,0,3.5714285714285716,4.142857142857143,0.7142857142857143,0.5714285714285716
CSE2610937,2026-08-01 15:36:00+00:00,Low,3,3,4,4,2,2,3,3,5,4,4,4,3,3,0,2,0,0,2,1,0,3.0,3.7142857142857144,0.7142857142857143,0.7142857142857144
CSE2610938,2026-08-01 15:37:00+00:00,Medium,3,3,3,5,4,2,4,4,5,4,4,4,4,4,1,2,1,0,0,2,0,3.4285714285714284,4.142857142857143,0.8571428571428571,0.7142857142857149
CSE2610939,2026-08-01 15:38:00+00:00,Medium,4,3,3,3,4,1,4,4,4,3,4,5,5,4,0,1,0,1,1,4,0,3.142857142857143,4.142857142857143,1.0,1.0000000000000004
CSE2610940,2026-08-01 15:39:00+00:00,Medium,4,3,4,4,2,4,2,4,4,5,4,5,4,3,0,1,1,0,3,0,1,3.2857142857142856,4.142857142857143,0.8571428571428571,0.8571428571428577
CSE2610941,2026-08-01 15:40:00+00:00,High,4,5,1,2,1,4,1,4,4,4,4,4,4,4,0,0,3,2,3,0,3,2.5714285714285716,4.0,1.5714285714285714,1.4285714285714284
CSE2610942,2026-08-01 15:41:00+00:00,High,3,2,4,4,4,2,1,5,4,4,5,3,5,4,2,2,0,1,0,3,3,2.857142857142857,4.285714285714286,1.5714285714285714,1.4285714285714284
CSE2610943,2026-08-01 15:42:00+00:00,Medium,3,3,5,2,4,5,2,5,4,4,4,3,4,4,2,1,0,2,0,0,2,3.4285714285714284,4.0,1.0,0.5714285714285716
CSE2610944,2026-08-01 15:43:00+00:00,Low,2,4,3,4,5,3,4,4,4,4,4,3,4,3,2,0,1,0,0,1,0,3.5714285714285716,3.7142857142857144,0.5714285714285714,0.1428571428571428
CSE2610945,2026-08-01 15:44:00+00:00,High,4,2,3,1,4,3,2,4,4,4,5,3,5,4,0,2,1,4,0,2,2,2.7142857142857144,4.142857142857143,1.5714285714285714,1.4285714285714288
CSE2610946,2026-08-01 15:45:00+00:00,Medium,4,3,4,5,3,2,2,3,4,4,4,4,4,4,0,1,0,0,1,2,2,3.2857142857142856,3.857142857142857,0.8571428571428571,0.5714285714285716
CSE2610947,2026-08-01 15:46:00+00:00,High,3,3,4,3,1,2,1,4,4,4,5,5,3,5,1,1,0,2,4,1,4,2.4285714285714284,4.285714285714286,1.8571428571428572,1.8571428571428572
CSE2610948,2026-08-01 15:47:00+00:00,Medium,2,2,3,3,3,3,3,3,3,4,4,3,4,4,1,1,1,1,0,1,1,2.7142857142857144,3.5714285714285716,0.8571428571428571,0.8571428571428572
CSE2610949,2026-08-01 15:48:00+00:00,Medium,4,3,3,4,2,1,3,3,4,5,4,4,4,3,0,1,2,0,2,3,0,2.857142857142857,3.857142857142857,1.1428571428571428,1.0
CSE2610950,2026-08-01 15:49:00+00:00,Medium,5,2,4,3,4,2,4,5,5,3,4,5,4,3,0,3,0,1,1,2,0,3.4285714285714284,4.142857142857143,1.0,0.7142857142857149
CSE2610951,2026-08-01 15:50:00+00:00,Medium,3,2,3,4,3,2,5,4,4,4,4,5,4,4,1,2,1,0,2,2,0,3.142857142857143,4.142857142857143,1.1428571428571428,1.0000000000000004
CSE2610952,2026-08-01 15:51:00+00:00,Medium,4,2,4,2,3,3,2,5,4,4,4,4,4,4,1,2,0,2,1,1,2,2.857142857142857,4.142857142857143,1.2857142857142858,1.285714285714286
CSE2610953,2026-08-01 15:52:00+00:00,Low,4,3,3,4,5,3,4,4,4,5,4,3,4,4,0,1,2,0,0,1,0,3.7142857142857144,4.0,0.5714285714285714,0.2857142857142856
CSE2610954,2026-08-01 15:53:00+00:00,Medium,2,2,4,3,2,2,3,3,3,3,4,4,5,3,1,1,0,1,2,3,0,2.5714285714285716,3.5714285714285716,1.1428571428571428,1.0
CSE2610955,2026-08-01 15:54:00+00:00,Medium,4,5,3,4,4,3,3,4,4,4,5,5,4,5,0,0,1,1,1,1,2,3.7142857142857144,4.428571428571429,0.8571428571428571,0.7142857142857144
CSE2610956,2026-08-01 15:55:00+00:00,Low,4,3,3,5,3,4,4,5,4,4,5,3,5,5,1,1,1,0,0,1,1,3.7142857142857144,4.428571428571429,0.7142857142857143,0.7142857142857144
CSE2610957,2026-08-01 15:56:00+00:00,High,2,2,2,1,2,3,3,3,4,4,4,5,4,5,1,2,2,3,3,1,2,2.142857142857143,4.142857142857143,2.0,2.0000000000000004
CSE2610958,2026-08-01 15:57:00+00:00,Medium,3,3,3,3,3,3,1,3,4,4,4,5,3,3,0,1,1,1,2,0,2,2.7142857142857144,3.7142857142857144,1.0,1.0
CSE2610959,2026-08-01 15:58:00+00:00,Medium,5,3,3,3,5,2,5,3,5,4,5,5,4,5,0,2,1,2,0,2,0,3.7142857142857144,4.428571428571429,1.0,0.7142857142857144
CSE2610960,2026-08-01 15:59:00+00:00,Medium,2,4,1,2,3,4,4,4,3,4,4,5,4,4,2,0,3,2,2,0,0,2.857142857142857,4.0,1.2857142857142858,1.1428571428571428
CSE2610961,2026-08-01 16:00:00+00:00,Medium,4,3,4,4,2,3,4,4,4,5,4,5,4,3,0,1,1,0,3,1,0,3.4285714285714284,4.142857142857143,0.8571428571428571,0.7142857142857149
CSE2610962,2026-08-01 16:01:00+00:00,High,2,3,5,1,5,2,2,4,5,4,4,4,5,5,2,2,0,3,0,3,3,2.857142857142857,4.428571428571429,1.8571428571428572,1.5714285714285716
CSE2610963,2026-08-01 16:02:00+00:00,Medium,3,3,3,3,2,4,2,5,4,4,4,4,4,4,2,1,1,1,2,0,2,2.857142857142857,4.142857142857143,1.2857142857142858,1.285714285714286
CSE2610964,2026-08-01 16:03:00+00:00,Medium,3,3,3,2,3,4,4,4,4,5,5,4,5,5,1,1,2,3,1,1,1,3.142857142857143,4.571428571428571,1.4285714285714286,1.4285714285714284
CSE2610965,2026-08-01 16:04:00+00:00,Medium,3,3,2,4,2,4,1,4,4,4,4,4,5,3,1,1,2,0,2,1,2,2.7142857142857144,4.0,1.2857142857142858,1.2857142857142856
CSE2610966,2026-08-01 16:05:00+00:00,Low,4,3,4,4,5,3,4,3,3,4,4,4,5,4,0,0,0,0,0,2,0,3.857142857142857,3.857142857142857,0.2857142857142857,0.0
CSE2610967,2026-08-01 16:06:00+00:00,Medium,3,2,4,4,3,4,3,4,5,4,5,4,4,4,1,3,0,1,1,0,1,3.2857142857142856,4.285714285714286,1.0,1.0
CSE2610968,2026-08-01 16:07:00+00:00,High,3,2,1,3,5,4,3,4,5,5,5,3,5,4,1,3,4,2,0,1,1,3.0,4.428571428571429,1.7142857142857142,1.4285714285714288
CSE2610969,2026-08-01 16:08:00+00:00,Medium,3,5,3,3,4,2,3,3,4,4,5,5,5,5,0,0,1,2,1,3,2,3.2857142857142856,4.428571428571429,1.2857142857142858,1.1428571428571432
CSE2610970,2026-08-01 16:09:00+00:00,Low,2,3,3,4,3,4,3,3,3,4,3,3,4,5,1,0,1,0,0,0,2,3.142857142857143,3.5714285714285716,0.5714285714285714,0.4285714285714288
CSE2610971,2026-08-01 16:10:00+00:00,Low,3,4,3,3,5,3,2,4,5,5,3,3,3,3,1,1,2,0,0,0,1,3.2857142857142856,3.7142857142857144,0.7142857142857143,0.4285714285714288
CSE2610972,2026-08-01 16:11:00+00:00,Low,4,3,3,4,4,3,4,4,4,5,4,5,3,4,0,1,2,0,1,0,0,3.5714285714285716,4.142857142857143,0.5714285714285714,0.5714285714285716
CSE2610973,2026-08-01 16:12:00+00:00,Medium,3,5,2,3,4,2,2,3,4,4,4,5,5,5,0,0,2,1,1,3,3,3.0,4.285714285714286,1.4285714285714286,1.2857142857142856
CSE2610974,2026-08-01 16:13:00+00:00,Medium,4,3,1,4,3,4,4,3,5,4,4,5,5,5,0,2,3,0,2,1,1,3.2857142857142856,4.428571428571429,1.2857142857142858,1.1428571428571432
CSE2610975,2026-08-01 16:14:00+00:00,Medium,2,4,2,4,3,4,1,5,4,5,4,3,4,4,3,0,3,0,0,0,3,2.857142857142857,4.142857142857143,1.2857142857142858,1.285714285714286
CSE2610976,2026-08-01 16:15:00+00:00,Medium,5,3,2,5,3,2,3,5,5,4,4,4,4,4,0,2,2,0,1,2,1,3.2857142857142856,4.285714285714286,1.1428571428571428,1.0
CSE2610977,2026-08-01 16:16:00+00:00,Medium,3,5,4,4,3,1,5,4,4,5,4,4,4,5,1,0,1,0,1,3,0,3.5714285714285716,4.285714285714286,0.8571428571428571,0.714285714285714
CSE2610978,2026-08-01 16:17:00+00:00,Medium,3,2,4,4,4,5,3,5,5,5,5,5,4,4,2,3,1,1,1,0,1,3.5714285714285716,4.714285714285714,1.2857142857142858,1.1428571428571428
CSE2610979,2026-08-01 16:18:00+00:00,High,2,3,3,3,4,3,1,4,5,4,5,3,4,5,2,2,1,2,0,1,4,2.7142857142857144,4.285714285714286,1.7142857142857142,1.5714285714285712
CSE2610980,2026-08-01 16:19:00+00:00,Medium,1,4,3,3,3,2,4,5,4,5,4,4,4,4,4,0,2,1,1,2,0,2.857142857142857,4.285714285714286,1.4285714285714286,1.4285714285714284
CSE2610981,2026-08-01 16:20:00+00:00,Medium,2,4,3,4,2,3,5,4,5,4,4,4,4,4,2,1,1,0,2,1,0,3.2857142857142856,4.142857142857143,1.0,0.8571428571428577
CSE2610982,2026-08-01 16:21:00+00:00,Medium,3,3,2,3,3,5,3,5,4,4,4,5,3,5,2,1,2,1,2,0,2,3.142857142857143,4.285714285714286,1.4285714285714286,1.1428571428571428
CSE2610983,2026-08-01 16:22:00+00:00,Medium,3,3,2,2,2,4,3,4,4,4,4,4,4,4,1,1,2,2,2,0,1,2.7142857142857144,4.0,1.2857142857142858,1.2857142857142856
CSE2610984,2026-08-01 16:23:00+00:00,High,3,3,2,3,3,1,2,3,4,4,5,5,5,3,0,1,2,2,2,4,1,2.4285714285714284,4.142857142857143,1.7142857142857142,1.7142857142857149
CSE2610985,2026-08-01 16:24:00+00:00,Medium,3,3,5,2,2,3,1,3,4,3,4,5,4,4,0,1,0,2,3,1,3,2.7142857142857144,3.857142857142857,1.4285714285714286,1.1428571428571428
CSE2610986,2026-08-01 16:25:00+00:00,Medium,1,2,5,5,2,4,3,5,5,4,4,4,4,3,4,3,0,0,2,0,0,3.142857142857143,4.142857142857143,1.2857142857142858,1.0000000000000004
CSE2610987,2026-08-01 16:26:00+00:00,Medium,4,4,3,4,2,2,2,3,4,4,5,4,4,5,0,0,1,1,2,2,3,3.0,4.142857142857143,1.2857142857142858,1.1428571428571432
CSE2610988,2026-08-01 16:27:00+00:00,Medium,5,1,5,2,4,5,4,4,5,5,4,5,4,5,0,4,0,2,1,0,1,3.7142857142857144,4.571428571428571,1.1428571428571428,0.8571428571428568
CSE2610989,2026-08-01 16:28:00+00:00,Medium,4,4,3,3,3,2,3,4,3,3,4,5,5,3,0,0,0,1,2,3,0,3.142857142857143,3.857142857142857,0.8571428571428571,0.7142857142857144
CSE2610990,2026-08-01 16:29:00+00:00,High,3,3,2,4,1,1,3,5,4,4,5,4,4,3,2,1,2,1,3,3,0,2.4285714285714284,4.142857142857143,1.7142857142857142,1.7142857142857149
CSE2610991,2026-08-01 16:30:00+00:00,Low,4,3,4,3,4,4,5,4,4,3,4,4,5,4,0,1,0,1,0,1,0,3.857142857142857,4.0,0.42857142857142855,0.1428571428571428
CSE2610992,2026-08-01 16:31:00+00:00,High,2,1,3,3,3,2,3,4,4,4,4,5,5,4,2,3,1,1,2,3,1,2.4285714285714284,4.285714285714286,1.8571428571428572,1.8571428571428572
CSE2610993,2026-08-01 16:32:00+00:00,Medium,3,5,3,3,5,5,3,4,5,5,4,4,5,5,1,0,2,1,0,0,2,3.857142857142857,4.571428571428571,0.8571428571428571,0.714285714285714
CSE2610994,2026-08-01 16:33:00+00:00,High,1,3,3,3,4,3,3,4,4,4,5,5,5,5,3,1,1,2,1,2,2,2.857142857142857,4.571428571428571,1.7142857142857142,1.714285714285714
CSE2610995,2026-08-01 16:34:00+00:00,Medium,4,2,2,3,3,5,3,5,4,4,3,5,4,4,1,2,2,0,2,0,1,3.142857142857143,4.142857142857143,1.1428571428571428,1.0000000000000004
CSE2610996,2026-08-01 16:35:00+00:00,Medium,3,5,2,2,3,5,3,4,5,5,4,5,5,4,1,0,3,2,2,0,1,3.2857142857142856,4.571428571428571,1.2857142857142858,1.2857142857142856
CSE2610997,2026-08-01 16:36:00+00:00,Medium,4,2,4,2,2,4,4,4,4,4,5,4,5,5,0,2,0,3,2,1,1,3.142857142857143,4.428571428571429,1.2857142857142858,1.285714285714286
CSE2610998,2026-08-01 16:37:00+00:00,Medium,2,4,4,1,3,4,4,4,4,4,4,5,3,3,2,0,0,3,2,0,0,3.142857142857143,3.857142857142857,1.0,0.7142857142857144
CSE2610999,2026-08-01 16:38:00+00:00,Medium,2,3,4,2,4,3,4,5,3,5,4,5,5,4,3,0,1,2,1,2,0,3.142857142857143,4.428571428571429,1.2857142857142858,1.285714285714286
CSE2611000,2026-08-01 16:39:00+00:00,Medium,4,1,4,5,4,2,4,4,5,4,4,5,5,4,0,4,0,0,1,3,0,3.4285714285714284,4.428571428571429,1.1428571428571428,1.0000000000000004
CSE2611001,2026-08-01 16:40:00+00:00,Medium,2,3,3,4,4,5,2,5,4,4,4,4,4,4,3,1,1,0,0,0,2,3.2857142857142856,4.142857142857143,1.0,0.8571428571428577
CSE2611002,2026-08-01 16:41:00+00:00,Low,4,2,3,4,3,4,5,5,4,4,4,4,4,5,1,2,1,0,1,0,0,3.5714285714285716,4.285714285714286,0.7142857142857143,0.714285714285714
CSE2611003,2026-08-01 16:42:00+00:00,Low,4,3,1,4,5,4,5,4,4,4,4,4,4,5,0,1,3,0,0,0,0,3.7142857142857144,4.142857142857143,0.5714285714285714,0.4285714285714288
CSE2611004,2026-08-01 16:43:00+00:00,Medium,4,2,4,2,4,2,4,5,5,4,4,4,4,4,1,3,0,2,0,2,0,3.142857142857143,4.285714285714286,1.1428571428571428,1.1428571428571428
CSE2611005,2026-08-01 16:44:00+00:00,High,5,3,4,4,1,2,1,4,4,4,4,5,5,4,0,1,0,0,4,3,3,2.857142857142857,4.285714285714286,1.5714285714285714,1.4285714285714284
CSE2611006,2026-08-01 16:45:00+00:00,Low,3,4,4,2,3,3,5,4,4,4,4,3,5,4,1,0,0,2,0,2,0,3.4285714285714284,4.0,0.7142857142857143,0.5714285714285716
CSE2611007,2026-08-01 16:46:00+00:00,Medium,3,3,4,3,5,4,3,5,4,3,5,4,4,4,2,1,0,2,0,0,1,3.5714285714285716,4.142857142857143,0.8571428571428571,0.5714285714285716
CSE2611008,2026-08-01 16:47:00+00:00,Medium,4,4,3,2,4,3,3,4,4,4,4,5,4,4,0,0,1,2,1,1,1,3.2857142857142856,4.142857142857143,0.8571428571428571,0.8571428571428577
CSE2611009,2026-08-01 16:48:00+00:00,Low,4,4,3,3,4,4,2,4,3,5,4,3,4,3,0,0,2,1,0,0,1,3.4285714285714284,3.7142857142857144,0.5714285714285714,0.28571428571428603
CSE2611010,2026-08-01 16:49:00+00:00,Medium,4,3,2,3,2,4,1,4,5,4,3,4,4,5,0,2,2,0,2,0,4,2.7142857142857144,4.142857142857143,1.4285714285714286,1.4285714285714288
CSE2611011,2026-08-01 16:50:00+00:00,Medium,2,4,3,2,5,4,2,5,4,3,5,3,3,3,3,0,0,3,0,0,1,3.142857142857143,3.7142857142857144,1.0,0.5714285714285716
CSE2611012,2026-08-01 16:51:00+00:00,Low,2,5,4,3,4,4,4,4,5,4,4,4,4,4,2,0,0,1,0,0,0,3.7142857142857144,4.142857142857143,0.42857142857142855,0.4285714285714288
CSE2611013,2026-08-01 16:52:00+00:00,Medium,5,2,2,3,4,5,3,4,4,4,5,5,4,4,0,2,2,2,1,0,1,3.4285714285714284,4.285714285714286,1.1428571428571428,0.8571428571428572
CSE2611014,2026-08-01 16:53:00+00:00,Medium,5,3,3,4,3,3,1,4,4,4,5,4,5,4,0,1,1,1,1,2,3,3.142857142857143,4.285714285714286,1.2857142857142858,1.1428571428571428
CSE2611015,2026-08-01 16:54:00+00:00,Low,4,4,3,5,5,3,2,3,4,4,5,4,4,4,0,0,1,0,0,1,2,3.7142857142857144,4.0,0.5714285714285714,0.2857142857142856
CSE2611016,2026-08-01 16:55:00+00:00,Medium,3,5,4,3,1,3,2,3,3,3,5,4,5,4,0,0,0,2,3,2,2,3.0,3.857142857142857,1.2857142857142858,0.8571428571428572
CSE2611017,2026-08-01 16:56:00+00:00,Low,4,4,4,3,3,4,4,4,4,5,4,5,3,4,0,0,1,1,2,0,0,3.7142857142857144,4.142857142857143,0.5714285714285714,0.4285714285714288
CSE2611018,2026-08-01 16:57:00+00:00,Medium,2,4,3,1,3,3,5,3,5,3,3,4,5,4,1,1,0,2,1,2,0,3.0,3.857142857142857,1.0,0.8571428571428572
CSE2611019,2026-08-01 16:58:00+00:00,High,1,2,2,5,3,2,3,5,3,4,5,4,5,3,4,1,2,0,1,3,0,2.5714285714285716,4.142857142857143,1.5714285714285714,1.5714285714285716
CSE2611020,2026-08-01 16:59:00+00:00,Medium,3,3,5,3,3,3,4,4,4,4,5,5,4,4,1,1,0,2,2,1,0,3.4285714285714284,4.285714285714286,1.0,0.8571428571428572
CSE2611021,2026-08-01 17:00:00+00:00,Low,3,4,3,4,3,2,4,4,3,3,5,4,4,4,1,0,0,1,1,2,0,3.2857142857142856,3.857142857142857,0.7142857142857143,0.5714285714285716
CSE2611022,2026-08-01 17:01:00+00:00,Medium,3,3,4,3,4,3,2,5,5,4,4,3,5,4,2,2,0,1,0,2,2,3.142857142857143,4.285714285714286,1.2857142857142858,1.1428571428571428
CSE2611023,2026-08-01 17:02:00+00:00,Low,3,4,3,4,3,4,2,4,4,3,4,5,4,4,1,0,0,0,2,0,2,3.2857142857142856,4.0,0.7142857142857143,0.7142857142857144
CSE2611024,2026-08-01 17:03:00+00:00,Low,2,4,2,4,4,3,3,3,3,3,4,3,4,5,1,0,1,0,0,1,2,3.142857142857143,3.5714285714285716,0.7142857142857143,0.4285714285714288
CSE2611025,2026-08-01 17:04:00+00:00,Low,4,3,3,3,4,3,5,3,3,3,4,4,5,4,0,0,0,1,0,2,0,3.5714285714285716,3.7142857142857144,0.42857142857142855,0.1428571428571428
CSE2611026,2026-08-01 17:05:00+00:00,Medium,5,4,4,3,5,1,4,4,3,5,4,5,5,4,0,0,1,1,0,4,0,3.7142857142857144,4.285714285714286,0.8571428571428571,0.5714285714285712
CSE2611027,2026-08-01 17:06:00+00:00,Medium,4,3,5,4,2,2,3,4,5,4,5,4,4,5,0,2,0,1,2,2,2,3.2857142857142856,4.428571428571429,1.2857142857142858,1.1428571428571432
CSE2611028,2026-08-01 17:07:00+00:00,Medium,4,1,3,5,5,5,4,5,4,5,5,5,4,5,1,3,2,0,0,0,1,3.857142857142857,4.714285714285714,1.0,0.8571428571428572
CSE2611029,2026-08-01 17:08:00+00:00,Medium,4,2,3,3,4,2,4,4,4,4,5,4,3,4,0,2,1,2,0,1,0,3.142857142857143,4.0,0.8571428571428571,0.8571428571428572
CSE2611030,2026-08-01 17:09:00+00:00,Low,4,2,3,4,4,5,5,4,4,5,4,4,5,5,0,2,2,0,0,0,0,3.857142857142857,4.428571428571429,0.5714285714285714,0.5714285714285716
CSE2611031,2026-08-01 17:10:00+00:00,Medium,3,2,4,5,3,3,5,4,5,4,4,4,5,4,1,3,0,0,1,2,0,3.5714285714285716,4.285714285714286,1.0,0.714285714285714
CSE2611032,2026-08-01 17:11:00+00:00,Medium,2,4,2,4,2,4,5,4,4,4,4,4,4,4,2,0,2,0,2,0,0,3.2857142857142856,4.0,0.8571428571428571,0.7142857142857144
CSE2611033,2026-08-01 17:12:00+00:00,Medium,4,3,4,2,1,5,4,4,5,4,4,5,4,4,0,2,0,2,4,0,0,3.2857142857142856,4.285714285714286,1.1428571428571428,1.0
CSE2611034,2026-08-01 17:13:00+00:00,Low,2,3,4,4,3,4,5,4,4,5,4,4,3,5,2,1,1,0,1,0,0,3.5714285714285716,4.142857142857143,0.7142857142857143,0.5714285714285716
CSE2611035,2026-08-01 17:14:00+00:00,Medium,4,5,4,3,3,3,1,3,3,5,5,5,4,4,0,0,1,2,2,1,3,3.2857142857142856,4.142857142857143,1.2857142857142858,0.8571428571428577
CSE2611036,2026-08-01 17:15:00+00:00,Medium,3,1,3,4,2,2,5,4,4,4,5,4,4,5,1,3,1,1,2,2,0,2.857142857142857,4.285714285714286,1.4285714285714286,1.4285714285714284
CSE2611037,2026-08-01 17:16:00+00:00,Medium,3,5,4,4,3,3,1,4,4,5,4,4,5,5,1,0,1,0,1,2,4,3.2857142857142856,4.428571428571429,1.2857142857142858,1.1428571428571432
CSE2611038,2026-08-01 17:17:00+00:00,Low,4,4,4,2,4,4,4,4,5,3,4,4,3,4,0,1,0,2,0,0,0,3.7142857142857144,3.857142857142857,0.42857142857142855,0.1428571428571428
CSE2611039,2026-08-01 17:18:00+00:00,Low,4,2,4,3,4,3,4,4,5,5,4,4,3,4,0,3,1,1,0,0,0,3.4285714285714284,4.142857142857143,0.7142857142857143,0.7142857142857149
CSE2611040,2026-08-01 17:19:00+00:00,Medium,3,3,1,5,4,4,3,4,4,4,5,3,5,5,1,1,3,0,0,1,2,3.2857142857142856,4.285714285714286,1.1428571428571428,1.0
CSE2611041,2026-08-01 17:20:00+00:00,High,1,2,3,3,1,4,3,3,4,5,4,5,4,4,2,2,2,1,4,0,1,2.4285714285714284,4.142857142857143,1.7142857142857142,1.7142857142857149
CSE2611042,2026-08-01 17:21:00+00:00,Medium,4,1,5,2,4,3,4,4,5,4,4,4,4,3,0,4,0,2,0,1,0,3.2857142857142856,4.0,1.0,0.7142857142857144
CSE2611043,2026-08-01 17:22:00+00:00,High,2,3,2,4,1,2,5,5,4,4,4,4,5,4,3,1,2,0,3,3,0,2.7142857142857144,4.285714285714286,1.7142857142857142,1.5714285714285712
CSE2611044,2026-08-01 17:23:00+00:00,Medium,2,4,4,4,3,4,4,5,5,5,4,5,5,4,3,1,1,0,2,1,0,3.5714285714285716,4.714285714285714,1.1428571428571428,1.1428571428571428
CSE2611045,2026-08-01 17:24:00+00:00,Low,5,3,3,3,4,4,5,4,4,5,4,5,4,4,0,1,2,1,1,0,0,3.857142857142857,4.285714285714286,0.7142857142857143,0.4285714285714284
CSE2611046,2026-08-01 17:25:00+00:00,Medium,3,2,4,3,2,4,3,5,4,3,4,4,4,3,2,2,0,1,2,0,0,3.0,3.857142857142857,1.0,0.8571428571428572
CSE2611047,2026-08-01 17:26:00+00:00,Low,4,3,4,3,3,4,5,4,4,5,5,3,3,5,0,1,1,2,0,0,0,3.7142857142857144,4.142857142857143,0.5714285714285714,0.4285714285714288
CSE2611048,2026-08-01 17:27:00+00:00,Low,4,3,4,2,4,4,4,4,4,3,3,4,5,4,0,1,0,1,0,1,0,3.5714285714285716,3.857142857142857,0.42857142857142855,0.2857142857142856
CSE2611049,2026-08-01 17:28:00+00:00,Medium,5,3,4,3,2,2,3,4,5,4,4,5,4,4,0,2,0,1,3,2,1,3.142857142857143,4.285714285714286,1.2857142857142858,1.1428571428571428
CSE2611050,2026-08-01 17:29:00+00:00,Medium,3,2,3,2,3,2,5,4,5,3,4,5,3,5,1,3,0,2,2,1,0,2.857142857142857,4.142857142857143,1.2857142857142858,1.285714285714286
CSE2611051,2026-08-01 17:30:00+00:00,Medium,5,3,1,1,3,2,4,5,4,5,4,4,3,4,0,1,4,3,1,1,0,2.7142857142857144,4.142857142857143,1.4285714285714286,1.4285714285714288
CSE2611052,2026-08-01 17:31:00+00:00,Medium,3,4,4,3,3,3,2,4,3,5,4,4,5,5,1,0,1,1,1,2,3,3.142857142857143,4.285714285714286,1.2857142857142858,1.1428571428571428
CSE2611053,2026-08-01 17:32:00+00:00,Medium,3,2,3,2,3,4,4,4,4,3,4,4,4,3,1,2,0,2,1,0,0,3.0,3.7142857142857144,0.8571428571428571,0.7142857142857144
CSE2611054,2026-08-01 17:33:00+00:00,High,2,4,2,2,1,1,4,4,5,4,4,4,4,4,2,1,2,2,3,3,0,2.2857142857142856,4.142857142857143,1.8571428571428572,1.8571428571428577
CSE2611055,2026-08-01 17:34:00+00:00,Medium,3,3,4,2,1,3,3,4,3,4,5,4,5,3,1,0,0,3,3,2,0,2.7142857142857144,4.0,1.2857142857142858,1.2857142857142856
CSE2611056,2026-08-01 17:35:00+00:00,Medium,2,1,3,1,4,5,3,3,4,4,3,3,5,5,1,3,1,2,0,0,2,2.7142857142857144,3.857142857142857,1.2857142857142858,1.1428571428571428
CSE2611057,2026-08-01 17:36:00+00:00,Medium,4,2,3,3,2,4,4,4,5,3,3,4,5,4,0,3,0,0,2,1,0,3.142857142857143,4.0,0.8571428571428571,0.8571428571428572
CSE2611058,2026-08-01 17:37:00+00:00,High,3,2,1,2,3,4,2,4,4,4,4,5,3,4,1,2,3,2,2,0,2,2.4285714285714284,4.0,1.7142857142857142,1.5714285714285716
CSE2611059,2026-08-01 17:38:00+00:00,Medium,1,3,4,1,4,5,4,5,5,4,4,4,4,4,4,2,0,3,0,0,0,3.142857142857143,4.285714285714286,1.2857142857142858,1.1428571428571428
CSE2611060,2026-08-01 17:39:00+00:00,Low,3,4,4,3,3,5,3,4,5,4,4,3,5,4,1,1,0,1,0,0,1,3.5714285714285716,4.142857142857143,0.5714285714285714,0.5714285714285716
CSE2611061,2026-08-01 17:40:00+00:00,Medium,2,3,4,3,2,5,4,4,4,4,4,4,4,3,2,1,0,1,2,0,0,3.2857142857142856,3.857142857142857,0.8571428571428571,0.5714285714285716
CSE2611062,2026-08-01 17:41:00+00:00,Medium,2,5,2,3,4,2,4,4,4,4,5,5,4,3,2,0,2,2,1,2,0,3.142857142857143,4.142857142857143,1.2857142857142858,1.0000000000000004
CSE2611063,2026-08-01 17:42:00+00:00,Medium,3,2,3,2,3,4,4,4,5,4,4,4,4,4,1,3,1,2,1,0,0,3.0,4.142857142857143,1.1428571428571428,1.1428571428571432
CSE2611064,2026-08-01 17:43:00+00:00,Medium,4,3,2,4,3,1,1,3,4,4,4,3,4,4,0,1,2,0,0,3,3,2.5714285714285716,3.7142857142857144,1.2857142857142858,1.1428571428571428
CSE2611065,2026-08-01 17:44:00+00:00,Medium,3,2,4,3,2,2,4,5,4,4,3,4,4,4,2,2,0,0,2,2,0,2.857142857142857,4.0,1.1428571428571428,1.1428571428571428
CSE2611066,2026-08-01 17:45:00+00:00,Medium,4,4,4,1,3,5,3,3,4,5,5,4,5,3,0,0,1,4,1,0,0,3.4285714285714284,4.142857142857143,0.8571428571428571,0.7142857142857149
CSE2611067,2026-08-01 17:46:00+00:00,Medium,3,3,2,1,4,3,3,5,4,4,4,4,4,4,2,1,2,3,0,1,1,2.7142857142857144,4.142857142857143,1.4285714285714286,1.4285714285714288
CSE2611068,2026-08-01 17:47:00+00:00,High,5,1,1,2,3,2,4,4,5,4,4,4,4,4,0,4,3,2,1,2,0,2.5714285714285716,4.142857142857143,1.7142857142857142,1.5714285714285716
CSE2611069,2026-08-01 17:48:00+00:00,High,1,3,1,2,3,2,3,5,3,4,4,5,3,5,4,0,3,2,2,1,2,2.142857142857143,4.142857142857143,2.0,2.0000000000000004
CSE2611070,2026-08-01 17:49:00+00:00,High,2,2,3,3,3,3,3,5,5,5,4,4,4,4,3,3,2,1,1,1,1,2.7142857142857144,4.428571428571429,1.7142857142857142,1.7142857142857144
CSE2611071,2026-08-01 17:50:00+00:00,Low,3,3,4,3,4,5,4,4,5,3,4,4,4,4,1,2,0,1,0,0,0,3.7142857142857144,4.0,0.5714285714285714,0.2857142857142856
CSE2611072,2026-08-01 17:51:00+00:00,Low,5,4,3,4,3,5,4,4,4,3,5,5,4,3,0,0,0,1,2,0,0,4.0,4.0,0.42857142857142855,0.0
CSE2611073,2026-08-01 17:52:00+00:00,Medium,3,3,4,3,3,2,4,4,5,4,4,5,4,4,1,2,0,1,2,2,0,3.142857142857143,4.285714285714286,1.1428571428571428,1.1428571428571428
CSE2611074,2026-08-01 17:53:00+00:00,Medium,3,3,4,3,3,3,3,4,3,4,5,5,5,4,1,0,0,2,2,2,1,3.142857142857143,4.285714285714286,1.1428571428571428,1.1428571428571428
CSE2611075,2026-08-01 17:54:00+00:00,Medium,3,3,3,3,4,2,2,4,4,4,4,5,5,4,1,1,1,1,1,3,2,2.857142857142857,4.285714285714286,1.4285714285714286,1.4285714285714284
CSE2611076,2026-08-01 17:55:00+00:00,Medium,3,5,3,3,3,3,3,4,5,3,4,4,5,4,1,0,0,1,1,2,1,3.2857142857142856,4.142857142857143,0.8571428571428571,0.8571428571428577
CSE2611077,2026-08-01 17:56:00+00:00,Low,3,5,3,4,5,4,3,5,3,4,3,4,5,3,2,0,1,0,0,1,0,3.857142857142857,3.857142857142857,0.5714285714285714,0.0
CSE2611078,2026-08-01 17:57:00+00:00,Medium,2,2,5,3,2,3,3,3,5,5,4,4,4,5,1,3,0,1,2,1,2,2.857142857142857,4.285714285714286,1.4285714285714286,1.4285714285714284
CSE2611079,2026-08-01 17:58:00+00:00,Medium,1,4,3,2,1,5,3,4,4,4,3,3,4,4,3,0,1,1,2,0,1,2.7142857142857144,3.7142857142857144,1.1428571428571428,1.0
CSE2611080,2026-08-01 17:59:00+00:00,Low,3,4,4,5,4,3,3,5,5,4,4,4,3,5,2,1,0,0,0,0,2,3.7142857142857144,4.285714285714286,0.7142857142857143,0.5714285714285712
CSE2611081,2026-08-01 18:00:00+00:00,Medium,3,3,4,4,2,2,3,4,4,3,4,3,4,4,1,1,0,0,1,2,1,3.0,3.7142857142857144,0.8571428571428571,0.7142857142857144
CSE2611082,2026-08-01 18:01:00+00:00,Low,2,4,4,5,3,3,3,4,5,3,4,4,4,3,2,1,0,0,1,1,0,3.4285714285714284,3.857142857142857,0.7142857142857143,0.4285714285714288
CSE2611083,2026-08-01 18:02:00+00:00,Medium,3,2,3,4,5,4,4,5,4,4,3,4,4,5,2,2,1,0,0,0,1,3.5714285714285716,4.142857142857143,0.8571428571428571,0.5714285714285716
CSE2611084,2026-08-01 18:03:00+00:00,Medium,2,3,3,1,5,3,3,5,4,4,3,4,4,3,3,1,1,2,0,1,0,2.857142857142857,3.857142857142857,1.1428571428571428,1.0
CSE2611085,2026-08-01 18:04:00+00:00,High,3,4,1,3,3,3,1,4,5,5,4,3,5,5,1,1,4,1,0,2,4,2.5714285714285716,4.428571428571429,1.8571428571428572,1.8571428571428572
CSE2611086,2026-08-01 18:05:00+00:00,Low,5,4,3,4,3,2,4,3,5,4,3,4,3,5,0,1,1,0,1,1,1,3.5714285714285716,3.857142857142857,0.7142857142857143,0.2857142857142856
CSE2611087,2026-08-01 18:06:00+00:00,Medium,4,2,2,3,5,4,3,5,4,4,4,4,5,4,1,2,2,1,0,1,1,3.2857142857142856,4.285714285714286,1.1428571428571428,1.0
CSE2611088,2026-08-01 18:07:00+00:00,Medium,4,4,5,3,3,3,2,5,3,4,4,3,4,5,1,0,0,1,0,1,3,3.4285714285714284,4.0,0.8571428571428571,0.5714285714285716
CSE2611089,2026-08-01 18:08:00+00:00,Medium,3,4,3,3,2,2,2,3,3,3,4,4,5,4,0,0,0,1,2,3,2,2.7142857142857144,3.7142857142857144,1.1428571428571428,1.0
CSE2611090,2026-08-01 18:09:00+00:00,Low,2,4,4,4,4,4,4,4,4,5,4,3,5,5,2,0,1,0,0,1,1,3.7142857142857144,4.285714285714286,0.7142857142857143,0.5714285714285712
CSE2611091,2026-08-01 18:10:00+00:00,High,2,3,4,4,1,2,4,5,4,3,5,4,4,5,3,1,0,1,3,2,1,2.857142857142857,4.285714285714286,1.5714285714285714,1.4285714285714284
CSE2611092,2026-08-01 18:11:00+00:00,High,3,3,2,1,4,4,2,5,5,5,5,4,4,4,2,2,3,4,0,0,2,2.7142857142857144,4.571428571428571,1.8571428571428572,1.8571428571428568
CSE2611093,2026-08-01 18:12:00+00:00,Medium,4,5,3,2,3,3,4,4,5,4,5,5,4,5,0,0,1,3,2,1,1,3.4285714285714284,4.571428571428571,1.1428571428571428,1.1428571428571428
CSE2611094,2026-08-01 18:13:00+00:00,Low,5,4,5,2,2,4,4,4,5,4,3,3,4,4,0,1,0,1,1,0,0,3.7142857142857144,3.857142857142857,0.42857142857142855,0.1428571428571428
CSE2611095,2026-08-01 18:14:00+00:00,Low,5,5,4,4,1,4,5,4,5,4,4,4,4,4,0,0,0,0,3,0,0,4.0,4.142857142857143,0.42857142857142855,0.14285714285714324
CSE2611096,2026-08-01 18:15:00+00:00,High,1,2,2,4,2,4,3,5,4,5,5,5,4,4,4,2,3,1,3,0,1,2.5714285714285716,4.571428571428571,2.0,1.9999999999999996
CSE2611097,2026-08-01 18:16:00+00:00,Medium,3,4,4,1,4,4,2,3,4,4,5,5,4,4,0,0,0,4,1,0,2,3.142857142857143,4.142857142857143,1.0,1.0000000000000004
CSE2611098,2026-08-01 18:17:00+00:00,High,3,4,4,2,1,2,2,5,4,4,4,4,5,5,2,0,0,2,3,3,3,2.5714285714285716,4.428571428571429,1.8571428571428572,1.8571428571428572
CSE2611099,2026-08-01 18:18:00+00:00,Medium,3,4,3,5,3,2,3,4,4,5,5,3,4,5,1,0,2,0,0,2,2,3.2857142857142856,4.285714285714286,1.0,1.0
CSE2611100,2026-08-01 18:19:00+00:00,Low,3,4,4,4,4,4,2,5,3,4,4,4,4,4,2,0,0,0,0,0,2,3.5714285714285716,4.0,0.5714285714285714,0.4285714285714284
CSE2611101,2026-08-01 18:20:00+00:00,Medium,4,2,2,5,3,3,3,3,4,5,5,4,5,4,0,2,3,0,1,2,1,3.142857142857143,4.285714285714286,1.2857142857142858,1.1428571428571428
CSE2611102,2026-08-01 18:21:00+00:00,High,3,3,1,3,1,3,1,4,4,4,5,4,4,4,1,1,3,2,3,1,3,2.142857142857143,4.142857142857143,2.0,2.0000000000000004
CSE2611103,2026-08-01 18:22:00+00:00,High,4,2,2,4,1,3,5,5,5,4,4,5,5,4,1,3,2,0,4,2,0,3.0,4.571428571428571,1.7142857142857142,1.5714285714285712
CSE2611104,2026-08-01 18:23:00+00:00,High,2,4,3,4,3,1,2,4,5,3,4,5,4,5,2,1,0,0,2,3,3,2.7142857142857144,4.285714285714286,1.5714285714285714,1.5714285714285712
CSE2611105,2026-08-01 18:24:00+00:00,Medium,3,4,4,1,2,4,1,5,3,4,4,5,4,3,2,0,0,3,3,0,2,2.7142857142857144,4.0,1.4285714285714286,1.2857142857142856
CSE2611106,2026-08-01 18:25:00+00:00,Low,1,3,4,3,5,4,4,4,4,4,4,5,3,4,3,1,0,1,0,0,0,3.4285714285714284,4.0,0.7142857142857143,0.5714285714285716
CSE2611107,2026-08-01 18:26:00+00:00,High,4,2,2,2,3,2,1,5,5,4,4,3,5,4,1,3,2,2,0,3,3,2.2857142857142856,4.285714285714286,2.0,2.0
CSE2611108,2026-08-01 18:27:00+00:00,High,3,3,3,2,4,4,2,4,5,5,5,5,4,5,1,2,2,3,1,0,3,3.0,4.714285714285714,1.7142857142857142,1.7142857142857144
CSE2611109,2026-08-01 18:28:00+00:00,Medium,3,3,3,3,3,2,3,4,3,4,4,3,4,5,1,0,1,1,0,2,2,2.857142857142857,3.857142857142857,1.0,1.0
CSE2611110,2026-08-01 18:29:00+00:00,Medium,4,3,3,1,1,4,4,4,4,4,5,3,4,4,0,1,1,4,2,0,0,2.857142857142857,4.0,1.1428571428571428,1.1428571428571428
CSE2611111,2026-08-01 18:30:00+00:00,Low,4,3,4,5,4,3,3,4,3,4,4,4,3,3,0,0,0,0,0,0,0,3.7142857142857144,3.5714285714285716,0.0,-0.1428571428571428
CSE2611112,2026-08-01 18:31:00+00:00,Low,4,2,2,4,5,3,4,4,3,5,4,3,4,4,0,1,3,0,0,1,0,3.4285714285714284,3.857142857142857,0.7142857142857143,0.4285714285714288
CSE2611113,2026-08-01 18:32:00+00:00,Medium,3,5,3,3,4,4,4,4,3,4,5,5,3,5,1,0,1,2,1,0,1,3.7142857142857144,4.142857142857143,0.8571428571428571,0.4285714285714288
CSE2611114,2026-08-01 18:33:00+00:00,Medium,4,4,3,3,5,3,2,4,3,5,4,5,4,4,0,0,2,1,0,1,2,3.4285714285714284,4.142857142857143,0.8571428571428571,0.7142857142857149
CSE2611115,2026-08-01 18:34:00+00:00,Medium,4,4,2,3,3,3,2,5,4,3,4,4,5,4,1,0,1,1,1,2,2,3.0,4.142857142857143,1.1428571428571428,1.1428571428571432
CSE2611116,2026-08-01 18:35:00+00:00,Medium,4,5,2,4,2,4,3,4,5,4,5,4,5,5,0,0,2,1,2,1,2,3.4285714285714284,4.571428571428571,1.1428571428571428,1.1428571428571428
CSE2611117,2026-08-01 18:36:00+00:00,Medium,2,2,2,3,2,4,4,4,5,3,3,4,5,5,2,3,1,0,2,1,1,2.7142857142857144,4.142857142857143,1.4285714285714286,1.4285714285714288
CSE2611118,2026-08-01 18:37:00+00:00,Medium,5,2,3,2,3,2,4,5,4,4,4,4,4,4,0,2,1,2,1,2,0,3.0,4.142857142857143,1.1428571428571428,1.1428571428571432
CSE2611119,2026-08-01 18:38:00+00:00,Medium,3,2,2,5,4,4,3,5,4,4,4,4,5,4,2,2,2,0,0,1,1,3.2857142857142856,4.285714285714286,1.1428571428571428,1.0
CSE2611120,2026-08-01 18:39:00+00:00,Medium,3,3,2,4,5,2,2,3,3,4,4,4,4,4,0,0,2,0,0,2,2,3.0,3.7142857142857144,0.8571428571428571,0.7142857142857144
CSE2611121,2026-08-01 18:40:00+00:00,Medium,3,3,2,4,3,2,3,4,4,4,5,3,4,4,1,1,2,1,0,2,1,2.857142857142857,4.0,1.1428571428571428,1.1428571428571428
CSE2611122,2026-08-01 18:41:00+00:00,Medium,3,3,3,3,5,3,2,3,3,5,3,5,5,5,0,0,2,0,0,2,3,3.142857142857143,4.142857142857143,1.0,1.0000000000000004
CSE2611123,2026-08-01 18:42:00+00:00,Low,3,4,5,4,3,3,4,5,4,4,3,3,3,4,2,0,0,0,0,0,0,3.7142857142857144,3.7142857142857144,0.2857142857142857,0.0
CSE2611124,2026-08-01 18:43:00+00:00,Medium,2,4,3,4,3,4,2,4,5,5,5,5,3,3,2,1,2,1,2,0,1,3.142857142857143,4.285714285714286,1.2857142857142858,1.1428571428571428
CSE2611125,2026-08-01 18:44:00+00:00,Medium,3,4,4,3,4,4,5,5,4,4,5,5,5,4,2,0,0,2,1,1,0,3.857142857142857,4.571428571428571,0.8571428571428571,0.714285714285714
CSE2611126,2026-08-01 18:45:00+00:00,Medium,3,3,1,4,2,4,3,4,4,3,4,3,4,5,1,1,2,0,1,0,2,2.857142857142857,3.857142857142857,1.0,1.0
CSE2611127,2026-08-01 18:46:00+00:00,Medium,4,3,5,4,1,3,4,4,4,4,4,4,4,5,0,1,0,0,3,1,1,3.4285714285714284,4.142857142857143,0.8571428571428571,0.7142857142857149
CSE2611128,2026-08-01 18:47:00+00:00,Medium,4,3,4,3,3,3,3,4,5,5,4,5,4,4,0,2,1,1,2,1,1,3.2857142857142856,4.428571428571429,1.1428571428571428,1.1428571428571432
CSE2611129,2026-08-01 18:48:00+00:00,Low,3,5,2,3,3,5,4,4,4,4,3,4,4,3,1,0,2,0,1,0,0,3.5714285714285716,3.7142857142857144,0.5714285714285714,0.1428571428571428
CSE2611130,2026-08-01 18:49:00+00:00,Low,3,4,3,5,5,4,3,5,4,4,4,4,4,4,2,0,1,0,0,0,1,3.857142857142857,4.142857142857143,0.5714285714285714,0.28571428571428603
CSE2611131,2026-08-01 18:50:00+00:00,Medium,1,4,3,3,5,3,3,4,3,4,4,5,4,4,3,0,1,1,0,1,1,3.142857142857143,4.0,1.0,0.8571428571428572
CSE2611132,2026-08-01 18:51:00+00:00,Medium,3,3,4,4,2,4,5,4,5,4,5,4,4,5,1,2,0,1,2,0,0,3.5714285714285716,4.428571428571429,0.8571428571428571,0.8571428571428572
CSE2611133,2026-08-01 18:52:00+00:00,Medium,2,3,3,3,4,3,4,4,5,3,4,4,4,5,2,2,0,1,0,1,1,3.142857142857143,4.142857142857143,1.0,1.0000000000000004
CSE2611134,2026-08-01 18:53:00+00:00,High,1,2,3,3,3,4,2,4,4,5,3,5,5,4,3,2,2,0,2,1,2,2.5714285714285716,4.285714285714286,1.7142857142857142,1.714285714285714
CSE2611135,2026-08-01 18:54:00+00:00,High,1,5,2,3,3,2,3,4,4,4,5,5,4,4,3,0,2,2,2,2,1,2.7142857142857144,4.285714285714286,1.7142857142857142,1.5714285714285712
CSE2611136,2026-08-01 18:55:00+00:00,Low,4,5,3,4,3,4,4,4,4,3,5,5,5,3,0,0,0,1,2,1,0,3.857142857142857,4.142857142857143,0.5714285714285714,0.28571428571428603
CSE2611137,2026-08-01 18:56:00+00:00,Low,4,3,5,3,3,3,3,4,4,3,4,3,4,4,0,1,0,1,0,1,1,3.4285714285714284,3.7142857142857144,0.5714285714285714,0.28571428571428603
CSE2611138,2026-08-01 18:57:00+00:00,High,3,1,3,2,3,4,2,4,4,4,5,5,4,3,1,3,1,3,2,0,1,2.5714285714285716,4.142857142857143,1.5714285714285714,1.5714285714285716
CSE2611139,2026-08-01 18:58:00+00:00,Medium,4,1,3,4,4,4,3,5,4,4,4,4,3,4,1,3,1,0,0,0,1,3.2857142857142856,4.0,0.8571428571428571,0.7142857142857144
CSE2611140,2026-08-01 18:59:00+00:00,High,3,2,3,3,4,2,2,4,5,5,5,5,4,5,1,3,2,2,1,2,3,2.7142857142857144,4.714285714285714,2.0,2.0
CSE2611141,2026-08-01 19:00:00+00:00,Low,5,3,4,3,4,2,5,5,3,4,4,4,4,5,0,0,0,1,0,2,0,3.7142857142857144,4.142857142857143,0.42857142857142855,0.4285714285714288
CSE2611142,2026-08-01 19:01:00+00:00,Medium,2,1,3,5,3,4,4,4,5,4,3,4,4,4,2,4,1,0,1,0,0,3.142857142857143,4.0,1.1428571428571428,0.8571428571428572
CSE2611143,2026-08-01 19:02:00+00:00,Medium,4,2,3,1,4,5,3,4,4,4,4,4,4,4,0,2,1,3,0,0,1,3.142857142857143,4.0,1.0,0.8571428571428572
CSE2611144,2026-08-01 19:03:00+00:00,High,4,4,1,4,1,2,4,5,5,4,4,5,4,4,1,1,3,0,4,2,0,2.857142857142857,4.428571428571429,1.5714285714285714,1.5714285714285716
CSE2611145,2026-08-01 19:04:00+00:00,Low,3,4,5,4,3,2,4,4,4,4,3,5,3,4,1,0,0,0,2,1,0,3.5714285714285716,3.857142857142857,0.5714285714285714,0.2857142857142856
CSE2611146,2026-08-01 19:05:00+00:00,Medium,4,4,3,4,4,3,2,5,4,4,4,4,5,5,1,0,1,0,0,2,3,3.4285714285714284,4.428571428571429,1.0,1.0000000000000004
CSE2611147,2026-08-01 19:06:00+00:00,Medium,1,5,4,2,3,5,4,4,5,4,5,5,5,3,3,0,0,3,2,0,0,3.4285714285714284,4.428571428571429,1.1428571428571428,1.0000000000000004
CSE2611148,2026-08-01 19:07:00+00:00,High,2,4,1,3,3,3,3,4,5,3,5,4,4,5,2,1,2,2,1,1,2,2.7142857142857144,4.285714285714286,1.5714285714285714,1.5714285714285712
CSE2611149,2026-08-01 19:08:00+00:00,Low,4,3,5,1,4,2,3,3,3,5,4,3,3,4,0,0,0,3,0,1,1,3.142857142857143,3.5714285714285716,0.7142857142857143,0.4285714285714288
CSE2611150,2026-08-01 19:09:00+00:00,High,2,5,1,4,4,1,3,4,4,5,5,4,4,4,2,0,4,1,0,3,1,2.857142857142857,4.285714285714286,1.5714285714285714,1.4285714285714284
CSE2611151,2026-08-01 19:10:00+00:00,Low,4,5,4,4,3,3,4,3,4,4,4,4,4,4,0,0,0,0,1,1,0,3.857142857142857,3.857142857142857,0.2857142857142857,0.0
CSE2611152,2026-08-01 19:11:00+00:00,Medium,5,2,3,2,3,1,4,4,3,4,3,5,4,5,0,1,1,1,2,3,1,2.857142857142857,4.0,1.2857142857142858,1.1428571428571428
CSE2611153,2026-08-01 19:12:00+00:00,Medium,4,2,1,3,2,2,4,4,3,5,4,4,4,4,0,1,4,1,2,2,0,2.5714285714285716,4.0,1.4285714285714286,1.4285714285714284
CSE2611154,2026-08-01 19:13:00+00:00,Medium,4,4,4,4,3,3,1,4,4,5,4,4,4,5,0,0,1,0,1,1,4,3.2857142857142856,4.285714285714286,1.0,1.0
CSE2611155,2026-08-01 19:14:00+00:00,High,2,2,1,3,1,1,3,5,5,3,5,4,3,5,3,3,2,2,3,2,2,1.8571428571428572,4.285714285714286,2.4285714285714284,2.4285714285714284
CSE2611156,2026-08-01 19:15:00+00:00,High,2,4,1,3,3,4,2,4,5,4,4,4,5,4,2,1,3,1,1,1,2,2.7142857142857144,4.285714285714286,1.5714285714285714,1.5714285714285712
CSE2611157,2026-08-01 19:16:00+00:00,Medium,3,3,2,3,2,3,4,4,4,4,5,4,5,4,1,1,2,2,2,2,0,2.857142857142857,4.285714285714286,1.4285714285714286,1.4285714285714284
CSE2611158,2026-08-01 19:17:00+00:00,High,3,1,3,3,2,2,3,4,5,4,5,4,5,5,1,4,1,2,2,3,2,2.4285714285714284,4.571428571428571,2.142857142857143,2.142857142857143
CSE2611159,2026-08-01 19:18:00+00:00,Medium,4,3,3,3,3,3,2,4,4,4,3,5,4,4,0,1,1,0,2,1,2,3.0,4.0,1.0,1.0
CSE2611160,2026-08-01 19:19:00+00:00,Medium,4,5,2,3,4,3,3,4,4,4,5,5,4,4,0,0,2,2,1,1,1,3.4285714285714284,4.285714285714286,1.0,0.8571428571428572
CSE2611161,2026-08-01 19:20:00+00:00,Medium,3,3,3,2,5,1,5,4,5,4,4,4,4,4,1,2,1,2,0,3,0,3.142857142857143,4.142857142857143,1.2857142857142858,1.0000000000000004
CSE2611162,2026-08-01 19:21:00+00:00,High,1,2,2,4,4,2,4,4,4,5,4,3,5,4,3,2,3,0,0,3,0,2.7142857142857144,4.142857142857143,1.5714285714285714,1.4285714285714288
CSE2611163,2026-08-01 19:22:00+00:00,Medium,5,4,3,2,4,3,3,4,4,4,5,4,4,4,0,0,1,3,0,1,1,3.4285714285714284,4.142857142857143,0.8571428571428571,0.7142857142857149
CSE2611164,2026-08-01 19:23:00+00:00,High,2,4,3,1,3,3,4,4,4,5,5,5,4,4,2,0,2,4,2,1,0,2.857142857142857,4.428571428571429,1.5714285714285714,1.5714285714285716
CSE2611165,2026-08-01 19:24:00+00:00,Medium,5,3,4,4,3,3,2,5,3,4,4,4,5,5,0,0,0,0,1,2,3,3.4285714285714284,4.285714285714286,0.8571428571428571,0.8571428571428572
CSE2611166,2026-08-01 19:25:00+00:00,High,1,2,1,4,4,1,5,5,4,5,5,3,4,5,4,2,4,1,0,3,0,2.5714285714285716,4.428571428571429,2.0,1.8571428571428572
CSE2611167,2026-08-01 19:26:00+00:00,Medium,4,3,3,3,3,3,2,3,5,4,4,5,3,5,0,2,1,1,2,0,3,3.0,4.142857142857143,1.2857142857142858,1.1428571428571432
CSE2611168,2026-08-01 19:27:00+00:00,Medium,4,5,5,2,5,4,1,3,4,5,4,4,4,5,0,0,0,2,0,0,4,3.7142857142857144,4.142857142857143,0.8571428571428571,0.4285714285714288
CSE2611169,2026-08-01 19:28:00+00:00,Medium,1,3,5,3,2,4,4,4,4,4,4,3,5,5,3,1,0,1,1,1,1,3.142857142857143,4.142857142857143,1.1428571428571428,1.0000000000000004
CSE2611170,2026-08-01 19:29:00+00:00,Medium,3,3,2,3,3,3,5,5,4,4,3,4,3,4,2,1,2,0,1,0,0,3.142857142857143,3.857142857142857,0.8571428571428571,0.7142857142857144
CSE2611171,2026-08-01 19:30:00+00:00,Medium,3,4,2,5,3,1,1,4,4,5,4,4,4,3,1,0,3,0,1,3,2,2.7142857142857144,4.0,1.4285714285714286,1.2857142857142856
CSE2611172,2026-08-01 19:31:00+00:00,Medium,3,3,3,4,1,3,4,3,3,3,5,4,5,5,0,0,0,1,3,2,1,3.0,4.0,1.0,1.0
CSE2611173,2026-08-01 19:32:00+00:00,Low,5,4,4,4,4,3,3,3,4,5,4,5,4,5,0,0,1,0,1,1,2,3.857142857142857,4.285714285714286,0.7142857142857143,0.4285714285714284
CSE2611174,2026-08-01 19:33:00+00:00,Low,4,4,4,4,4,3,4,4,4,4,4,4,4,4,0,0,0,0,0,1,0,3.857142857142857,4.0,0.14285714285714285,0.1428571428571428
CSE2611175,2026-08-01 19:34:00+00:00,Low,2,4,4,5,4,4,4,3,5,5,4,3,4,3,1,1,1,0,0,0,0,3.857142857142857,3.857142857142857,0.42857142857142855,0.0
CSE2611176,2026-08-01 19:35:00+00:00,Medium,3,5,3,5,3,4,2,4,4,5,5,3,5,4,1,0,2,0,0,1,2,3.5714285714285716,4.285714285714286,0.8571428571428571,0.714285714285714
CSE2611177,2026-08-01 19:36:00+00:00,High,3,4,3,3,1,4,1,5,4,4,5,5,4,3,2,0,1,2,4,0,2,2.7142857142857144,4.285714285714286,1.5714285714285714,1.5714285714285712
CSE2611178,2026-08-01 19:37:00+00:00,Low,3,3,3,4,2,3,4,4,3,4,5,3,4,4,1,0,1,1,1,1,0,3.142857142857143,3.857142857142857,0.7142857142857143,0.7142857142857144
CSE2611179,2026-08-01 19:38:00+00:00,Low,3,5,5,3,3,4,2,3,4,3,3,4,3,4,0,0,0,0,1,0,2,3.5714285714285716,3.4285714285714284,0.42857142857142855,-0.14285714285714324
CSE2611180,2026-08-01 19:39:00+00:00,Medium,3,3,2,2,5,2,3,4,4,3,5,3,3,4,1,1,1,3,0,1,1,2.857142857142857,3.7142857142857144,1.1428571428571428,0.8571428571428572
CSE2611181,2026-08-01 19:40:00+00:00,Medium,4,3,2,4,3,2,3,4,4,4,3,4,5,5,0,1,2,0,1,3,2,3.0,4.142857142857143,1.2857142857142858,1.1428571428571432
CSE2611182,2026-08-01 19:41:00+00:00,High,1,4,1,4,3,4,3,5,5,5,4,4,4,5,4,1,4,0,1,0,2,2.857142857142857,4.571428571428571,1.7142857142857142,1.714285714285714
CSE2611183,2026-08-01 19:42:00+00:00,High,2,2,2,3,3,1,4,4,4,5,4,4,4,4,2,2,3,1,1,3,0,2.4285714285714284,4.142857142857143,1.7142857142857142,1.7142857142857149
CSE2611184,2026-08-01 19:43:00+00:00,Low,2,3,5,4,4,3,4,4,4,4,3,4,4,4,2,1,0,0,0,1,0,3.5714285714285716,3.857142857142857,0.5714285714285714,0.2857142857142856
CSE2611185,2026-08-01 19:44:00+00:00,Low,2,3,5,3,4,3,3,4,4,3,4,3,4,3,2,1,0,1,0,1,0,3.2857142857142856,3.5714285714285716,0.7142857142857143,0.28571428571428603
CSE2611186,2026-08-01 19:45:00+00:00,Medium,3,2,3,4,3,4,3,5,4,3,3,4,4,4,2,2,0,0,1,0,1,3.142857142857143,3.857142857142857,0.8571428571428571,0.7142857142857144
CSE2611187,2026-08-01 19:46:00+00:00,Medium,3,2,2,5,3,4,4,4,4,4,4,4,3,4,1,2,2,0,1,0,0,3.2857142857142856,3.857142857142857,0.8571428571428571,0.5714285714285716
CSE2611188,2026-08-01 19:47:00+00:00,Medium,1,3,1,5,4,5,3,3,4,5,4,4,3,3,2,1,4,0,0,0,0,3.142857142857143,3.7142857142857144,1.0,0.5714285714285716
CSE2611189,2026-08-01 19:48:00+00:00,Medium,1,4,4,4,2,4,5,5,5,3,5,4,4,5,4,1,0,1,2,0,0,3.4285714285714284,4.428571428571429,1.1428571428571428,1.0000000000000004
CSE2611190,2026-08-01 19:49:00+00:00,Medium,3,3,3,5,2,5,5,4,4,5,4,4,5,4,1,1,2,0,2,0,0,3.7142857142857144,4.285714285714286,0.8571428571428571,0.5714285714285712
CSE2611191,2026-08-01 19:50:00+00:00,Medium,5,2,4,4,3,2,3,4,4,4,4,4,4,4,0,2,0,0,1,2,1,3.2857142857142856,4.0,0.8571428571428571,0.7142857142857144
CSE2611192,2026-08-01 19:51:00+00:00,Medium,2,3,4,4,4,2,3,3,4,4,4,5,5,4,1,1,0,0,1,3,1,3.142857142857143,4.142857142857143,1.0,1.0000000000000004
CSE2611193,2026-08-01 19:52:00+00:00,Low,4,5,4,2,3,4,2,3,5,3,5,3,4,4,0,0,0,3,0,0,2,3.4285714285714284,3.857142857142857,0.7142857142857143,0.4285714285714288
CSE2611194,2026-08-01 19:53:00+00:00,Medium,3,4,4,2,5,3,5,4,5,5,5,5,4,3,1,1,1,3,0,1,0,3.7142857142857144,4.428571428571429,1.0,0.7142857142857144
CSE2611195,2026-08-01 19:54:00+00:00,Low,4,2,3,3,3,4,2,3,4,3,3,5,4,3,0,2,0,0,2,0,1,3.0,3.5714285714285716,0.7142857142857143,0.5714285714285716
CSE2611196,2026-08-01 19:55:00+00:00,Low,3,3,5,3,3,3,4,3,4,4,3,5,3,5,0,1,0,0,2,0,1,3.4285714285714284,3.857142857142857,0.5714285714285714,0.4285714285714288
CSE2611197,2026-08-01 19:56:00+00:00,High,3,3,2,4,3,3,2,4,5,4,5,4,5,4,1,2,2,1,1,2,2,2.857142857142857,4.428571428571429,1.5714285714285714,1.5714285714285716
CSE2611198,2026-08-01 19:57:00+00:00,Medium,3,3,2,4,2,2,3,5,4,4,4,3,3,4,2,1,2,0,1,1,1,2.7142857142857144,3.857142857142857,1.1428571428571428,1.1428571428571428
CSE2611199,2026-08-01 19:58:00+00:00,Low,4,3,3,3,4,4,1,3,4,3,5,4,4,3,0,1,0,2,0,0,2,3.142857142857143,3.7142857142857144,0.7142857142857143,0.5714285714285716
CSE2611200,2026-08-01 19:59:00+00:00,Medium,5,1,4,2,3,3,4,4,4,5,4,4,4,3,0,3,1,2,1,1,0,3.142857142857143,4.0,1.1428571428571428,0.8571428571428572
CSE2611201,2026-08-01 20:00:00+00:00,Medium,2,3,4,2,3,4,3,4,4,4,5,5,3,4,2,1,0,3,2,0,1,3.0,4.142857142857143,1.2857142857142858,1.1428571428571432
CSE2611202,2026-08-01 20:01:00+00:00,High,1,3,3,4,3,1,1,4,5,4,5,4,4,4,3,2,1,1,1,3,3,2.2857142857142856,4.285714285714286,2.0,2.0
CSE2611203,2026-08-01 20:02:00+00:00,Medium,3,3,3,5,4,3,3,4,4,5,4,4,4,4,1,1,2,0,0,1,1,3.4285714285714284,4.142857142857143,0.8571428571428571,0.7142857142857149
CSE2611204,2026-08-01 20:03:00+00:00,Low,3,3,4,2,3,4,4,3,4,5,4,4,4,4,0,1,1,2,1,0,0,3.2857142857142856,4.0,0.7142857142857143,0.7142857142857144
CSE2611205,2026-08-01 20:04:00+00:00,Medium,2,5,1,4,4,3,3,4,5,3,5,4,4,4,2,0,2,1,0,1,1,3.142857142857143,4.142857142857143,1.0,1.0000000000000004
CSE2611206,2026-08-01 20:05:00+00:00,Medium,3,3,3,3,1,4,4,4,3,4,4,4,3,4,1,0,1,1,3,0,0,3.0,3.7142857142857144,0.8571428571428571,0.7142857142857144
CSE2611207,2026-08-01 20:06:00+00:00,Medium,4,3,2,2,3,3,3,4,4,4,4,5,4,4,0,1,2,2,2,1,1,2.857142857142857,4.142857142857143,1.2857142857142858,1.285714285714286
CSE2611208,2026-08-01 20:07:00+00:00,Medium,4,3,2,3,3,3,3,5,4,5,4,4,5,4,1,1,3,1,1,2,1,3.0,4.428571428571429,1.4285714285714286,1.4285714285714288
CSE2611209,2026-08-01 20:08:00+00:00,Low,3,3,5,3,3,3,4,3,4,4,4,4,4,5,0,1,0,1,1,1,1,3.4285714285714284,4.0,0.7142857142857143,0.5714285714285716
CSE2611210,2026-08-01 20:09:00+00:00,Medium,3,4,3,3,4,4,2,4,4,4,4,4,4,5,1,0,1,1,0,0,3,3.2857142857142856,4.142857142857143,0.8571428571428571,0.8571428571428577
CSE2611211,2026-08-01 20:10:00+00:00,Medium,4,5,2,3,4,5,2,5,4,4,4,4,4,5,1,0,2,1,0,0,3,3.5714285714285716,4.285714285714286,1.0,0.714285714285714
CSE2611212,2026-08-01 20:11:00+00:00,Low,4,4,4,3,4,2,4,4,4,3,3,3,4,4,0,0,0,0,0,2,0,3.5714285714285716,3.5714285714285716,0.2857142857142857,0.0
CSE2611213,2026-08-01 20:12:00+00:00,Medium,3,2,5,4,4,3,3,4,5,4,4,4,4,4,1,3,0,0,0,1,1,3.4285714285714284,4.142857142857143,0.8571428571428571,0.7142857142857149
CSE2611214,2026-08-01 20:13:00+00:00,Medium,3,1,3,5,3,4,4,5,4,4,5,5,4,4,2,3,1,0,2,0,0,3.2857142857142856,4.428571428571429,1.1428571428571428,1.1428571428571432
CSE2611215,2026-08-01 20:14:00+00:00,Low,3,4,4,4,4,3,4,3,4,4,4,5,3,4,0,0,0,0,1,0,0,3.7142857142857144,3.857142857142857,0.14285714285714285,0.1428571428571428
CSE2611216,2026-08-01 20:15:00+00:00,Low,3,3,4,3,4,2,3,4,4,4,4,3,3,3,1,1,0,1,0,1,0,3.142857142857143,3.5714285714285716,0.5714285714285714,0.4285714285714288
CSE2611217,2026-08-01 20:16:00+00:00,Low,4,3,4,3,3,3,3,4,4,4,3,4,4,4,0,1,0,0,1,1,1,3.2857142857142856,3.857142857142857,0.5714285714285714,0.5714285714285716
CSE2611218,2026-08-01 20:17:00+00:00,Low,3,3,3,2,3,5,4,4,4,4,4,3,5,4,1,1,1,2,0,0,0,3.2857142857142856,4.0,0.7142857142857143,0.7142857142857144
CSE2611219,2026-08-01 20:18:00+00:00,Medium,3,5,4,2,5,3,3,5,3,5,4,4,5,3,2,0,1,2,0,2,0,3.5714285714285716,4.142857142857143,1.0,0.5714285714285716
CSE2611220,2026-08-01 20:19:00+00:00,Medium,2,3,5,3,5,1,4,5,4,3,5,4,5,3,3,1,0,2,0,4,0,3.2857142857142856,4.142857142857143,1.4285714285714286,0.8571428571428577
CSE2611221,2026-08-01 20:20:00+00:00,Medium,4,2,2,4,4,1,3,4,3,4,4,5,4,4,0,1,2,0,1,3,1,2.857142857142857,4.0,1.1428571428571428,1.1428571428571428
CSE2611222,2026-08-01 20:21:00+00:00,Medium,1,3,2,4,2,1,3,3,3,4,5,3,3,5,2,0,2,1,1,2,2,2.2857142857142856,3.7142857142857144,1.4285714285714286,1.4285714285714288
CSE2611223,2026-08-01 20:22:00+00:00,Low,2,3,4,3,5,3,4,4,3,4,5,3,4,3,2,0,0,2,0,1,0,3.4285714285714284,3.7142857142857144,0.7142857142857143,0.28571428571428603
CSE2611224,2026-08-01 20:23:00+00:00,Medium,3,4,4,3,4,1,3,5,4,5,4,4,5,4,2,0,1,1,0,4,1,3.142857142857143,4.428571428571429,1.2857142857142858,1.285714285714286
CSE2611225,2026-08-01 20:24:00+00:00,Medium,4,3,2,2,3,2,3,4,4,5,3,4,5,4,0,1,3,1,1,3,1,2.7142857142857144,4.142857142857143,1.4285714285714286,1.4285714285714288
CSE2611226,2026-08-01 20:25:00+00:00,Low,4,2,4,3,4,4,4,3,5,4,4,5,3,4,0,3,0,1,1,0,0,3.5714285714285716,4.0,0.7142857142857143,0.4285714285714284
CSE2611227,2026-08-01 20:26:00+00:00,Low,4,2,4,5,4,3,1,4,3,4,3,4,4,4,0,1,0,0,0,1,3,3.2857142857142856,3.7142857142857144,0.7142857142857143,0.4285714285714288
CSE2611228,2026-08-01 20:27:00+00:00,Medium,4,4,4,5,2,3,3,5,3,5,4,4,4,4,1,0,1,0,2,1,1,3.5714285714285716,4.142857142857143,0.8571428571428571,0.5714285714285716
CSE2611229,2026-08-01 20:28:00+00:00,Medium,3,3,3,2,3,3,4,4,5,3,4,4,5,4,1,2,0,2,1,2,0,3.0,4.142857142857143,1.1428571428571428,1.1428571428571432
CSE2611230,2026-08-01 20:29:00+00:00,Medium,3,4,3,3,3,3,1,3,4,5,4,3,3,4,0,0,2,1,0,0,3,2.857142857142857,3.7142857142857144,0.8571428571428571,0.8571428571428572
CSE2611231,2026-08-01 20:30:00+00:00,Medium,2,3,2,4,2,4,2,5,3,5,3,4,3,4,3,0,3,0,2,0,2,2.7142857142857144,3.857142857142857,1.4285714285714286,1.1428571428571428
CSE2611232,2026-08-01 20:31:00+00:00,Low,5,3,4,3,3,2,4,4,4,4,5,3,3,3,0,1,0,2,0,1,0,3.4285714285714284,3.7142857142857144,0.5714285714285714,0.28571428571428603
CSE2611233,2026-08-01 20:32:00+00:00,Low,3,5,3,3,4,3,3,3,5,5,3,4,3,5,0,0,2,0,0,0,2,3.4285714285714284,4.0,0.5714285714285714,0.5714285714285716
CSE2611234,2026-08-01 20:33:00+00:00,Medium,2,5,4,1,2,4,3,4,4,4,4,4,4,5,2,0,0,3,2,0,2,3.0,4.142857142857143,1.2857142857142858,1.1428571428571432
CSE2611235,2026-08-01 20:34:00+00:00,Medium,4,2,2,4,2,3,3,3,5,5,4,4,4,4,0,3,3,0,2,1,1,2.857142857142857,4.142857142857143,1.4285714285714286,1.285714285714286
CSE2611236,2026-08-01 20:35:00+00:00,Medium,2,3,4,4,4,2,2,4,5,4,4,3,5,4,2,2,0,0,0,3,2,3.0,4.142857142857143,1.2857142857142858,1.1428571428571432
CSE2611237,2026-08-01 20:36:00+00:00,Medium,3,3,2,2,4,3,3,3,4,4,5,4,4,5,0,1,2,3,0,1,2,2.857142857142857,4.142857142857143,1.2857142857142858,1.285714285714286
CSE2611238,2026-08-01 20:37:00+00:00,Low,4,3,3,4,4,3,2,4,3,5,3,4,4,3,0,0,2,0,0,1,1,3.2857142857142856,3.7142857142857144,0.5714285714285714,0.4285714285714288
CSE2611239,2026-08-01 20:38:00+00:00,Low,4,5,5,4,4,3,3,3,5,4,4,5,3,4,0,0,0,0,1,0,1,4.0,4.0,0.2857142857142857,0.0
CSE2611240,2026-08-01 20:39:00+00:00,Medium,3,3,1,3,4,3,4,5,4,4,4,3,5,4,2,1,3,1,0,2,0,3.0,4.142857142857143,1.2857142857142858,1.1428571428571432
CSE2611241,2026-08-01 20:40:00+00:00,Medium,3,5,3,3,4,3,3,5,4,5,4,4,5,4,2,0,2,1,0,2,1,3.4285714285714284,4.428571428571429,1.1428571428571428,1.0000000000000004
CSE2611242,2026-08-01 20:41:00+00:00,High,4,3,4,2,3,3,2,5,4,5,5,4,5,4,1,1,1,3,1,2,2,3.0,4.571428571428571,1.5714285714285714,1.5714285714285712
CSE2611243,2026-08-01 20:42:00+00:00,Medium,2,5,5,3,3,4,3,4,4,5,4,5,5,5,2,0,0,1,2,1,2,3.5714285714285716,4.571428571428571,1.1428571428571428,0.9999999999999996
CSE2611244,2026-08-01 20:43:00+00:00,Low,4,4,3,2,3,3,4,4,4,4,3,4,4,4,0,0,1,1,1,1,0,3.2857142857142856,3.857142857142857,0.5714285714285714,0.5714285714285716
CSE2611245,2026-08-01 20:44:00+00:00,Medium,2,4,5,2,2,5,3,4,5,4,5,5,3,4,2,1,0,3,3,0,1,3.2857142857142856,4.285714285714286,1.4285714285714286,1.0
CSE2611246,2026-08-01 20:45:00+00:00,Medium,2,3,4,4,4,1,3,4,4,3,4,5,5,4,2,1,0,0,1,4,1,3.0,4.142857142857143,1.2857142857142858,1.1428571428571432
CSE2611247,2026-08-01 20:46:00+00:00,Medium,2,4,3,2,2,3,3,4,4,4,3,5,3,4,2,0,1,1,3,0,1,2.7142857142857144,3.857142857142857,1.1428571428571428,1.1428571428571428
CSE2611248,2026-08-01 20:47:00+00:00,High,2,2,3,1,3,3,2,5,4,5,4,4,3,4,3,2,2,3,1,0,2,2.2857142857142856,4.142857142857143,1.8571428571428572,1.8571428571428577
CSE2611249,2026-08-01 20:48:00+00:00,Medium,2,5,2,3,3,4,5,3,4,3,5,4,5,5,1,0,1,2,1,1,0,3.4285714285714284,4.142857142857143,0.8571428571428571,0.7142857142857149
CSE2611250,2026-08-01 20:49:00+00:00,Low,3,4,3,4,4,4,4,4,4,4,3,3,4,4,1,0,1,0,0,0,0,3.7142857142857144,3.7142857142857144,0.2857142857142857,0.0
CSE2611251,2026-08-01 20:50:00+00:00,High,3,1,1,3,2,5,2,5,4,4,4,3,4,3,2,3,3,1,1,0,1,2.4285714285714284,3.857142857142857,1.5714285714285714,1.4285714285714288
CSE2611252,2026-08-01 20:51:00+00:00,Medium,2,5,4,4,2,3,3,5,5,4,4,4,4,4,3,0,0,0,2,1,1,3.2857142857142856,4.285714285714286,1.0,1.0
CSE2611253,2026-08-01 20:52:00+00:00,High,3,2,2,4,1,5,4,4,5,4,5,5,5,4,1,3,2,1,4,0,0,3.0,4.571428571428571,1.5714285714285714,1.5714285714285712
CSE2611254,2026-08-01 20:53:00+00:00,Low,4,4,4,4,4,3,3,5,4,3,5,4,5,3,1,0,0,1,0,2,0,3.7142857142857144,4.142857142857143,0.5714285714285714,0.4285714285714288
CSE2611255,2026-08-01 20:54:00+00:00,Medium,3,3,3,3,3,4,3,5,4,4,3,3,4,5,2,1,1,0,0,0,2,3.142857142857143,4.0,0.8571428571428571,0.8571428571428572
CSE2611256,2026-08-01 20:55:00+00:00,Medium,4,4,2,2,4,2,3,3,4,4,4,4,4,5,0,0,2,2,0,2,2,3.0,4.0,1.1428571428571428,1.0
CSE2611257,2026-08-01 20:56:00+00:00,Medium,4,4,4,3,3,3,4,3,5,4,4,5,5,4,0,1,0,1,2,2,0,3.5714285714285716,4.285714285714286,0.8571428571428571,0.714285714285714
CSE2611258,2026-08-01 20:57:00+00:00,Medium,3,4,4,2,4,3,3,4,4,5,5,4,4,5,1,0,1,3,0,1,2,3.2857142857142856,4.428571428571429,1.1428571428571428,1.1428571428571432
CSE2611259,2026-08-01 20:58:00+00:00,High,3,2,3,2,2,3,2,4,4,4,5,3,5,5,1,2,1,3,1,2,3,2.4285714285714284,4.285714285714286,1.8571428571428572,1.8571428571428572
CSE2611260,2026-08-01 20:59:00+00:00,Medium,1,3,4,2,4,5,3,5,4,3,3,5,4,4,4,1,0,1,1,0,1,3.142857142857143,4.0,1.1428571428571428,0.8571428571428572
CSE2611261,2026-08-01 21:00:00+00:00,Medium,3,2,3,3,3,4,5,4,4,3,4,4,5,3,1,2,0,1,1,1,0,3.2857142857142856,3.857142857142857,0.8571428571428571,0.5714285714285716
CSE2611262,2026-08-01 21:01:00+00:00,Medium,3,2,3,4,4,4,2,4,4,4,5,5,5,4,1,2,1,1,1,1,2,3.142857142857143,4.428571428571429,1.2857142857142858,1.285714285714286
CSE2611263,2026-08-01 21:02:00+00:00,Low,3,4,2,3,5,4,2,4,4,5,3,3,3,3,1,0,3,0,0,0,1,3.2857142857142856,3.5714285714285716,0.7142857142857143,0.28571428571428603
CSE2611264,2026-08-01 21:03:00+00:00,Medium,3,3,4,3,2,4,4,5,4,3,4,4,4,5,2,1,0,1,2,0,1,3.2857142857142856,4.142857142857143,1.0,0.8571428571428577
CSE2611265,2026-08-01 21:04:00+00:00,Medium,3,3,4,4,4,2,3,3,4,5,3,4,5,5,0,1,1,0,0,3,2,3.2857142857142856,4.142857142857143,1.0,0.8571428571428577
CSE2611266,2026-08-01 21:05:00+00:00,Low,5,4,5,5,4,3,3,3,5,5,3,4,5,4,0,1,0,0,0,2,1,4.142857142857143,4.142857142857143,0.5714285714285714,0.0
CSE2611267,2026-08-01 21:06:00+00:00,High,3,3,1,4,2,3,2,4,5,3,5,4,5,4,1,2,2,1,2,2,2,2.5714285714285716,4.285714285714286,1.7142857142857142,1.714285714285714
CSE2611268,2026-08-01 21:07:00+00:00,Low,3,3,2,5,4,3,1,3,3,4,3,3,4,3,0,0,2,0,0,1,2,3.0,3.2857142857142856,0.7142857142857143,0.2857142857142856
CSE2611269,2026-08-01 21:08:00+00:00,Medium,5,1,4,4,3,4,4,4,3,5,3,5,4,5,0,2,1,0,2,0,1,3.5714285714285716,4.142857142857143,0.8571428571428571,0.5714285714285716
CSE2611270,2026-08-01 21:09:00+00:00,Medium,4,4,4,2,3,5,2,5,5,5,4,4,5,5,1,1,1,2,1,0,3,3.4285714285714284,4.714285714285714,1.2857142857142858,1.285714285714286
CSE2611271,2026-08-01 21:10:00+00:00,Medium,1,4,4,4,5,1,1,4,4,4,4,4,4,4,3,0,0,0,0,3,3,2.857142857142857,4.0,1.2857142857142858,1.1428571428571428
CSE2611272,2026-08-01 21:11:00+00:00,High,3,2,4,3,2,4,1,5,5,4,5,5,5,5,2,3,0,2,3,1,4,2.7142857142857144,4.857142857142857,2.142857142857143,2.1428571428571423
CSE2611273,2026-08-01 21:12:00+00:00,Medium,3,4,4,3,3,1,2,5,4,4,4,4,5,4,2,0,0,1,1,4,2,2.857142857142857,4.285714285714286,1.4285714285714286,1.4285714285714284
CSE2611274,2026-08-01 21:13:00+00:00,Medium,2,4,5,4,2,3,4,5,5,5,5,5,4,4,3,1,0,1,3,1,0,3.4285714285714284,4.714285714285714,1.2857142857142858,1.285714285714286
CSE2611275,2026-08-01 21:14:00+00:00,Medium,3,4,4,4,2,2,2,4,4,5,4,5,4,4,1,0,1,0,3,2,2,3.0,4.285714285714286,1.2857142857142858,1.2857142857142856
CSE2611276,2026-08-01 21:15:00+00:00,High,3,4,3,3,2,1,2,5,4,4,4,5,5,4,2,0,1,1,3,4,2,2.5714285714285716,4.428571428571429,1.8571428571428572,1.8571428571428572
CSE2611277,2026-08-01 21:16:00+00:00,Medium,3,3,1,3,3,3,5,3,4,5,4,4,3,5,0,1,4,1,1,0,0,3.0,4.0,1.0,1.0
CSE2611278,2026-08-01 21:17:00+00:00,Medium,2,4,1,4,3,4,5,4,4,5,5,4,3,4,2,0,4,1,1,0,0,3.2857142857142856,4.142857142857143,1.1428571428571428,0.8571428571428577
CSE2611279,2026-08-01 21:18:00+00:00,Medium,3,3,2,4,2,3,3,5,4,3,4,4,4,5,2,1,1,0,2,1,2,2.857142857142857,4.142857142857143,1.2857142857142858,1.285714285714286
CSE2611280,2026-08-01 21:19:00+00:00,Medium,3,2,3,2,3,2,5,4,4,4,4,4,4,4,1,2,1,2,1,2,0,2.857142857142857,4.0,1.2857142857142858,1.1428571428571428
CSE2611281,2026-08-01 21:20:00+00:00,Medium,3,5,5,3,3,3,4,5,5,4,5,5,4,4,2,0,0,2,2,1,0,3.7142857142857144,4.571428571428571,1.0,0.8571428571428568
CSE2611282,2026-08-01 21:21:00+00:00,Low,3,3,4,4,4,3,4,3,4,4,4,3,4,4,0,1,0,0,0,1,0,3.5714285714285716,3.7142857142857144,0.2857142857142857,0.1428571428571428
CSE2611283,2026-08-01 21:22:00+00:00,Low,4,5,4,5,3,4,4,3,4,4,3,5,4,4,0,0,0,0,2,0,0,4.142857142857143,3.857142857142857,0.2857142857142857,-0.28571428571428603
CSE2611284,2026-08-01 21:23:00+00:00,High,3,3,4,1,1,2,2,4,5,3,5,5,4,4,1,2,0,4,4,2,2,2.2857142857142856,4.285714285714286,2.142857142857143,2.0
CSE2611285,2026-08-01 21:24:00+00:00,Low,4,4,5,2,3,2,4,4,5,4,4,4,3,4,0,1,0,2,1,1,0,3.4285714285714284,4.0,0.7142857142857143,0.5714285714285716
CSE2611286,2026-08-01 21:25:00+00:00,Medium,5,3,2,2,2,3,5,4,4,4,5,3,4,4,0,1,2,3,1,1,0,3.142857142857143,4.0,1.1428571428571428,0.8571428571428572
CSE2611287,2026-08-01 21:26:00+00:00,High,2,3,3,3,4,2,3,5,4,5,5,5,4,4,3,1,2,2,1,2,1,2.857142857142857,4.571428571428571,1.7142857142857142,1.714285714285714
CSE2611288,2026-08-01 21:27:00+00:00,Medium,4,2,4,3,3,1,3,4,4,3,4,4,4,4,0,2,0,1,1,3,1,2.857142857142857,3.857142857142857,1.1428571428571428,1.0
CSE2611289,2026-08-01 21:28:00+00:00,Medium,2,4,3,1,2,3,4,5,3,4,4,4,4,3,3,0,1,3,2,1,0,2.7142857142857144,3.857142857142857,1.4285714285714286,1.1428571428571428
CSE2611290,2026-08-01 21:29:00+00:00,Medium,3,3,3,3,3,4,2,5,3,3,4,5,5,5,2,0,0,1,2,1,3,3.0,4.285714285714286,1.2857142857142858,1.2857142857142856
CSE2611291,2026-08-01 21:30:00+00:00,High,4,3,1,1,4,2,3,5,4,5,4,5,4,4,1,1,4,3,1,2,1,2.5714285714285716,4.428571428571429,1.8571428571428572,1.8571428571428572
CSE2611292,2026-08-01 21:31:00+00:00,Medium,2,3,3,1,4,5,2,4,5,3,4,4,4,4,2,2,0,3,0,0,2,2.857142857142857,4.0,1.2857142857142858,1.1428571428571428
CSE2611293,2026-08-01 21:32:00+00:00,High,3,2,3,3,2,3,3,4,3,5,4,5,4,5,1,1,2,1,3,1,2,2.7142857142857144,4.285714285714286,1.5714285714285714,1.5714285714285712
CSE2611294,2026-08-01 21:33:00+00:00,Medium,4,2,2,4,4,3,1,3,5,4,4,4,4,3,0,3,2,0,0,1,2,2.857142857142857,3.857142857142857,1.1428571428571428,1.0
CSE2611295,2026-08-01 21:34:00+00:00,High,2,1,2,3,1,4,4,4,4,5,4,4,3,4,2,3,3,1,3,0,0,2.4285714285714284,4.0,1.7142857142857142,1.5714285714285716
CSE2611296,2026-08-01 21:35:00+00:00,Medium,2,1,4,3,4,4,3,4,4,5,4,4,3,3,2,3,1,1,0,0,0,3.0,3.857142857142857,1.0,0.8571428571428572
CSE2611297,2026-08-01 21:36:00+00:00,Medium,2,3,2,3,5,4,3,5,4,4,3,5,5,4,3,1,2,0,0,1,1,3.142857142857143,4.285714285714286,1.1428571428571428,1.1428571428571428
CSE2611298,2026-08-01 21:37:00+00:00,Medium,4,4,5,2,3,2,3,4,5,4,4,4,4,3,0,1,0,2,1,2,0,3.2857142857142856,4.0,0.8571428571428571,0.7142857142857144
CSE2611299,2026-08-01 21:38:00+00:00,Medium,2,4,3,2,1,3,4,3,5,5,3,3,4,4,1,1,2,1,2,1,0,2.7142857142857144,3.857142857142857,1.1428571428571428,1.1428571428571428
CSE2611300,2026-08-01 21:39:00+00:00,Low,3,4,3,2,4,4,5,4,4,4,5,4,4,5,1,0,1,3,0,0,0,3.5714285714285716,4.285714285714286,0.7142857142857143,0.714285714285714
CSE2611301,2026-08-01 21:40:00+00:00,Low,3,3,3,4,4,3,4,4,4,3,3,5,4,4,1,1,0,0,1,1,0,3.4285714285714284,3.857142857142857,0.5714285714285714,0.4285714285714288
CSE2611302,2026-08-01 21:41:00+00:00,Low,3,3,5,4,4,2,4,4,4,5,5,4,4,3,1,1,0,1,0,2,0,3.5714285714285716,4.142857142857143,0.7142857142857143,0.5714285714285716
CSE2611303,2026-08-01 21:42:00+00:00,Medium,2,3,2,5,5,2,4,3,5,3,5,4,4,4,1,2,1,0,0,2,0,3.2857142857142856,4.0,0.8571428571428571,0.7142857142857144
CSE2611304,2026-08-01 21:43:00+00:00,Medium,3,5,2,4,4,4,1,4,4,5,5,4,4,4,1,0,3,1,0,0,3,3.2857142857142856,4.285714285714286,1.1428571428571428,1.0
CSE2611305,2026-08-01 21:44:00+00:00,Medium,3,4,3,3,1,3,5,4,3,3,4,3,5,4,1,0,0,1,2,2,0,3.142857142857143,3.7142857142857144,0.8571428571428571,0.5714285714285716
CSE2611306,2026-08-01 21:45:00+00:00,Medium,2,5,2,2,4,4,3,5,4,4,4,5,4,4,3,0,2,2,1,0,1,3.142857142857143,4.285714285714286,1.2857142857142858,1.1428571428571428
CSE2611307,2026-08-01 21:46:00+00:00,Medium,2,3,3,4,3,3,5,4,4,4,5,5,3,4,2,1,1,1,2,0,0,3.2857142857142856,4.142857142857143,1.0,0.8571428571428577
CSE2611308,2026-08-01 21:47:00+00:00,Medium,3,2,3,3,4,3,4,4,4,5,5,3,5,4,1,2,2,2,0,2,0,3.142857142857143,4.285714285714286,1.2857142857142858,1.1428571428571428
CSE2611309,2026-08-01 21:48:00+00:00,High,2,2,4,2,2,1,4,5,5,4,4,4,4,4,3,3,0,2,2,3,0,2.4285714285714284,4.285714285714286,1.8571428571428572,1.8571428571428572
CSE2611310,2026-08-01 21:49:00+00:00,Medium,2,5,2,5,4,4,1,4,4,4,4,4,4,4,2,0,2,0,0,0,3,3.2857142857142856,4.0,1.0,0.7142857142857144
CSE2611311,2026-08-01 21:50:00+00:00,Low,3,4,2,4,3,3,3,5,4,3,4,4,3,4,2,0,1,0,1,0,1,3.142857142857143,3.857142857142857,0.7142857142857143,0.7142857142857144
CSE2611312,2026-08-01 21:51:00+00:00,Low,5,4,3,4,3,4,3,5,4,5,4,4,4,4,0,0,2,0,1,0,1,3.7142857142857144,4.285714285714286,0.5714285714285714,0.5714285714285712
CSE2611313,2026-08-01 21:52:00+00:00,Medium,3,5,2,3,3,2,2,4,4,5,4,4,4,3,1,0,3,1,1,2,1,2.857142857142857,4.0,1.2857142857142858,1.1428571428571428
CSE2611314,2026-08-01 21:53:00+00:00,Medium,4,4,3,5,3,3,3,4,5,4,4,4,5,4,0,1,1,0,1,2,1,3.5714285714285716,4.285714285714286,0.8571428571428571,0.714285714285714
CSE2611315,2026-08-01 21:54:00+00:00,Medium,4,3,3,3,3,5,3,4,5,4,3,4,4,5,0,2,1,0,1,0,2,3.4285714285714284,4.142857142857143,0.8571428571428571,0.7142857142857149
CSE2611316,2026-08-01 21:55:00+00:00,High,3,2,2,2,4,2,2,5,4,4,4,5,5,4,2,2,2,2,1,3,2,2.4285714285714284,4.428571428571429,2.0,2.0000000000000004
CSE2611317,2026-08-01 21:56:00+00:00,Medium,4,2,4,4,1,5,3,3,5,4,4,4,5,5,0,3,0,0,3,0,2,3.2857142857142856,4.285714285714286,1.1428571428571428,1.0
CSE2611318,2026-08-01 21:57:00+00:00,Low,3,4,5,4,5,2,5,4,5,5,4,3,4,4,1,1,0,0,0,2,0,4.0,4.142857142857143,0.5714285714285714,0.14285714285714324
CSE2611319,2026-08-01 21:58:00+00:00,High,3,2,3,3,4,3,3,4,5,4,5,4,5,5,1,3,1,2,0,2,2,3.0,4.571428571428571,1.5714285714285714,1.5714285714285712
CSE2611320,2026-08-01 21:59:00+00:00,Low,4,4,4,3,4,2,4,5,4,4,4,4,3,3,1,0,0,1,0,1,0,3.5714285714285716,3.857142857142857,0.42857142857142855,0.2857142857142856
CSE2611321,2026-08-01 22:00:00+00:00,Low,3,5,2,4,5,5,3,4,4,3,4,5,4,4,1,0,1,0,0,0,1,3.857142857142857,4.0,0.42857142857142855,0.1428571428571428
CSE2611322,2026-08-01 22:01:00+00:00,Medium,4,1,5,4,2,4,2,4,5,3,3,4,4,4,0,4,0,0,2,0,2,3.142857142857143,3.857142857142857,1.1428571428571428,0.7142857142857144
CSE2611323,2026-08-01 22:02:00+00:00,Medium,3,3,3,3,3,3,3,4,3,4,5,4,4,4,1,0,1,2,1,1,1,3.0,4.0,1.0,1.0
CSE2611324,2026-08-01 22:03:00+00:00,Medium,2,4,4,5,2,2,5,4,4,4,5,4,4,3,2,0,0,0,2,2,0,3.4285714285714284,4.0,0.8571428571428571,0.5714285714285716
CSE2611325,2026-08-01 22:04:00+00:00,Medium,2,4,5,3,5,2,3,3,4,5,4,4,4,5,1,0,0,1,0,2,2,3.4285714285714284,4.142857142857143,0.8571428571428571,0.7142857142857149
CSE2611326,2026-08-01 22:05:00+00:00,Medium,4,3,3,3,3,3,2,4,5,4,3,4,4,5,0,2,1,0,1,1,3,3.0,4.142857142857143,1.1428571428571428,1.1428571428571432
CSE2611327,2026-08-01 22:06:00+00:00,High,3,3,2,1,1,2,4,5,3,5,4,5,5,5,2,0,3,3,4,3,1,2.2857142857142856,4.571428571428571,2.2857142857142856,2.2857142857142856
CSE2611328,2026-08-01 22:07:00+00:00,Low,4,4,3,3,4,4,4,5,5,4,5,4,3,4,1,1,1,2,0,0,0,3.7142857142857144,4.285714285714286,0.7142857142857143,0.5714285714285712
CSE2611329,2026-08-01 22:08:00+00:00,High,2,1,1,4,3,5,3,4,4,4,4,4,4,5,2,3,3,0,1,0,2,2.7142857142857144,4.142857142857143,1.5714285714285714,1.4285714285714288
CSE2611330,2026-08-01 22:09:00+00:00,Low,1,2,3,5,4,4,2,3,3,3,4,4,3,4,2,1,0,0,0,0,2,3.0,3.4285714285714284,0.7142857142857143,0.4285714285714284
CSE2611331,2026-08-01 22:10:00+00:00,Low,3,5,4,4,3,4,5,4,4,5,4,4,5,4,1,0,1,0,1,1,0,4.0,4.285714285714286,0.5714285714285714,0.2857142857142856
CSE2611332,2026-08-01 22:11:00+00:00,High,3,3,3,2,2,5,3,5,5,4,5,4,4,5,2,2,1,3,2,0,2,3.0,4.571428571428571,1.7142857142857142,1.5714285714285712
CSE2611333,2026-08-01 22:12:00+00:00,Medium,5,4,3,3,2,3,3,5,4,4,5,4,4,4,0,0,1,2,2,1,1,3.2857142857142856,4.285714285714286,1.0,1.0
CSE2611334,2026-08-01 22:13:00+00:00,Medium,3,3,5,2,1,4,3,4,4,4,3,4,5,5,1,1,0,1,3,1,2,3.0,4.142857142857143,1.2857142857142858,1.1428571428571432
CSE2611335,2026-08-01 22:14:00+00:00,Medium,2,5,4,3,3,5,3,5,4,5,3,4,4,4,3,0,1,0,1,0,1,3.5714285714285716,4.142857142857143,0.8571428571428571,0.5714285714285716
CSE2611336,2026-08-01 22:15:00+00:00,Medium,5,2,3,4,2,2,3,3,4,3,4,4,5,3,0,2,0,0,2,3,0,3.0,3.7142857142857144,1.0,0.7142857142857144
CSE2611337,2026-08-01 22:16:00+00:00,Medium,3,2,4,3,3,4,2,4,4,5,5,4,3,4,1,2,1,2,1,0,2,3.0,4.142857142857143,1.2857142857142858,1.1428571428571432
CSE2611338,2026-08-01 22:17:00+00:00,Medium,2,2,3,3,2,3,3,5,3,3,3,4,4,5,3,1,0,0,2,1,2,2.5714285714285716,3.857142857142857,1.2857142857142858,1.2857142857142856
CSE2611339,2026-08-01 22:18:00+00:00,High,3,1,1,3,2,3,3,3,3,5,4,4,4,4,0,2,4,1,2,1,1,2.2857142857142856,3.857142857142857,1.5714285714285714,1.5714285714285716
CSE2611340,2026-08-01 22:19:00+00:00,Medium,3,5,2,3,2,2,4,3,5,3,5,5,4,5,0,0,1,2,3,2,1,3.0,4.285714285714286,1.2857142857142858,1.2857142857142856
CSE2611341,2026-08-01 22:20:00+00:00,Low,3,3,3,4,5,3,4,4,3,4,5,4,4,5,1,0,1,1,0,1,1,3.5714285714285716,4.142857142857143,0.7142857142857143,0.5714285714285716
CSE2611342,2026-08-01 22:21:00+00:00,Medium,4,5,2,4,2,3,3,4,4,4,5,4,4,5,0,0,2,1,2,1,2,3.2857142857142856,4.285714285714286,1.1428571428571428,1.0
CSE2611343,2026-08-01 22:22:00+00:00,High,4,5,4,1,2,2,4,4,5,5,5,5,5,5,0,0,1,4,3,3,1,3.142857142857143,4.857142857142857,1.7142857142857142,1.714285714285714
CSE2611344,2026-08-01 22:23:00+00:00,High,2,2,3,3,1,3,3,4,4,4,5,5,5,4,2,2,1,2,4,2,1,2.4285714285714284,4.428571428571429,2.0,2.0000000000000004
CSE2611345,2026-08-01 22:24:00+00:00,Medium,4,2,2,3,4,3,2,4,4,4,5,4,4,4,0,2,2,2,0,1,2,2.857142857142857,4.142857142857143,1.2857142857142858,1.285714285714286
CSE2611346,2026-08-01 22:25:00+00:00,Medium,3,3,1,4,3,2,5,4,4,5,3,4,4,4,1,1,4,0,1,2,0,3.0,4.0,1.2857142857142858,1.0
CSE2611347,2026-08-01 22:26:00+00:00,Medium,2,2,3,3,4,4,4,4,4,4,4,4,3,4,2,2,1,1,0,0,0,3.142857142857143,3.857142857142857,0.8571428571428571,0.7142857142857144
CSE2611348,2026-08-01 22:27:00+00:00,High,2,3,3,3,5,2,2,4,5,3,5,4,5,5,2,2,0,2,0,3,3,2.857142857142857,4.428571428571429,1.7142857142857142,1.5714285714285716
CSE2611349,2026-08-01 22:28:00+00:00,Medium,3,3,3,5,2,3,2,4,4,4,5,4,4,3,1,1,1,0,2,1,1,3.0,4.0,1.0,1.0
CSE2611350,2026-08-01 22:29:00+00:00,Medium,4,3,4,3,2,3,3,5,4,5,4,4,4,4,1,1,1,1,2,1,1,3.142857142857143,4.285714285714286,1.1428571428571428,1.1428571428571428
CSE2611351,2026-08-01 22:30:00+00:00,Medium,3,2,3,3,3,3,3,5,5,4,4,4,4,3,2,3,1,1,1,1,0,2.857142857142857,4.142857142857143,1.2857142857142858,1.285714285714286
CSE2611352,2026-08-01 22:31:00+00:00,Medium,3,4,3,1,5,5,1,4,4,4,5,4,4,4,1,0,1,4,0,0,3,3.142857142857143,4.142857142857143,1.2857142857142858,1.0000000000000004
CSE2611353,2026-08-01 22:32:00+00:00,Low,4,4,3,4,4,3,3,4,3,4,5,4,4,4,0,0,1,1,0,1,1,3.5714285714285716,4.0,0.5714285714285714,0.4285714285714284
CSE2611354,2026-08-01 22:33:00+00:00,Medium,4,3,3,3,4,3,1,5,5,4,4,3,4,4,1,2,1,1,0,1,3,3.0,4.142857142857143,1.2857142857142858,1.1428571428571432
CSE2611355,2026-08-01 22:34:00+00:00,Low,4,3,4,5,3,4,4,3,4,5,4,4,4,4,0,1,1,0,1,0,0,3.857142857142857,4.0,0.42857142857142855,0.1428571428571428
CSE2611356,2026-08-01 22:35:00+00:00,Medium,3,3,2,4,4,3,4,5,4,5,5,4,4,3,2,1,3,1,0,1,0,3.2857142857142856,4.285714285714286,1.1428571428571428,1.0
CSE2611357,2026-08-01 22:36:00+00:00,Medium,3,2,3,3,3,5,3,5,3,4,4,5,4,3,2,1,1,1,2,0,0,3.142857142857143,4.0,1.0,0.8571428571428572
CSE2611358,2026-08-01 22:37:00+00:00,Low,2,3,3,5,3,4,4,4,4,3,4,5,4,4,2,1,0,0,2,0,0,3.4285714285714284,4.0,0.7142857142857143,0.5714285714285716
CSE2611359,2026-08-01 22:38:00+00:00,High,5,2,2,4,3,2,3,5,4,5,5,5,4,4,0,2,3,1,2,2,1,3.0,4.571428571428571,1.5714285714285714,1.5714285714285712
CSE2611360,2026-08-01 22:39:00+00:00,Medium,2,3,2,3,4,2,3,4,4,3,4,4,4,4,2,1,1,1,0,2,1,2.7142857142857144,3.857142857142857,1.1428571428571428,1.1428571428571428
CSE2611361,2026-08-01 22:40:00+00:00,Medium,3,3,4,2,3,2,5,4,5,5,5,4,4,5,1,2,1,3,1,2,0,3.142857142857143,4.571428571428571,1.4285714285714286,1.4285714285714284
CSE2611362,2026-08-01 22:41:00+00:00,Medium,4,5,5,3,3,3,3,4,3,3,5,5,5,4,0,0,0,2,2,2,1,3.7142857142857144,4.142857142857143,1.0,0.4285714285714288
CSE2611363,2026-08-01 22:42:00+00:00,Medium,3,5,3,4,3,3,4,5,4,4,5,3,4,5,2,0,1,1,0,1,1,3.5714285714285716,4.285714285714286,0.8571428571428571,0.714285714285714
CSE2611364,2026-08-01 22:43:00+00:00,Medium,4,2,3,4,2,2,3,4,5,3,5,4,3,5,0,3,0,1,2,1,2,2.857142857142857,4.142857142857143,1.2857142857142858,1.285714285714286
CSE2611365,2026-08-01 22:44:00+00:00,Medium,4,3,4,2,2,3,3,3,4,4,5,4,3,3,0,1,0,3,2,0,0,3.0,3.7142857142857144,0.8571428571428571,0.7142857142857144
CSE2611366,2026-08-01 22:45:00+00:00,Low,5,5,4,1,4,5,2,4,5,5,4,4,3,3,0,0,1,3,0,0,1,3.7142857142857144,4.0,0.7142857142857143,0.2857142857142856
CSE2611367,2026-08-01 22:46:00+00:00,Medium,2,3,2,2,3,3,4,4,5,3,4,5,4,3,2,2,1,2,2,1,0,2.7142857142857144,4.0,1.4285714285714286,1.2857142857142856
CSE2611368,2026-08-01 22:47:00+00:00,Low,5,3,3,4,3,3,4,3,5,3,5,4,4,4,0,2,0,1,1,1,0,3.5714285714285716,4.0,0.7142857142857143,0.4285714285714284
CSE2611369,2026-08-01 22:48:00+00:00,Medium,2,4,3,4,4,4,2,4,5,3,5,3,5,4,2,1,0,1,0,1,2,3.2857142857142856,4.142857142857143,1.0,0.8571428571428577
CSE2611370,2026-08-01 22:49:00+00:00,Low,3,3,4,3,5,4,4,4,4,3,4,4,4,4,1,1,0,1,0,0,0,3.7142857142857144,3.857142857142857,0.42857142857142855,0.1428571428571428
CSE2611371,2026-08-01 22:50:00+00:00,High,3,3,2,3,1,4,3,5,5,4,4,4,3,4,2,2,2,1,3,0,1,2.7142857142857144,4.142857142857143,1.5714285714285714,1.4285714285714288
CSE2611372,2026-08-01 22:51:00+00:00,Low,3,4,3,4,4,2,5,4,4,5,4,4,4,5,1,0,2,0,0,2,0,3.5714285714285716,4.285714285714286,0.7142857142857143,0.714285714285714
CSE2611373,2026-08-01 22:52:00+00:00,Medium,4,4,5,3,3,5,1,4,5,3,3,5,4,4,0,1,0,0,2,0,3,3.5714285714285716,4.0,0.8571428571428571,0.4285714285714284
CSE2611374,2026-08-01 22:53:00+00:00,Low,4,3,3,5,3,2,4,4,4,3,4,5,3,5,0,1,0,0,2,1,1,3.4285714285714284,4.0,0.7142857142857143,0.5714285714285716
CSE2611375,2026-08-01 22:54:00+00:00,Low,3,5,4,5,5,4,3,5,4,4,4,4,4,4,2,0,0,0,0,0,1,4.142857142857143,4.142857142857143,0.42857142857142855,0.0
CSE2611376,2026-08-01 22:55:00+00:00,Medium,3,5,4,3,2,4,4,4,5,5,4,5,5,4,1,0,1,1,3,1,0,3.5714285714285716,4.571428571428571,1.0,0.9999999999999996
CSE2611377,2026-08-01 22:56:00+00:00,Medium,5,2,5,3,2,2,3,5,5,4,4,5,4,3,0,3,0,1,3,2,0,3.142857142857143,4.285714285714286,1.2857142857142858,1.1428571428571428
CSE2611378,2026-08-01 22:57:00+00:00,High,3,2,1,5,4,4,2,5,4,4,4,5,4,5,2,2,3,0,1,0,3,3.0,4.428571428571429,1.5714285714285714,1.4285714285714288
CSE2611379,2026-08-01 22:58:00+00:00,High,3,2,4,3,2,3,3,4,5,5,4,4,4,5,1,3,1,1,2,1,2,2.857142857142857,4.428571428571429,1.5714285714285714,1.5714285714285716
CSE2611380,2026-08-01 22:59:00+00:00,Medium,4,2,4,1,2,3,4,4,4,4,4,4,3,4,0,2,0,3,2,0,0,2.857142857142857,3.857142857142857,1.0,1.0
CSE2611381,2026-08-01 23:00:00+00:00,Low,3,2,5,3,3,4,3,4,3,4,4,4,4,4,1,1,0,1,1,0,1,3.2857142857142856,3.857142857142857,0.7142857142857143,0.5714285714285716
CSE2611382,2026-08-01 23:01:00+00:00,Medium,3,4,4,5,4,2,2,5,4,4,4,4,4,4,2,0,0,0,0,2,2,3.4285714285714284,4.142857142857143,0.8571428571428571,0.7142857142857149
CSE2611383,2026-08-01 23:02:00+00:00,Medium,4,4,2,3,3,3,3,3,5,5,4,5,4,4,0,1,3,1,2,1,1,3.142857142857143,4.285714285714286,1.2857142857142858,1.1428571428571428
CSE2611384,2026-08-01 23:03:00+00:00,Medium,3,2,4,3,4,3,3,3,4,4,4,3,5,5,0,2,0,1,0,2,2,3.142857142857143,4.0,1.0,0.8571428571428572
CSE2611385,2026-08-01 23:04:00+00:00,Medium,2,3,3,4,4,3,3,5,4,4,4,5,4,3,3,1,1,0,1,1,0,3.142857142857143,4.142857142857143,1.0,1.0000000000000004
CSE2611386,2026-08-01 23:05:00+00:00,Medium,3,2,3,3,4,4,3,5,3,5,5,4,4,5,2,1,2,2,0,0,2,3.142857142857143,4.428571428571429,1.2857142857142858,1.285714285714286
CSE2611387,2026-08-01 23:06:00+00:00,Medium,4,4,3,3,3,3,3,5,4,5,4,4,4,4,1,0,2,1,1,1,1,3.2857142857142856,4.285714285714286,1.0,1.0
CSE2611388,2026-08-01 23:07:00+00:00,Medium,4,1,3,3,5,3,3,3,5,3,4,4,4,4,0,4,0,1,0,1,1,3.142857142857143,3.857142857142857,1.0,0.7142857142857144
CSE2611389,2026-08-01 23:08:00+00:00,Medium,2,2,5,2,3,4,2,3,4,5,5,4,4,4,1,2,0,3,1,0,2,2.857142857142857,4.142857142857143,1.2857142857142858,1.285714285714286
CSE2611390,2026-08-01 23:09:00+00:00,Medium,4,3,3,4,2,1,3,5,4,4,5,3,3,4,1,1,1,1,1,2,1,2.857142857142857,4.0,1.1428571428571428,1.1428571428571428
CSE2611391,2026-08-01 23:10:00+00:00,Medium,3,4,4,4,3,3,4,5,4,4,5,5,3,5,2,0,0,1,2,0,1,3.5714285714285716,4.428571428571429,0.8571428571428571,0.8571428571428572
CSE2611392,2026-08-01 23:11:00+00:00,Low,4,3,4,3,4,5,2,4,3,3,5,4,4,4,0,0,0,2,0,0,2,3.5714285714285716,3.857142857142857,0.5714285714285714,0.2857142857142856
CSE2611393,2026-08-01 23:12:00+00:00,Medium,2,1,4,3,1,3,4,4,4,4,4,3,5,4,2,3,0,1,2,2,0,2.5714285714285716,4.0,1.4285714285714286,1.4285714285714284
CSE2611394,2026-08-01 23:13:00+00:00,High,1,3,2,4,3,1,3,4,5,4,5,4,5,4,3,2,2,1,1,4,1,2.4285714285714284,4.428571428571429,2.0,2.0000000000000004
CSE2611395,2026-08-01 23:14:00+00:00,Medium,4,4,1,3,4,3,2,3,5,4,4,4,3,5,0,1,3,1,0,0,3,3.0,4.0,1.1428571428571428,1.0
CSE2611396,2026-08-01 23:15:00+00:00,Medium,2,2,4,2,2,4,5,4,3,4,4,4,5,5,2,1,0,2,2,1,0,3.0,4.142857142857143,1.1428571428571428,1.1428571428571432
CSE2611397,2026-08-01 23:16:00+00:00,Low,5,5,5,4,3,3,2,4,5,4,4,5,4,4,0,0,0,0,2,1,2,3.857142857142857,4.285714285714286,0.7142857142857143,0.4285714285714284
CSE2611398,2026-08-01 23:17:00+00:00,High,1,3,1,2,3,2,3,5,5,4,5,5,3,5,4,2,3,3,2,1,2,2.142857142857143,4.571428571428571,2.4285714285714284,2.4285714285714284
CSE2611399,2026-08-01 23:18:00+00:00,Medium,4,4,3,2,2,1,2,4,5,3,3,4,4,5,0,1,0,1,2,3,3,2.5714285714285716,4.0,1.4285714285714286,1.4285714285714284
CSE2611400,2026-08-01 23:19:00+00:00,Medium,5,3,2,3,3,2,4,3,4,4,4,4,4,4,0,1,2,1,1,2,0,3.142857142857143,3.857142857142857,1.0,0.7142857142857144
CSE2611401,2026-08-01 23:20:00+00:00,Medium,4,4,2,3,4,3,4,4,5,5,4,4,4,5,0,1,3,1,0,1,1,3.4285714285714284,4.428571428571429,1.0,1.0000000000000004
CSE2611402,2026-08-01 23:21:00+00:00,High,3,3,4,4,3,2,1,3,5,4,5,5,5,4,0,2,0,1,2,3,3,2.857142857142857,4.428571428571429,1.5714285714285714,1.5714285714285716
CSE2611403,2026-08-01 23:22:00+00:00,Medium,3,2,4,3,3,3,3,4,4,4,4,5,3,5,1,2,0,1,2,0,2,3.0,4.142857142857143,1.1428571428571428,1.1428571428571432
CSE2611404,2026-08-01 23:23:00+00:00,Low,3,3,4,3,5,4,3,3,3,4,4,4,4,4,0,0,0,1,0,0,1,3.5714285714285716,3.7142857142857144,0.2857142857142857,0.1428571428571428
CSE2611405,2026-08-01 23:24:00+00:00,High,2,3,2,2,2,1,4,5,4,3,3,4,5,4,3,1,1,1,2,4,0,2.2857142857142856,4.0,1.7142857142857142,1.7142857142857144
CSE2611406,2026-08-01 23:25:00+00:00,Medium,2,2,4,1,4,3,5,4,4,5,5,5,3,4,2,2,1,4,1,0,0,3.0,4.285714285714286,1.4285714285714286,1.2857142857142856
CSE2611407,2026-08-01 23:26:00+00:00,Medium,4,5,1,2,4,2,4,4,4,5,4,4,4,3,0,0,4,2,0,2,0,3.142857142857143,4.0,1.1428571428571428,0.8571428571428572
CSE2611408,2026-08-01 23:27:00+00:00,Medium,1,4,5,5,3,2,4,3,4,5,4,5,4,5,2,0,0,0,2,2,1,3.4285714285714284,4.285714285714286,1.0,0.8571428571428572
CSE2611409,2026-08-01 23:28:00+00:00,Low,3,4,3,3,3,2,3,3,4,4,4,4,3,4,0,0,1,1,1,1,1,3.0,3.7142857142857144,0.7142857142857143,0.7142857142857144
CSE2611410,2026-08-01 23:29:00+00:00,Medium,3,5,1,3,4,4,4,5,4,5,3,4,4,4,2,0,4,0,0,0,0,3.4285714285714284,4.142857142857143,0.8571428571428571,0.7142857142857149
CSE2611411,2026-08-01 23:30:00+00:00,Medium,4,4,3,5,5,1,4,4,4,4,4,4,5,5,0,0,1,0,0,4,1,3.7142857142857144,4.285714285714286,0.8571428571428571,0.5714285714285712
CSE2611412,2026-08-01 23:31:00+00:00,Medium,3,3,4,2,3,3,2,3,4,5,5,5,4,4,0,1,1,3,2,1,2,2.857142857142857,4.285714285714286,1.4285714285714286,1.4285714285714284
CSE2611413,2026-08-01 23:32:00+00:00,Low,2,4,3,3,2,5,4,3,4,3,4,5,4,4,1,0,0,1,3,0,0,3.2857142857142856,3.857142857142857,0.7142857142857143,0.5714285714285716
CSE2611414,2026-08-01 23:33:00+00:00,High,2,2,3,2,3,2,3,5,4,4,5,4,5,5,3,2,1,3,1,3,2,2.4285714285714284,4.571428571428571,2.142857142857143,2.142857142857143
CSE2611415,2026-08-01 23:34:00+00:00,Medium,3,2,1,5,2,2,4,4,5,4,4,3,3,4,1,3,3,0,1,1,0,2.7142857142857144,3.857142857142857,1.2857142857142858,1.1428571428571428
CSE2611416,2026-08-01 23:35:00+00:00,Medium,1,3,3,3,5,5,2,4,4,5,5,5,4,4,3,1,2,2,0,0,2,3.142857142857143,4.428571428571429,1.4285714285714286,1.285714285714286
CSE2611417,2026-08-01 23:36:00+00:00,Medium,3,4,2,2,3,2,3,3,4,4,3,5,4,4,0,0,2,1,2,2,1,2.7142857142857144,3.857142857142857,1.1428571428571428,1.1428571428571428
CSE2611418,2026-08-01 23:37:00+00:00,Low,4,3,4,4,4,4,2,5,3,5,4,5,4,4,1,0,1,0,1,0,2,3.5714285714285716,4.285714285714286,0.7142857142857143,0.714285714285714
CSE2611419,2026-08-01 23:38:00+00:00,Medium,4,3,4,4,2,2,4,5,4,4,5,5,5,5,1,1,0,1,3,3,1,3.2857142857142856,4.714285714285714,1.4285714285714286,1.4285714285714288
CSE2611420,2026-08-01 23:39:00+00:00,Medium,1,4,2,4,3,4,3,5,4,4,4,4,4,4,4,0,2,0,1,0,1,3.0,4.142857142857143,1.1428571428571428,1.1428571428571432
CSE2611421,2026-08-01 23:40:00+00:00,Medium,1,2,3,4,4,4,1,5,3,3,4,5,4,3,4,1,0,0,1,0,2,2.7142857142857144,3.857142857142857,1.1428571428571428,1.1428571428571428
CSE2611422,2026-08-01 23:41:00+00:00,Medium,2,5,3,4,4,2,2,5,4,4,4,4,4,4,3,0,1,0,0,2,2,3.142857142857143,4.142857142857143,1.1428571428571428,1.0000000000000004
CSE2611423,2026-08-01 23:42:00+00:00,High,3,4,4,2,3,2,3,5,4,5,5,4,5,5,2,0,1,3,1,3,2,3.0,4.714285714285714,1.7142857142857142,1.7142857142857144
CSE2611424,2026-08-01 23:43:00+00:00,Medium,3,3,4,4,4,2,5,5,5,4,4,5,4,3,2,2,0,0,1,2,0,3.5714285714285716,4.285714285714286,1.0,0.714285714285714
CSE2611425,2026-08-01 23:44:00+00:00,Medium,4,3,3,3,2,4,2,4,3,4,4,4,5,4,0,0,1,1,2,1,2,3.0,4.0,1.0,1.0
CSE2611426,2026-08-01 23:45:00+00:00,Medium,3,3,3,4,4,3,1,4,4,5,5,4,4,4,1,1,2,1,0,1,3,3.0,4.285714285714286,1.2857142857142858,1.2857142857142856
CSE2611427,2026-08-01 23:46:00+00:00,Low,5,3,4,4,4,4,3,4,5,5,4,3,4,3,0,2,1,0,0,0,0,3.857142857142857,4.0,0.42857142857142855,0.1428571428571428
CSE2611428,2026-08-01 23:47:00+00:00,Medium,3,1,3,3,3,2,5,4,4,5,4,4,4,5,1,3,2,1,1,2,0,2.857142857142857,4.285714285714286,1.4285714285714286,1.4285714285714284
CSE2611429,2026-08-01 23:48:00+00:00,Medium,4,3,3,5,2,4,4,4,4,5,4,4,5,5,0,1,2,0,2,1,1,3.5714285714285716,4.428571428571429,1.0,0.8571428571428572
CSE2611430,2026-08-01 23:49:00+00:00,Low,4,4,4,4,4,3,4,4,4,4,4,4,5,4,0,0,0,0,0,2,0,3.857142857142857,4.142857142857143,0.2857142857142857,0.28571428571428603
CSE2611431,2026-08-01 23:50:00+00:00,Medium,4,3,5,3,2,3,2,4,4,5,4,4,4,4,0,1,0,1,2,1,2,3.142857142857143,4.142857142857143,1.0,1.0000000000000004
CSE2611432,2026-08-01 23:51:00+00:00,High,3,3,2,3,4,2,1,4,5,5,4,4,4,4,1,2,3,1,0,2,3,2.5714285714285716,4.285714285714286,1.7142857142857142,1.714285714285714
CSE2611433,2026-08-01 23:52:00+00:00,Low,2,3,5,4,5,3,4,5,4,4,4,3,4,4,3,1,0,0,0,1,0,3.7142857142857144,4.0,0.7142857142857143,0.2857142857142856
CSE2611434,2026-08-01 23:53:00+00:00,Medium,3,4,2,4,3,4,3,4,4,5,3,3,5,4,1,0,3,0,0,1,1,3.2857142857142856,4.0,0.8571428571428571,0.7142857142857144
CSE2611435,2026-08-01 23:54:00+00:00,Medium,2,5,2,4,3,5,3,5,3,3,4,4,4,5,3,0,1,0,1,0,2,3.4285714285714284,4.0,1.0,0.5714285714285716
CSE2611436,2026-08-01 23:55:00+00:00,Medium,3,2,2,3,4,4,4,4,4,4,4,5,5,4,1,2,2,1,1,1,0,3.142857142857143,4.285714285714286,1.1428571428571428,1.1428571428571428
CSE2611437,2026-08-01 23:56:00+00:00,Medium,3,2,4,3,3,4,3,4,4,3,4,4,4,4,1,2,0,1,1,0,1,3.142857142857143,3.857142857142857,0.8571428571428571,0.7142857142857144
CSE2611438,2026-08-01 23:57:00+00:00,Medium,3,3,4,2,3,1,4,4,5,4,3,5,4,3,1,2,0,1,2,3,0,2.857142857142857,4.0,1.2857142857142858,1.1428571428571428
CSE2611439,2026-08-01 23:58:00+00:00,Medium,2,3,4,5,2,3,2,3,4,5,5,4,5,4,1,1,1,0,2,2,2,3.0,4.285714285714286,1.2857142857142858,1.2857142857142856
CSE2611440,2026-08-01 23:59:00+00:00,Medium,3,3,4,4,3,3,3,3,5,4,4,5,4,5,0,2,0,0,2,1,2,3.2857142857142856,4.285714285714286,1.0,1.0
CSE2611441,2026-08-02 00:00:00+00:00,Medium,2,5,2,5,5,2,3,4,4,4,4,3,5,4,2,0,2,0,0,3,1,3.4285714285714284,4.0,1.1428571428571428,0.5714285714285716
CSE2611442,2026-08-02 00:01:00+00:00,Medium,3,4,5,3,4,2,2,5,4,5,4,4,5,5,2,0,0,1,0,3,3,3.2857142857142856,4.571428571428571,1.2857142857142858,1.2857142857142856
CSE2611443,2026-08-02 00:02:00+00:00,Medium,4,4,4,3,3,2,2,4,5,3,3,4,5,3,0,1,0,0,1,3,1,3.142857142857143,3.857142857142857,0.8571428571428571,0.7142857142857144
CSE2611444,2026-08-02 00:03:00+00:00,Medium,5,5,4,3,2,3,3,4,4,3,4,4,4,5,0,0,0,1,2,1,2,3.5714285714285716,4.0,0.8571428571428571,0.4285714285714284
CSE2611445,2026-08-02 00:04:00+00:00,High,4,4,3,2,1,1,3,5,4,4,5,4,4,3,1,0,1,3,3,3,0,2.5714285714285716,4.142857142857143,1.5714285714285714,1.5714285714285716
CSE2611446,2026-08-02 00:05:00+00:00,Medium,2,5,3,3,1,4,4,3,4,4,3,4,4,5,1,0,1,0,3,0,1,3.142857142857143,3.857142857142857,0.8571428571428571,0.7142857142857144
CSE2611447,2026-08-02 00:06:00+00:00,Medium,1,4,4,2,2,4,1,4,4,4,4,3,4,4,3,0,0,2,1,0,3,2.5714285714285716,3.857142857142857,1.2857142857142858,1.2857142857142856
CSE2611448,2026-08-02 00:07:00+00:00,Medium,3,3,3,1,4,3,2,4,5,4,3,4,4,3,1,2,1,2,0,1,1,2.7142857142857144,3.857142857142857,1.1428571428571428,1.1428571428571428
CSE2611449,2026-08-02 00:08:00+00:00,Medium,4,5,3,3,3,3,3,4,4,3,5,4,4,5,0,0,0,2,1,1,2,3.4285714285714284,4.142857142857143,0.8571428571428571,0.7142857142857149
CSE2611450,2026-08-02 00:09:00+00:00,High,4,3,1,2,3,2,2,5,5,5,5,4,4,3,1,2,4,3,1,2,1,2.4285714285714284,4.428571428571429,2.0,2.0000000000000004
CSE2611451,2026-08-02 00:10:00+00:00,Medium,4,2,3,4,1,4,3,4,4,4,4,4,4,4,0,2,1,0,3,0,1,3.0,4.0,1.0,1.0
CSE2611452,2026-08-02 00:11:00+00:00,Medium,3,3,3,1,3,4,4,5,3,4,5,4,5,4,2,0,1,4,1,1,0,3.0,4.285714285714286,1.2857142857142858,1.2857142857142856
CSE2611453,2026-08-02 00:12:00+00:00,Medium,2,4,2,3,4,2,4,4,5,4,4,4,4,4,2,1,2,1,0,2,0,3.0,4.142857142857143,1.1428571428571428,1.1428571428571432
CSE2611454,2026-08-02 00:13:00+00:00,Medium,5,3,2,3,4,5,3,4,3,4,5,3,4,5,0,0,2,2,0,0,2,3.5714285714285716,4.0,0.8571428571428571,0.4285714285714284
CSE2611455,2026-08-02 00:14:00+00:00,Low,3,3,4,4,3,4,3,4,3,5,4,5,3,4,1,0,1,0,2,0,1,3.4285714285714284,4.0,0.7142857142857143,0.5714285714285716
CSE2611456,2026-08-02 00:15:00+00:00,Low,5,5,5,3,3,1,5,4,4,5,5,3,4,5,0,0,0,2,0,3,0,3.857142857142857,4.285714285714286,0.7142857142857143,0.4285714285714284
CSE2611457,2026-08-02 00:16:00+00:00,Medium,3,5,2,3,3,2,3,4,5,4,3,4,5,4,1,0,2,0,1,3,1,3.0,4.142857142857143,1.1428571428571428,1.1428571428571432
CSE2611458,2026-08-02 00:17:00+00:00,Medium,5,4,3,3,1,1,4,4,4,5,3,4,4,5,0,0,2,0,3,3,1,3.0,4.142857142857143,1.2857142857142858,1.1428571428571432
CSE2611459,2026-08-02 00:18:00+00:00,Medium,3,5,3,1,4,3,3,4,5,3,4,5,5,4,1,0,0,3,1,2,1,3.142857142857143,4.285714285714286,1.1428571428571428,1.1428571428571428
CSE2611460,2026-08-02 00:19:00+00:00,Low,4,2,5,3,3,3,3,4,3,5,5,4,4,3,0,1,0,2,1,1,0,3.2857142857142856,4.0,0.7142857142857143,0.7142857142857144
CSE2611461,2026-08-02 00:20:00+00:00,Low,2,3,4,4,5,4,4,4,4,3,4,5,3,4,2,1,0,0,0,0,0,3.7142857142857144,3.857142857142857,0.42857142857142855,0.1428571428571428
CSE2611462,2026-08-02 00:21:00+00:00,Medium,3,4,3,4,5,2,3,4,3,4,5,5,5,4,1,0,1,1,0,3,1,3.4285714285714284,4.285714285714286,1.0,0.8571428571428572
CSE2611463,2026-08-02 00:22:00+00:00,Medium,4,4,4,3,2,4,2,4,5,5,4,4,5,4,0,1,1,1,2,1,2,3.2857142857142856,4.428571428571429,1.1428571428571428,1.1428571428571432
CSE2611464,2026-08-02 00:23:00+00:00,Medium,3,2,3,4,2,4,5,4,4,4,4,4,5,5,1,2,1,0,2,1,0,3.2857142857142856,4.285714285714286,1.0,1.0
CSE2611465,2026-08-02 00:24:00+00:00,Low,5,2,3,3,4,4,4,4,3,3,5,4,4,3,0,1,0,2,0,0,0,3.5714285714285716,3.7142857142857144,0.42857142857142855,0.1428571428571428
CSE2611466,2026-08-02 00:25:00+00:00,Medium,3,2,1,3,3,4,2,4,5,4,3,4,4,3,1,3,3,0,1,0,1,2.5714285714285716,3.857142857142857,1.2857142857142858,1.2857142857142856
CSE2611467,2026-08-02 00:26:00+00:00,Medium,3,2,2,5,4,4,2,5,4,4,4,3,4,5,2,2,2,0,0,0,3,3.142857142857143,4.142857142857143,1.2857142857142858,1.0000000000000004
CSE2611468,2026-08-02 00:27:00+00:00,Medium,5,2,2,5,3,4,1,4,4,5,4,4,4,5,0,2,3,0,1,0,4,3.142857142857143,4.285714285714286,1.4285714285714286,1.1428571428571428
CSE2611469,2026-08-02 00:28:00+00:00,Medium,3,4,4,3,4,3,1,3,5,5,4,5,4,5,0,1,1,1,1,1,4,3.142857142857143,4.428571428571429,1.2857142857142858,1.285714285714286
CSE2611470,2026-08-02 00:29:00+00:00,Medium,1,4,5,2,4,3,3,4,5,4,4,4,4,4,3,1,0,2,0,1,1,3.142857142857143,4.142857142857143,1.1428571428571428,1.0000000000000004
CSE2611471,2026-08-02 00:30:00+00:00,Medium,2,3,3,3,5,3,3,4,4,4,5,3,5,4,2,1,1,2,0,2,1,3.142857142857143,4.142857142857143,1.2857142857142858,1.0000000000000004
CSE2611472,2026-08-02 00:31:00+00:00,High,2,2,1,3,1,1,4,5,3,4,3,5,4,4,3,1,3,0,4,3,0,2.0,4.0,2.0,2.0
CSE2611473,2026-08-02 00:32:00+00:00,Medium,3,3,3,1,4,3,5,3,4,4,4,5,5,4,0,1,1,3,1,2,0,3.142857142857143,4.142857142857143,1.1428571428571428,1.0000000000000004
CSE2611474,2026-08-02 00:33:00+00:00,Medium,2,3,3,2,4,2,3,4,5,4,5,4,4,3,2,2,1,3,0,2,0,2.7142857142857144,4.142857142857143,1.4285714285714286,1.4285714285714288
CSE2611475,2026-08-02 00:34:00+00:00,Low,3,4,3,4,5,5,5,5,4,4,4,4,5,5,2,0,1,0,0,0,0,4.142857142857143,4.428571428571429,0.42857142857142855,0.2857142857142856
CSE2611476,2026-08-02 00:35:00+00:00,High,5,4,1,4,2,1,3,5,4,4,4,4,5,5,0,0,3,0,2,4,2,2.857142857142857,4.428571428571429,1.5714285714285714,1.5714285714285716
CSE2611477,2026-08-02 00:36:00+00:00,Medium,4,3,3,2,3,4,2,4,5,5,3,4,5,4,0,2,2,1,1,1,2,3.0,4.285714285714286,1.2857142857142858,1.2857142857142856
CSE2611478,2026-08-02 00:37:00+00:00,Medium,3,2,3,1,2,4,4,5,4,3,4,4,3,4,2,2,0,3,2,0,0,2.7142857142857144,3.857142857142857,1.2857142857142858,1.1428571428571428
CSE2611479,2026-08-02 00:38:00+00:00,High,3,4,2,3,3,4,1,4,5,5,4,5,5,3,1,1,3,1,2,1,2,2.857142857142857,4.428571428571429,1.5714285714285714,1.5714285714285716
CSE2611480,2026-08-02 00:39:00+00:00,Medium,4,2,3,3,4,3,4,5,5,4,4,5,5,4,1,3,1,1,1,2,0,3.2857142857142856,4.571428571428571,1.2857142857142858,1.2857142857142856
CSE2611481,2026-08-02 00:40:00+00:00,Medium,2,4,4,5,4,3,4,5,5,4,4,5,4,3,3,1,0,0,1,1,0,3.7142857142857144,4.285714285714286,0.8571428571428571,0.5714285714285712
CSE2611482,2026-08-02 00:41:00+00:00,Medium,3,5,2,2,4,3,5,4,3,3,4,4,5,3,1,0,1,2,0,2,0,3.4285714285714284,3.7142857142857144,0.8571428571428571,0.28571428571428603
CSE2611483,2026-08-02 00:42:00+00:00,High,1,3,3,3,1,3,5,4,3,4,5,5,4,5,3,0,1,2,4,1,0,2.7142857142857144,4.285714285714286,1.5714285714285714,1.5714285714285712
CSE2611484,2026-08-02 00:43:00+00:00,Medium,4,2,1,3,3,5,1,4,3,5,4,4,4,4,0,1,4,1,1,0,3,2.7142857142857144,4.0,1.4285714285714286,1.2857142857142856
CSE2611485,2026-08-02 00:44:00+00:00,Medium,4,1,5,2,3,4,3,5,5,5,4,4,4,4,1,4,0,2,1,0,1,3.142857142857143,4.428571428571429,1.2857142857142858,1.285714285714286
CSE2611486,2026-08-02 00:45:00+00:00,Medium,4,4,2,2,3,4,1,4,4,4,5,4,4,5,0,0,2,3,1,0,4,2.857142857142857,4.285714285714286,1.4285714285714286,1.4285714285714284
CSE2611487,2026-08-02 00:46:00+00:00,Low,2,3,4,2,4,3,4,3,5,4,3,5,3,4,1,2,0,1,1,0,0,3.142857142857143,3.857142857142857,0.7142857142857143,0.7142857142857144
CSE2611488,2026-08-02 00:47:00+00:00,Medium,4,3,1,3,3,2,5,5,4,4,4,5,4,5,1,1,3,1,2,2,0,3.0,4.428571428571429,1.4285714285714286,1.4285714285714288
CSE2611489,2026-08-02 00:48:00+00:00,Low,4,4,4,4,2,4,4,4,4,5,4,4,4,4,0,0,1,0,2,0,0,3.7142857142857144,4.142857142857143,0.42857142857142855,0.4285714285714288
CSE2611490,2026-08-02 00:49:00+00:00,Medium,3,2,4,5,4,3,3,4,5,3,3,4,4,4,1,3,0,0,0,1,1,3.4285714285714284,3.857142857142857,0.8571428571428571,0.4285714285714288
CSE2611491,2026-08-02 00:50:00+00:00,High,5,3,2,3,3,2,3,4,4,5,5,5,4,4,0,1,3,2,2,2,1,3.0,4.428571428571429,1.5714285714285714,1.4285714285714288
CSE2611492,2026-08-02 00:51:00+00:00,Medium,3,5,3,2,2,2,2,4,5,4,3,4,4,4,1,0,1,1,2,2,2,2.7142857142857144,4.0,1.2857142857142858,1.2857142857142856
CSE2611493,2026-08-02 00:52:00+00:00,Low,3,5,4,2,2,5,5,5,3,4,4,3,5,4,2,0,0,2,1,0,0,3.7142857142857144,4.0,0.7142857142857143,0.2857142857142856
CSE2611494,2026-08-02 00:53:00+00:00,High,2,3,1,4,3,2,4,5,4,5,3,4,4,5,3,1,4,0,1,2,1,2.7142857142857144,4.285714285714286,1.7142857142857142,1.5714285714285712
CSE2611495,2026-08-02 00:54:00+00:00,Medium,1,2,4,1,4,4,4,4,3,3,5,4,5,4,3,1,0,4,0,1,0,2.857142857142857,4.0,1.2857142857142858,1.1428571428571428
CSE2611496,2026-08-02 00:55:00+00:00,Medium,2,3,3,5,2,2,3,4,5,4,4,5,3,4,2,2,1,0,3,1,1,2.857142857142857,4.142857142857143,1.4285714285714286,1.285714285714286
CSE2611497,2026-08-02 00:56:00+00:00,High,3,3,4,3,1,2,3,5,5,4,3,4,5,5,2,2,0,0,3,3,2,2.7142857142857144,4.428571428571429,1.7142857142857142,1.7142857142857144
CSE2611498,2026-08-02 00:57:00+00:00,High,2,4,3,3,2,2,4,5,4,5,3,5,5,4,3,0,2,0,3,3,0,2.857142857142857,4.428571428571429,1.5714285714285714,1.5714285714285716
CSE2611499,2026-08-02 00:58:00+00:00,Medium,1,3,4,5,3,2,1,4,4,5,4,4,4,3,3,1,1,0,1,2,2,2.7142857142857144,4.0,1.4285714285714286,1.2857142857142856
CSE2611500,2026-08-02 00:59:00+00:00,High,2,4,1,2,4,3,4,4,3,5,5,4,4,5,2,0,4,3,0,1,1,2.857142857142857,4.285714285714286,1.5714285714285714,1.4285714285714284
CSE2611501,2026-08-02 01:00:00+00:00,Medium,3,4,2,4,3,4,4,3,5,5,4,4,5,4,0,1,3,0,1,1,0,3.4285714285714284,4.285714285714286,0.8571428571428571,0.8571428571428572
CSE2611502,2026-08-02 01:01:00+00:00,High,3,1,2,3,4,2,3,4,4,5,5,5,5,4,1,3,3,2,1,3,1,2.5714285714285716,4.571428571428571,2.0,1.9999999999999996
CSE2611503,2026-08-02 01:02:00+00:00,Medium,1,4,2,3,4,4,2,3,4,4,5,4,5,3,2,0,2,2,0,1,1,2.857142857142857,4.0,1.1428571428571428,1.1428571428571428
CSE2611504,2026-08-02 01:03:00+00:00,Medium,3,3,4,3,2,2,4,5,5,4,5,4,4,4,2,2,0,2,2,2,0,3.0,4.428571428571429,1.4285714285714286,1.4285714285714288
CSE2611505,2026-08-02 01:04:00+00:00,Low,4,4,3,5,4,2,4,4,3,4,5,5,3,5,0,0,1,0,1,1,1,3.7142857142857144,4.142857142857143,0.5714285714285714,0.4285714285714288
CSE2611506,2026-08-02 01:05:00+00:00,Medium,3,5,3,4,3,3,4,3,5,3,5,5,5,5,0,0,0,1,2,2,1,3.5714285714285716,4.428571428571429,0.8571428571428571,0.8571428571428572
CSE2611507,2026-08-02 01:06:00+00:00,Low,5,3,4,5,4,3,3,5,4,5,4,4,4,3,0,1,1,0,0,1,0,3.857142857142857,4.142857142857143,0.42857142857142855,0.28571428571428603
CSE2611508,2026-08-02 01:07:00+00:00,Medium,4,5,3,3,4,4,2,5,4,5,4,5,5,3,1,0,2,1,1,1,1,3.5714285714285716,4.428571428571429,1.0,0.8571428571428572
CSE2611509,2026-08-02 01:08:00+00:00,Medium,4,4,2,3,2,1,2,5,4,4,3,4,5,3,1,0,2,0,2,4,1,2.5714285714285716,4.0,1.4285714285714286,1.4285714285714284
CSE2611510,2026-08-02 01:09:00+00:00,Medium,3,4,3,3,4,3,1,3,4,4,4,3,3,5,0,0,1,1,0,0,4,3.0,3.7142857142857144,0.8571428571428571,0.7142857142857144
CSE2611511,2026-08-02 01:10:00+00:00,High,2,3,2,2,1,3,1,3,5,5,4,4,4,4,1,2,3,2,3,1,3,2.0,4.142857142857143,2.142857142857143,2.1428571428571432
CSE2611512,2026-08-02 01:11:00+00:00,Medium,3,3,2,3,5,3,3,5,4,5,3,4,3,4,2,1,3,0,0,0,1,3.142857142857143,4.0,1.0,0.8571428571428572
CSE2611513,2026-08-02 01:12:00+00:00,Medium,2,3,5,3,4,1,3,4,4,5,4,3,5,4,2,1,0,1,0,4,1,3.0,4.142857142857143,1.2857142857142858,1.1428571428571432
CSE2611514,2026-08-02 01:13:00+00:00,Medium,3,3,4,2,4,4,3,4,4,4,3,5,4,5,1,1,0,1,1,0,2,3.2857142857142856,4.142857142857143,0.8571428571428571,0.8571428571428577
CSE2611515,2026-08-02 01:14:00+00:00,Medium,3,3,3,4,4,3,2,4,5,4,5,3,4,4,1,2,1,1,0,1,2,3.142857142857143,4.142857142857143,1.1428571428571428,1.0000000000000004
CSE2611516,2026-08-02 01:15:00+00:00,Medium,3,2,4,3,3,4,3,3,5,4,5,4,5,4,0,3,0,2,1,1,1,3.142857142857143,4.285714285714286,1.1428571428571428,1.1428571428571428
CSE2611517,2026-08-02 01:16:00+00:00,Medium,1,2,5,4,4,3,5,4,4,5,4,5,5,5,3,2,0,0,1,2,0,3.4285714285714284,4.571428571428571,1.1428571428571428,1.1428571428571428
CSE2611518,2026-08-02 01:17:00+00:00,High,4,4,3,1,3,3,3,5,3,5,5,4,4,5,1,0,2,4,1,1,2,3.0,4.428571428571429,1.5714285714285714,1.4285714285714288
CSE2611519,2026-08-02 01:18:00+00:00,Medium,1,4,3,2,3,3,1,4,3,4,4,4,3,4,3,0,1,2,1,0,3,2.4285714285714284,3.7142857142857144,1.4285714285714286,1.285714285714286
CSE2611520,2026-08-02 01:19:00+00:00,Medium,3,3,1,4,3,5,5,5,4,4,4,4,4,5,2,1,3,0,1,0,0,3.4285714285714284,4.285714285714286,1.0,0.8571428571428572
CSE2611521,2026-08-02 01:20:00+00:00,Medium,2,5,3,3,4,3,3,4,4,4,4,5,4,3,2,0,1,1,1,1,0,3.2857142857142856,4.0,0.8571428571428571,0.7142857142857144
CSE2611522,2026-08-02 01:21:00+00:00,Medium,3,3,3,2,4,3,4,3,4,5,4,4,4,3,0,1,2,2,0,1,0,3.142857142857143,3.857142857142857,0.8571428571428571,0.7142857142857144
CSE2611523,2026-08-02 01:22:00+00:00,Medium,3,2,3,5,5,3,4,4,5,3,4,3,4,5,1,3,0,0,0,1,1,3.5714285714285716,4.0,0.8571428571428571,0.4285714285714284
CSE2611524,2026-08-02 01:23:00+00:00,Medium,3,2,3,4,4,4,4,3,5,4,5,5,4,5,0,3,1,1,1,0,1,3.4285714285714284,4.428571428571429,1.0,1.0000000000000004
CSE2611525,2026-08-02 01:24:00+00:00,High,3,4,2,5,2,4,3,5,5,5,4,4,5,5,2,1,3,0,2,1,2,3.2857142857142856,4.714285714285714,1.5714285714285714,1.4285714285714288
CSE2611526,2026-08-02 01:25:00+00:00,High,2,4,4,2,4,1,1,5,5,4,5,4,4,5,3,1,0,3,0,3,4,2.5714285714285716,4.571428571428571,2.0,1.9999999999999996
CSE2611527,2026-08-02 01:26:00+00:00,Medium,4,2,2,3,3,3,5,5,3,4,4,4,3,5,1,1,2,1,1,0,0,3.142857142857143,4.0,0.8571428571428571,0.8571428571428572
CSE2611528,2026-08-02 01:27:00+00:00,Medium,4,4,4,1,3,1,5,4,4,4,5,5,4,4,0,0,0,4,2,3,0,3.142857142857143,4.285714285714286,1.2857142857142858,1.1428571428571428
CSE2611529,2026-08-02 01:28:00+00:00,Medium,1,5,2,3,4,4,1,3,3,5,4,4,4,4,2,0,3,1,0,0,3,2.857142857142857,3.857142857142857,1.2857142857142858,1.0
CSE2611530,2026-08-02 01:29:00+00:00,High,3,2,4,1,4,2,3,3,5,5,5,3,4,4,0,3,1,4,0,2,1,2.7142857142857144,4.142857142857143,1.5714285714285714,1.4285714285714288
CSE2611531,2026-08-02 01:30:00+00:00,High,2,4,2,3,2,2,2,4,4,5,4,4,4,4,2,0,3,1,2,2,2,2.4285714285714284,4.142857142857143,1.7142857142857142,1.7142857142857149
CSE2611532,2026-08-02 01:31:00+00:00,Medium,1,3,3,3,3,3,3,5,4,4,3,3,4,4,4,1,1,0,0,1,1,2.7142857142857144,3.857142857142857,1.1428571428571428,1.1428571428571428
CSE2611533,2026-08-02 01:32:00+00:00,Low,5,3,5,5,2,4,3,5,3,4,4,4,4,5,0,0,0,0,2,0,2,3.857142857142857,4.142857142857143,0.5714285714285714,0.28571428571428603
CSE2611534,2026-08-02 01:33:00+00:00,Medium,2,3,5,3,3,3,3,3,5,4,5,5,3,4,1,2,0,2,2,0,1,3.142857142857143,4.142857142857143,1.1428571428571428,1.0000000000000004
CSE2611535,2026-08-02 01:34:00+00:00,High,1,3,5,5,2,2,2,5,3,5,4,5,5,5,4,0,0,0,3,3,3,2.857142857142857,4.571428571428571,1.8571428571428572,1.714285714285714
CSE2611536,2026-08-02 01:35:00+00:00,Medium,3,2,2,2,4,3,3,4,4,4,4,4,5,3,1,2,2,2,0,2,0,2.7142857142857144,4.0,1.2857142857142858,1.2857142857142856
CSE2611537,2026-08-02 01:36:00+00:00,Low,3,5,4,3,3,2,5,5,5,4,4,3,4,3,2,0,0,1,0,2,0,3.5714285714285716,4.0,0.7142857142857143,0.4285714285714284
CSE2611538,2026-08-02 01:37:00+00:00,High,2,4,4,4,4,3,1,4,5,3,5,5,5,5,2,1,0,1,1,2,4,3.142857142857143,4.571428571428571,1.5714285714285714,1.4285714285714284
CSE2611539,2026-08-02 01:38:00+00:00,Medium,3,2,3,3,3,5,2,4,4,5,4,3,4,5,1,2,2,1,0,0,3,3.0,4.142857142857143,1.2857142857142858,1.1428571428571432
CSE2611540,2026-08-02 01:39:00+00:00,Medium,4,3,2,4,3,3,4,3,4,4,5,5,5,4,0,1,2,1,2,2,0,3.2857142857142856,4.285714285714286,1.1428571428571428,1.0
CSE2611541,2026-08-02 01:40:00+00:00,Medium,4,3,3,3,2,3,3,4,4,4,5,4,3,4,0,1,1,2,2,0,1,3.0,4.0,1.0,1.0
CSE2611542,2026-08-02 01:41:00+00:00,High,3,2,2,4,4,2,2,5,5,5,4,5,4,5,2,3,3,0,1,2,3,2.7142857142857144,4.714285714285714,2.0,2.0
CSE2611543,2026-08-02 01:42:00+00:00,Low,5,5,4,4,4,2,3,4,4,4,5,4,5,4,0,0,0,1,0,3,1,3.857142857142857,4.285714285714286,0.7142857142857143,0.4285714285714284
CSE2611544,2026-08-02 01:43:00+00:00,Medium,2,4,1,2,3,5,4,4,5,3,4,4,3,4,2,1,2,2,1,0,0,3.0,3.857142857142857,1.1428571428571428,0.8571428571428572
CSE2611545,2026-08-02 01:44:00+00:00,Medium,2,1,5,5,2,5,2,5,3,3,4,5,5,4,3,2,0,0,3,0,2,3.142857142857143,4.142857142857143,1.4285714285714286,1.0000000000000004
CSE2611546,2026-08-02 01:45:00+00:00,Medium,4,3,3,2,4,2,5,4,5,4,4,5,5,4,0,2,1,2,1,3,0,3.2857142857142856,4.428571428571429,1.2857142857142858,1.1428571428571432
CSE2611547,2026-08-02 01:46:00+00:00,Low,4,2,5,4,3,4,3,4,4,4,5,4,4,4,0,2,0,1,1,0,1,3.5714285714285716,4.142857142857143,0.7142857142857143,0.5714285714285716
CSE2611548,2026-08-02 01:47:00+00:00,High,2,1,2,1,2,4,2,4,4,5,3,5,4,4,2,3,3,2,3,0,2,2.0,4.142857142857143,2.142857142857143,2.1428571428571432
CSE2611549,2026-08-02 01:48:00+00:00,Low,2,4,4,4,3,4,3,3,5,4,4,4,4,4,1,1,0,0,1,0,1,3.4285714285714284,4.0,0.5714285714285714,0.5714285714285716
CSE2611550,2026-08-02 01:49:00+00:00,Low,4,4,3,4,2,4,5,4,4,4,5,3,4,4,0,0,1,1,1,0,0,3.7142857142857144,4.0,0.42857142857142855,0.2857142857142856
CSE2611551,2026-08-02 01:50:00+00:00,Low,4,4,5,3,4,5,4,4,4,5,4,5,5,3,0,0,0,1,1,0,0,4.142857142857143,4.285714285714286,0.2857142857142857,0.14285714285714235
CSE2611552,2026-08-02 01:51:00+00:00,Medium,4,2,3,3,3,4,3,4,4,4,5,4,4,4,0,2,1,2,1,0,1,3.142857142857143,4.142857142857143,1.0,1.0000000000000004
CSE2611553,2026-08-02 01:52:00+00:00,Medium,5,4,3,2,2,2,4,4,3,5,5,4,3,4,0,0,2,3,2,1,0,3.142857142857143,4.0,1.1428571428571428,0.8571428571428572
CSE2611554,2026-08-02 01:53:00+00:00,Medium,3,4,2,2,3,3,3,4,4,5,5,4,3,4,1,0,3,3,1,0,1,2.857142857142857,4.142857142857143,1.2857142857142858,1.285714285714286
CSE2611555,2026-08-02 01:54:00+00:00,Low,5,2,3,3,4,4,2,5,4,4,3,4,4,4,0,2,1,0,0,0,2,3.2857142857142856,4.0,0.7142857142857143,0.7142857142857144
CSE2611556,2026-08-02 01:55:00+00:00,Medium,2,5,3,2,3,3,3,4,4,4,3,5,5,4,2,0,1,1,2,2,1,3.0,4.142857142857143,1.2857142857142858,1.1428571428571432
CSE2611557,2026-08-02 01:56:00+00:00,Low,2,5,4,3,2,3,3,3,5,4,4,3,3,4,1,0,0,1,1,0,1,3.142857142857143,3.7142857142857144,0.5714285714285714,0.5714285714285716
CSE2611558,2026-08-02 01:57:00+00:00,High,2,3,1,1,4,4,3,4,4,4,5,5,5,4,2,1,3,4,1,1,1,2.5714285714285716,4.428571428571429,1.8571428571428572,1.8571428571428572
CSE2611559,2026-08-02 01:58:00+00:00,High,3,1,4,3,4,3,2,5,5,4,4,4,5,4,2,4,0,1,0,2,2,2.857142857142857,4.428571428571429,1.5714285714285714,1.5714285714285716
CSE2611560,2026-08-02 01:59:00+00:00,Medium,3,2,3,3,4,1,5,4,3,4,3,4,5,4,1,1,1,0,0,4,0,3.0,3.857142857142857,1.0,0.8571428571428572
CSE2611561,2026-08-02 02:00:00+00:00,High,2,1,3,2,2,4,3,3,5,5,4,4,5,5,1,4,2,2,2,1,2,2.4285714285714284,4.428571428571429,2.0,2.0000000000000004
CSE2611562,2026-08-02 02:01:00+00:00,Medium,3,1,3,4,3,2,5,4,3,5,3,4,5,4,1,2,2,0,1,3,0,3.0,4.0,1.2857142857142858,1.0
CSE2611563,2026-08-02 02:02:00+00:00,Low,2,3,5,3,4,3,4,4,4,4,4,3,4,4,2,1,0,1,0,1,0,3.4285714285714284,3.857142857142857,0.7142857142857143,0.4285714285714288
CSE2611564,2026-08-02 02:03:00+00:00,Medium,5,4,1,3,4,3,5,5,5,5,5,4,4,3,0,1,4,2,0,1,0,3.5714285714285716,4.428571428571429,1.1428571428571428,0.8571428571428572
CSE2611565,2026-08-02 02:04:00+00:00,Medium,4,3,1,5,3,4,5,5,4,4,4,5,5,5,1,1,3,0,2,1,0,3.5714285714285716,4.571428571428571,1.1428571428571428,0.9999999999999996
CSE2611566,2026-08-02 02:05:00+00:00,Medium,2,3,4,4,3,4,4,5,4,4,3,4,5,4,3,1,0,0,1,1,0,3.4285714285714284,4.142857142857143,0.8571428571428571,0.7142857142857149
CSE2611567,2026-08-02 02:06:00+00:00,Medium,4,5,3,3,2,3,1,3,5,4,4,3,4,5,0,0,1,1,1,1,4,3.0,4.0,1.1428571428571428,1.0
CSE2611568,2026-08-02 02:07:00+00:00,High,4,3,2,2,4,3,2,4,5,5,5,5,4,4,0,2,3,3,1,1,2,2.857142857142857,4.571428571428571,1.7142857142857142,1.714285714285714
CSE2611569,2026-08-02 02:08:00+00:00,Medium,4,4,4,2,2,2,5,5,5,4,3,4,4,4,1,1,0,1,2,2,0,3.2857142857142856,4.142857142857143,1.0,0.8571428571428577
CSE2611570,2026-08-02 02:09:00+00:00,Medium,4,2,3,3,2,3,3,5,4,4,3,5,5,4,1,2,1,0,3,2,1,2.857142857142857,4.285714285714286,1.4285714285714286,1.4285714285714284
CSE2611571,2026-08-02 02:10:00+00:00,Medium,3,1,4,1,4,3,4,5,3,4,4,3,4,5,2,2,0,3,0,1,1,2.857142857142857,4.0,1.2857142857142858,1.1428571428571428
CSE2611572,2026-08-02 02:11:00+00:00,High,3,5,1,3,3,3,1,3,3,3,4,5,5,5,0,0,2,1,2,2,4,2.7142857142857144,4.0,1.5714285714285714,1.2857142857142856
CSE2611573,2026-08-02 02:12:00+00:00,Medium,3,4,2,2,4,4,3,5,4,4,4,5,4,3,2,0,2,2,1,0,0,3.142857142857143,4.142857142857143,1.0,1.0000000000000004
CSE2611574,2026-08-02 02:13:00+00:00,Medium,3,2,3,4,4,3,2,3,4,4,4,3,5,4,0,2,1,0,0,2,2,3.0,3.857142857142857,1.0,0.8571428571428572
CSE2611575,2026-08-02 02:14:00+00:00,Medium,4,2,3,4,3,4,3,5,3,4,4,4,4,5,1,1,1,0,1,0,2,3.2857142857142856,4.142857142857143,0.8571428571428571,0.8571428571428577
CSE2611576,2026-08-02 02:15:00+00:00,Medium,4,3,2,3,2,4,2,5,4,4,4,4,5,4,1,1,2,1,2,1,2,2.857142857142857,4.285714285714286,1.4285714285714286,1.4285714285714284
CSE2611577,2026-08-02 02:16:00+00:00,High,2,1,1,3,3,4,5,5,4,4,5,3,4,3,3,3,3,2,0,0,0,2.7142857142857144,4.0,1.5714285714285714,1.2857142857142856
CSE2611578,2026-08-02 02:17:00+00:00,Low,5,4,5,3,3,4,5,4,4,4,5,3,4,5,0,0,0,2,0,0,0,4.142857142857143,4.142857142857143,0.2857142857142857,0.0
CSE2611579,2026-08-02 02:18:00+00:00,Medium,2,4,2,2,4,5,3,4,3,5,4,5,4,5,2,0,3,2,1,0,2,3.142857142857143,4.285714285714286,1.4285714285714286,1.1428571428571428
CSE2611580,2026-08-02 02:19:00+00:00,Medium,2,4,3,1,4,1,5,4,4,4,4,4,4,3,2,0,1,3,0,3,0,2.857142857142857,3.857142857142857,1.2857142857142858,1.0
CSE2611581,2026-08-02 02:20:00+00:00,High,5,4,3,3,3,2,2,5,5,5,5,4,5,4,0,1,2,2,1,3,2,3.142857142857143,4.714285714285714,1.5714285714285714,1.5714285714285716
CSE2611582,2026-08-02 02:21:00+00:00,Medium,1,3,3,4,2,4,3,5,4,5,4,4,3,3,4,1,2,0,2,0,0,2.857142857142857,4.0,1.2857142857142858,1.1428571428571428
CSE2611583,2026-08-02 02:22:00+00:00,Medium,3,4,3,5,4,3,4,4,4,5,3,4,5,5,1,0,2,0,0,2,1,3.7142857142857144,4.285714285714286,0.8571428571428571,0.5714285714285712
CSE2611584,2026-08-02 02:23:00+00:00,Medium,2,2,3,5,4,3,4,3,3,4,3,4,5,5,1,1,1,0,0,2,1,3.2857142857142856,3.857142857142857,0.8571428571428571,0.5714285714285716
CSE2611585,2026-08-02 02:24:00+00:00,Medium,3,4,2,4,3,1,1,3,4,4,4,4,4,4,0,0,2,0,1,3,3,2.5714285714285716,3.857142857142857,1.2857142857142858,1.2857142857142856
CSE2611586,2026-08-02 02:25:00+00:00,Medium,4,4,2,3,3,4,4,4,4,4,5,4,4,5,0,0,2,2,1,0,1,3.4285714285714284,4.285714285714286,0.8571428571428571,0.8571428571428572
CSE2611587,2026-08-02 02:26:00+00:00,Medium,3,3,2,3,2,3,2,4,3,5,4,3,4,4,1,0,3,1,1,1,2,2.5714285714285716,3.857142857142857,1.2857142857142858,1.2857142857142856
CSE2611588,2026-08-02 02:27:00+00:00,Medium,3,3,4,3,3,4,4,5,3,4,4,5,4,5,2,0,0,1,2,0,1,3.4285714285714284,4.285714285714286,0.8571428571428571,0.8571428571428572
CSE2611589,2026-08-02 02:28:00+00:00,High,3,3,2,3,5,3,3,4,4,5,5,4,5,5,1,1,3,2,0,2,2,3.142857142857143,4.571428571428571,1.5714285714285714,1.4285714285714284
CSE2611590,2026-08-02 02:29:00+00:00,Medium,2,3,3,3,5,3,2,4,5,5,5,4,3,4,2,2,2,2,0,0,2,3.0,4.285714285714286,1.4285714285714286,1.2857142857142856
CSE2611591,2026-08-02 02:30:00+00:00,High,4,3,1,2,3,2,3,5,5,5,3,5,4,5,1,2,4,1,2,2,2,2.5714285714285716,4.571428571428571,2.0,1.9999999999999996
CSE2611592,2026-08-02 02:31:00+00:00,Medium,3,4,2,3,3,3,4,5,4,4,4,5,4,4,2,0,2,1,2,1,0,3.142857142857143,4.285714285714286,1.1428571428571428,1.1428571428571428
CSE2611593,2026-08-02 02:32:00+00:00,Low,3,4,5,3,4,3,5,3,4,4,4,5,5,5,0,0,0,1,1,2,0,3.857142857142857,4.285714285714286,0.5714285714285714,0.4285714285714284
CSE2611594,2026-08-02 02:33:00+00:00,Medium,3,5,3,4,4,2,4,5,5,5,4,4,5,3,2,0,2,0,0,3,0,3.5714285714285716,4.428571428571429,1.0,0.8571428571428572
CSE2611595,2026-08-02 02:34:00+00:00,Medium,4,4,2,4,3,2,3,5,4,5,4,4,5,4,1,0,3,0,1,3,1,3.142857142857143,4.428571428571429,1.2857142857142858,1.285714285714286
CSE2611596,2026-08-02 02:35:00+00:00,High,2,1,2,2,4,3,2,5,4,4,4,4,4,4,3,3,2,2,0,1,2,2.2857142857142856,4.142857142857143,1.8571428571428572,1.8571428571428577
CSE2611597,2026-08-02 02:36:00+00:00,Medium,4,1,4,3,4,4,3,4,5,4,5,5,4,4,0,4,0,2,1,0,1,3.2857142857142856,4.428571428571429,1.1428571428571428,1.1428571428571432
CSE2611598,2026-08-02 02:37:00+00:00,Medium,2,3,3,3,3,3,3,5,4,4,4,3,4,4,3,1,1,1,0,1,1,2.857142857142857,4.0,1.1428571428571428,1.1428571428571428
CSE2611599,2026-08-02 02:38:00+00:00,Medium,1,3,4,3,1,3,5,4,4,4,4,4,4,3,3,1,0,1,3,1,0,2.857142857142857,3.857142857142857,1.2857142857142858,1.0
CSE2611600,2026-08-02 02:39:00+00:00,Medium,5,2,3,3,4,4,2,5,4,4,5,4,4,5,0,2,1,2,0,0,3,3.2857142857142856,4.428571428571429,1.1428571428571428,1.1428571428571432
CSE2611601,2026-08-02 02:40:00+00:00,Medium,4,4,3,3,4,3,3,5,4,5,3,5,4,4,1,0,2,0,1,1,1,3.4285714285714284,4.285714285714286,0.8571428571428571,0.8571428571428572
CSE2611602,2026-08-02 02:41:00+00:00,Medium,4,4,4,2,3,3,2,3,4,5,3,4,5,5,0,0,1,1,1,2,3,3.142857142857143,4.142857142857143,1.1428571428571428,1.0000000000000004
CSE2611603,2026-08-02 02:42:00+00:00,Medium,4,5,3,3,3,4,2,5,4,4,3,3,5,5,1,0,1,0,0,1,3,3.4285714285714284,4.142857142857143,0.8571428571428571,0.7142857142857149
CSE2611604,2026-08-02 02:43:00+00:00,Medium,2,3,4,4,3,3,5,4,5,5,4,5,5,4,2,2,1,0,2,2,0,3.4285714285714284,4.571428571428571,1.2857142857142858,1.1428571428571428
CSE2611605,2026-08-02 02:44:00+00:00,Medium,4,3,3,2,5,2,2,4,4,4,5,4,4,3,0,1,1,3,0,2,1,3.0,4.0,1.1428571428571428,1.0
CSE2611606,2026-08-02 02:45:00+00:00,Medium,3,3,3,3,3,3,3,3,4,5,4,4,4,4,0,1,2,1,1,1,1,3.0,4.0,1.0,1.0
CSE2611607,2026-08-02 02:46:00+00:00,Low,4,4,4,4,2,4,3,4,5,3,5,4,4,4,0,1,0,1,2,0,1,3.5714285714285716,4.142857142857143,0.7142857142857143,0.5714285714285716
CSE2611608,2026-08-02 02:47:00+00:00,Medium,2,3,1,4,4,4,5,5,4,4,3,4,5,4,3,1,3,0,0,1,0,3.2857142857142856,4.142857142857143,1.1428571428571428,0.8571428571428577
CSE2611609,2026-08-02 02:48:00+00:00,Low,4,4,4,3,3,4,4,5,4,4,4,3,4,4,1,0,0,1,0,0,0,3.7142857142857144,4.0,0.2857142857142857,0.2857142857142856
CSE2611610,2026-08-02 02:49:00+00:00,Medium,3,3,1,3,3,4,1,4,4,4,4,4,4,4,1,1,3,1,1,0,3,2.5714285714285716,4.0,1.4285714285714286,1.4285714285714284
CSE2611611,2026-08-02 02:50:00+00:00,Medium,3,3,2,3,4,1,5,4,5,4,5,4,3,4,1,2,2,2,0,2,0,3.0,4.142857142857143,1.2857142857142858,1.1428571428571432
CSE2611612,2026-08-02 02:51:00+00:00,Medium,3,4,3,4,2,2,2,3,4,5,4,3,4,5,0,0,2,0,1,2,3,2.857142857142857,4.0,1.1428571428571428,1.1428571428571428
CSE2611613,2026-08-02 02:52:00+00:00,Medium,3,4,5,1,4,3,3,4,4,4,4,5,4,5,1,0,0,3,1,1,2,3.2857142857142856,4.285714285714286,1.1428571428571428,1.0
CSE2611614,2026-08-02 02:53:00+00:00,Low,3,4,3,3,4,5,3,4,4,3,3,5,5,5,1,0,0,0,1,0,2,3.5714285714285716,4.142857142857143,0.5714285714285714,0.5714285714285716
CSE2611615,2026-08-02 02:54:00+00:00,Medium,4,4,4,4,3,2,4,5,5,4,5,5,4,4,1,1,0,1,2,2,0,3.5714285714285716,4.571428571428571,1.0,0.9999999999999996
CSE2611616,2026-08-02 02:55:00+00:00,Medium,1,3,3,4,5,5,4,5,5,4,4,5,5,4,4,2,1,0,0,0,0,3.5714285714285716,4.571428571428571,1.0,0.9999999999999996
CSE2611617,2026-08-02 02:56:00+00:00,Medium,3,4,4,2,4,3,3,4,4,4,5,4,4,4,1,0,0,3,0,1,1,3.2857142857142856,4.142857142857143,0.8571428571428571,0.8571428571428577
CSE2611618,2026-08-02 02:57:00+00:00,High,2,1,3,4,1,2,4,5,3,5,4,5,4,3,3,2,2,0,4,2,0,2.4285714285714284,4.142857142857143,1.8571428571428572,1.7142857142857149
CSE2611619,2026-08-02 02:58:00+00:00,Medium,3,3,5,2,3,1,2,3,4,5,5,4,4,4,0,1,0,3,1,3,2,2.7142857142857144,4.142857142857143,1.4285714285714286,1.4285714285714288
CSE2611620,2026-08-02 02:59:00+00:00,Medium,4,4,2,4,3,3,3,4,4,4,4,5,3,5,0,0,2,0,2,0,2,3.2857142857142856,4.142857142857143,0.8571428571428571,0.8571428571428577
CSE2611621,2026-08-02 03:00:00+00:00,Medium,3,3,4,3,2,3,5,4,4,5,5,5,5,5,1,1,1,2,3,2,0,3.2857142857142856,4.714285714285714,1.4285714285714286,1.4285714285714288
CSE2611622,2026-08-02 03:01:00+00:00,Medium,1,4,4,3,1,3,3,4,4,4,3,4,4,5,3,0,0,0,3,1,2,2.7142857142857144,4.0,1.2857142857142858,1.2857142857142856
CSE2611623,2026-08-02 03:02:00+00:00,Low,5,4,4,3,3,3,4,4,4,3,4,4,4,3,0,0,0,1,1,1,0,3.7142857142857144,3.7142857142857144,0.42857142857142855,0.0
CSE2611624,2026-08-02 03:03:00+00:00,Medium,4,2,3,2,3,5,3,4,3,5,5,5,4,4,0,1,2,3,2,0,1,3.142857142857143,4.285714285714286,1.2857142857142858,1.1428571428571428
CSE2611625,2026-08-02 03:04:00+00:00,Medium,3,2,1,3,3,4,4,4,4,4,5,3,4,3,1,2,3,2,0,0,0,2.857142857142857,3.857142857142857,1.1428571428571428,1.0
CSE2611626,2026-08-02 03:05:00+00:00,Medium,5,4,3,2,3,3,4,4,4,5,5,4,4,4,0,0,2,3,1,1,0,3.4285714285714284,4.285714285714286,1.0,0.8571428571428572
CSE2611627,2026-08-02 03:06:00+00:00,Medium,5,5,3,3,1,2,3,5,4,5,4,5,4,4,0,0,2,1,4,2,1,3.142857142857143,4.428571428571429,1.4285714285714286,1.285714285714286
CSE2611628,2026-08-02 03:07:00+00:00,Low,3,1,4,3,5,4,5,4,4,4,4,4,4,4,1,3,0,1,0,0,0,3.5714285714285716,4.0,0.7142857142857143,0.4285714285714284
CSE2611629,2026-08-02 03:08:00+00:00,Medium,3,4,4,5,3,1,5,5,5,3,4,4,5,4,2,1,0,0,1,4,0,3.5714285714285716,4.285714285714286,1.1428571428571428,0.714285714285714
CSE2611630,2026-08-02 03:09:00+00:00,Medium,5,1,3,2,5,4,4,3,3,5,5,5,4,3,0,2,2,3,0,0,0,3.4285714285714284,4.0,1.0,0.5714285714285716
CSE2611631,2026-08-02 03:10:00+00:00,Low,4,4,3,4,2,4,4,4,4,5,4,5,4,3,0,0,2,0,3,0,0,3.5714285714285716,4.142857142857143,0.7142857142857143,0.5714285714285716
CSE2611632,2026-08-02 03:11:00+00:00,Medium,4,4,3,3,4,3,3,4,4,4,4,4,5,5,0,0,1,1,0,2,2,3.4285714285714284,4.285714285714286,0.8571428571428571,0.8571428571428572
CSE2611633,2026-08-02 03:12:00+00:00,High,2,4,2,3,1,3,5,5,3,4,5,4,4,4,3,0,2,2,3,1,0,2.857142857142857,4.142857142857143,1.5714285714285714,1.285714285714286
CSE2611634,2026-08-02 03:13:00+00:00,High,3,3,4,1,3,3,2,5,5,4,5,5,4,4,2,2,0,4,2,1,2,2.7142857142857144,4.571428571428571,1.8571428571428572,1.8571428571428568
CSE2611635,2026-08-02 03:14:00+00:00,Medium,2,3,4,3,3,2,3,4,5,5,4,3,5,4,2,2,1,1,0,3,1,2.857142857142857,4.285714285714286,1.4285714285714286,1.4285714285714284
CSE2611636,2026-08-02 03:15:00+00:00,Medium,3,1,4,4,3,4,2,4,3,4,4,5,4,4,1,2,0,0,2,0,2,3.0,4.0,1.0,1.0
CSE2611637,2026-08-02 03:16:00+00:00,Medium,3,3,5,3,3,3,2,5,5,4,4,3,4,5,2,2,0,1,0,1,3,3.142857142857143,4.285714285714286,1.2857142857142858,1.1428571428571428
CSE2611638,2026-08-02 03:17:00+00:00,Medium,3,1,3,3,3,3,5,4,3,4,4,5,4,3,1,2,1,1,2,1,0,3.0,3.857142857142857,1.1428571428571428,0.8571428571428572
CSE2611639,2026-08-02 03:18:00+00:00,High,2,4,1,2,3,2,2,4,4,5,3,5,4,4,2,0,4,1,2,2,2,2.2857142857142856,4.142857142857143,1.8571428571428572,1.8571428571428577
CSE2611640,2026-08-02 03:19:00+00:00,Medium,5,3,3,3,3,1,2,3,4,5,3,4,4,4,0,1,2,0,1,3,2,2.857142857142857,3.857142857142857,1.2857142857142858,1.0
CSE2611641,2026-08-02 03:20:00+00:00,Low,4,4,5,3,3,2,3,4,3,3,3,4,3,3,0,0,0,0,1,1,0,3.4285714285714284,3.2857142857142856,0.2857142857142857,-0.1428571428571428
CSE2611642,2026-08-02 03:21:00+00:00,Medium,2,3,4,3,4,5,1,4,3,4,3,4,5,5,2,0,0,0,0,0,4,3.142857142857143,4.0,0.8571428571428571,0.8571428571428572
CSE2611643,2026-08-02 03:22:00+00:00,Medium,4,4,4,4,3,3,3,5,5,4,5,5,5,3,1,1,0,1,2,2,0,3.5714285714285716,4.571428571428571,1.0,0.9999999999999996
CSE2611644,2026-08-02 03:23:00+00:00,High,5,3,2,2,3,1,2,5,3,5,4,4,4,5,0,0,3,2,1,3,3,2.5714285714285716,4.285714285714286,1.7142857142857142,1.714285714285714
CSE2611645,2026-08-02 03:24:00+00:00,Low,4,4,4,4,3,2,5,4,4,5,4,4,4,4,0,0,1,0,1,2,0,3.7142857142857144,4.142857142857143,0.5714285714285714,0.4285714285714288
CSE2611646,2026-08-02 03:25:00+00:00,Medium,4,3,4,4,4,4,2,4,4,5,4,5,5,4,0,1,1,0,1,1,2,3.5714285714285716,4.428571428571429,0.8571428571428571,0.8571428571428572
CSE2611647,2026-08-02 03:26:00+00:00,Medium,4,3,5,4,1,4,3,5,5,4,5,4,4,5,1,2,0,1,3,0,2,3.4285714285714284,4.571428571428571,1.2857142857142858,1.1428571428571428
CSE2611648,2026-08-02 03:27:00+00:00,Medium,3,3,3,3,3,2,3,3,4,5,4,4,4,5,0,1,2,1,1,2,2,2.857142857142857,4.142857142857143,1.2857142857142858,1.285714285714286
CSE2611649,2026-08-02 03:28:00+00:00,Medium,5,2,2,4,1,3,1,3,4,3,4,3,5,3,0,2,1,0,2,2,2,2.5714285714285716,3.5714285714285716,1.2857142857142858,1.0
CSE2611650,2026-08-02 03:29:00+00:00,Medium,3,4,2,4,3,1,3,4,4,4,4,5,3,4,1,0,2,0,2,2,1,2.857142857142857,4.0,1.1428571428571428,1.1428571428571428
CSE2611651,2026-08-02 03:30:00+00:00,High,4,2,4,3,1,2,3,4,4,5,5,5,4,4,0,2,1,2,4,2,1,2.7142857142857144,4.428571428571429,1.7142857142857142,1.7142857142857144
CSE2611652,2026-08-02 03:31:00+00:00,Medium,4,4,4,2,3,3,3,4,4,4,5,5,3,5,0,0,0,3,2,0,2,3.2857142857142856,4.285714285714286,1.0,1.0
CSE2611653,2026-08-02 03:32:00+00:00,Medium,4,4,2,4,1,4,5,4,5,4,3,4,5,4,0,1,2,0,3,1,0,3.4285714285714284,4.142857142857143,1.0,0.7142857142857149
CSE2611654,2026-08-02 03:33:00+00:00,Low,5,3,3,4,2,4,3,3,4,4,3,4,4,4,0,1,1,0,2,0,1,3.4285714285714284,3.7142857142857144,0.7142857142857143,0.28571428571428603
CSE2611655,2026-08-02 03:34:00+00:00,Medium,2,3,4,4,4,1,5,4,5,4,5,5,4,4,2,2,0,1,1,3,0,3.2857142857142856,4.428571428571429,1.2857142857142858,1.1428571428571432
CSE2611656,2026-08-02 03:35:00+00:00,High,3,3,4,3,4,2,2,4,5,3,5,5,5,5,1,2,0,2,1,3,3,3.0,4.571428571428571,1.7142857142857142,1.5714285714285712
CSE2611657,2026-08-02 03:36:00+00:00,Medium,2,2,5,3,3,2,2,3,3,4,3,4,4,4,1,1,0,0,1,2,2,2.7142857142857144,3.5714285714285716,1.0,0.8571428571428572
CSE2611658,2026-08-02 03:37:00+00:00,Medium,3,5,1,2,3,5,3,4,4,3,4,3,4,4,1,0,2,2,0,0,1,3.142857142857143,3.7142857142857144,0.8571428571428571,0.5714285714285716
CSE2611659,2026-08-02 03:38:00+00:00,Medium,5,3,3,3,2,1,4,4,5,3,4,4,3,4,0,2,0,1,2,2,0,3.0,3.857142857142857,1.0,0.8571428571428572
CSE2611660,2026-08-02 03:39:00+00:00,Medium,3,4,5,4,2,3,4,4,5,3,5,4,5,5,1,1,0,1,2,2,1,3.5714285714285716,4.428571428571429,1.1428571428571428,0.8571428571428572
CSE2611661,2026-08-02 03:40:00+00:00,High,3,2,3,5,2,2,1,4,3,4,5,5,5,5,1,1,1,0,3,3,4,2.5714285714285716,4.428571428571429,1.8571428571428572,1.8571428571428572
CSE2611662,2026-08-02 03:41:00+00:00,Low,4,4,3,3,3,4,3,3,4,3,4,5,3,5,0,0,0,1,2,0,2,3.4285714285714284,3.857142857142857,0.7142857142857143,0.4285714285714288
CSE2611663,2026-08-02 03:42:00+00:00,Medium,3,3,4,3,4,2,3,5,3,4,5,4,4,4,2,0,0,2,0,2,1,3.142857142857143,4.142857142857143,1.0,1.0000000000000004
CSE2611664,2026-08-02 03:43:00+00:00,Medium,3,4,4,4,2,3,3,4,3,3,4,5,4,4,1,0,0,0,3,1,1,3.2857142857142856,3.857142857142857,0.8571428571428571,0.5714285714285716
CSE2611665,2026-08-02 03:44:00+00:00,High,5,2,3,1,2,2,4,4,4,3,5,4,5,4,0,2,0,4,2,3,0,2.7142857142857144,4.142857142857143,1.5714285714285714,1.4285714285714288
CSE2611666,2026-08-02 03:45:00+00:00,High,5,3,1,4,2,2,3,4,5,3,5,4,4,5,0,2,2,1,2,2,2,2.857142857142857,4.285714285714286,1.5714285714285714,1.4285714285714284
CSE2611667,2026-08-02 03:46:00+00:00,Medium,2,4,2,2,3,5,4,4,3,4,3,3,4,5,2,0,2,1,0,0,1,3.142857142857143,3.7142857142857144,0.8571428571428571,0.5714285714285716
CSE2611668,2026-08-02 03:47:00+00:00,Low,3,3,4,5,5,3,4,4,4,4,4,4,4,4,1,1,0,0,0,1,0,3.857142857142857,4.0,0.42857142857142855,0.1428571428571428
CSE2611669,2026-08-02 03:48:00+00:00,Medium,4,3,4,1,2,5,3,4,4,3,5,4,4,4,0,1,0,4,2,0,1,3.142857142857143,4.0,1.1428571428571428,0.8571428571428572
CSE2611670,2026-08-02 03:49:00+00:00,Low,5,3,3,4,5,4,3,4,5,5,4,3,4,4,0,2,2,0,0,0,1,3.857142857142857,4.142857142857143,0.7142857142857143,0.28571428571428603
CSE2611671,2026-08-02 03:50:00+00:00,Medium,5,2,3,2,4,3,3,5,4,4,4,4,4,5,0,2,1,2,0,1,2,3.142857142857143,4.285714285714286,1.1428571428571428,1.1428571428571428
CSE2611672,2026-08-02 03:51:00+00:00,Medium,4,3,1,4,4,3,3,5,5,5,5,4,4,4,1,2,4,1,0,1,1,3.142857142857143,4.571428571428571,1.4285714285714286,1.4285714285714284
CSE2611673,2026-08-02 03:52:00+00:00,Medium,3,2,3,5,5,4,4,5,5,5,4,4,4,4,2,3,2,0,0,0,0,3.7142857142857144,4.428571428571429,1.0,0.7142857142857144
CSE2611674,2026-08-02 03:53:00+00:00,Low,4,4,4,3,4,3,5,5,4,4,5,5,4,5,1,0,0,2,1,1,0,3.857142857142857,4.571428571428571,0.7142857142857143,0.714285714285714
CSE2611675,2026-08-02 03:54:00+00:00,Medium,1,4,1,1,4,4,3,4,5,4,3,5,4,3,3,1,3,2,1,0,0,2.5714285714285716,4.0,1.4285714285714286,1.4285714285714284
CSE2611676,2026-08-02 03:55:00+00:00,High,3,4,1,2,1,2,4,4,4,4,5,4,5,3,1,0,3,3,3,3,0,2.4285714285714284,4.142857142857143,1.8571428571428572,1.7142857142857149
CSE2611677,2026-08-02 03:56:00+00:00,Medium,2,1,4,4,5,4,1,5,4,4,5,4,4,4,3,3,0,1,0,0,3,3.0,4.285714285714286,1.4285714285714286,1.2857142857142856
CSE2611678,2026-08-02 03:57:00+00:00,Low,3,3,4,4,3,2,2,4,3,4,5,3,3,3,1,0,0,1,0,1,1,3.0,3.5714285714285716,0.5714285714285714,0.5714285714285716
CSE2611679,2026-08-02 03:58:00+00:00,Low,5,3,4,5,3,3,4,5,5,4,4,4,5,3,0,2,0,0,1,2,0,3.857142857142857,4.285714285714286,0.7142857142857143,0.4285714285714284
CSE2611680,2026-08-02 03:59:00+00:00,Low,4,5,3,3,4,4,4,4,4,5,4,5,5,4,0,0,2,1,1,1,0,3.857142857142857,4.428571428571429,0.7142857142857143,0.5714285714285716
CSE2611681,2026-08-02 04:00:00+00:00,Medium,4,3,4,3,2,3,4,3,5,4,3,5,4,4,0,2,0,0,3,1,0,3.2857142857142856,4.0,0.8571428571428571,0.7142857142857144
CSE2611682,2026-08-02 04:01:00+00:00,Medium,5,4,3,3,2,3,5,4,4,5,4,5,4,5,0,0,2,1,3,1,0,3.5714285714285716,4.428571428571429,1.0,0.8571428571428572
CSE2611683,2026-08-02 04:02:00+00:00,High,1,1,4,3,1,3,3,5,5,4,4,5,5,5,4,4,0,1,4,2,2,2.2857142857142856,4.714285714285714,2.4285714285714284,2.428571428571429
CSE2611684,2026-08-02 04:03:00+00:00,Low,3,4,5,3,2,4,2,3,5,4,4,4,4,3,0,1,0,1,2,0,1,3.2857142857142856,3.857142857142857,0.7142857142857143,0.5714285714285716
CSE2611685,2026-08-02 04:04:00+00:00,Low,4,5,4,3,3,3,3,3,5,5,4,4,4,4,0,0,1,1,1,1,1,3.5714285714285716,4.142857142857143,0.7142857142857143,0.5714285714285716
CSE2611686,2026-08-02 04:05:00+00:00,Medium,2,3,4,4,2,2,3,4,4,5,5,5,4,3,2,1,1,1,3,2,0,2.857142857142857,4.285714285714286,1.4285714285714286,1.4285714285714284
CSE2611687,2026-08-02 04:06:00+00:00,Medium,3,2,3,3,3,4,3,3,4,4,5,3,4,4,0,2,1,2,0,0,1,3.0,3.857142857142857,0.8571428571428571,0.8571428571428572
CSE2611688,2026-08-02 04:07:00+00:00,Medium,3,3,3,2,3,5,3,4,5,4,3,4,4,5,1,2,1,1,1,0,2,3.142857142857143,4.142857142857143,1.1428571428571428,1.0000000000000004
CSE2611689,2026-08-02 04:08:00+00:00,Low,4,4,4,4,2,4,2,3,5,4,4,4,4,4,0,1,0,0,2,0,2,3.4285714285714284,4.0,0.7142857142857143,0.5714285714285716
CSE2611690,2026-08-02 04:09:00+00:00,Medium,4,4,3,3,2,4,2,3,5,4,5,4,5,4,0,1,1,2,2,1,2,3.142857142857143,4.285714285714286,1.2857142857142858,1.1428571428571428
CSE2611691,2026-08-02 04:10:00+00:00,Medium,3,3,3,5,4,2,2,4,5,4,4,4,3,4,1,2,1,0,0,1,2,3.142857142857143,4.0,1.0,0.8571428571428572
CSE2611692,2026-08-02 04:11:00+00:00,High,4,1,1,4,3,4,2,4,4,4,3,5,5,4,0,3,3,0,2,1,2,2.7142857142857144,4.142857142857143,1.5714285714285714,1.4285714285714288
CSE2611693,2026-08-02 04:12:00+00:00,Medium,3,4,4,3,2,4,4,5,5,4,4,4,4,3,2,1,0,1,2,0,0,3.4285714285714284,4.142857142857143,0.8571428571428571,0.7142857142857149
CSE2611694,2026-08-02 04:13:00+00:00,Low,4,4,4,4,4,4,3,4,5,5,5,4,5,3,0,1,1,1,0,1,0,3.857142857142857,4.428571428571429,0.5714285714285714,0.5714285714285716
CSE2611695,2026-08-02 04:14:00+00:00,Medium,2,4,2,3,5,3,5,5,3,4,4,5,3,4,3,0,2,1,0,0,0,3.4285714285714284,4.0,0.8571428571428571,0.5714285714285716
CSE2611696,2026-08-02 04:15:00+00:00,Medium,3,3,3,2,4,3,3,5,4,5,4,4,4,5,2,1,2,2,0,1,2,3.0,4.428571428571429,1.4285714285714286,1.4285714285714288
CSE2611697,2026-08-02 04:16:00+00:00,Medium,3,4,4,3,4,3,3,5,4,4,4,5,4,4,2,0,0,1,1,1,1,3.4285714285714284,4.285714285714286,0.8571428571428571,0.8571428571428572
CSE2611698,2026-08-02 04:17:00+00:00,Medium,3,2,3,2,5,4,3,5,5,4,4,4,4,3,2,3,1,2,0,0,0,3.142857142857143,4.142857142857143,1.1428571428571428,1.0000000000000004
CSE2611699,2026-08-02 04:18:00+00:00,Low,5,3,4,3,4,3,5,5,4,4,4,4,4,5,0,1,0,1,0,1,0,3.857142857142857,4.285714285714286,0.42857142857142855,0.4285714285714284
CSE2611700,2026-08-02 04:19:00+00:00,Medium,3,4,3,2,2,4,2,4,3,3,4,5,4,4,1,0,0,2,3,0,2,2.857142857142857,3.857142857142857,1.1428571428571428,1.0
CSE2611701,2026-08-02 04:20:00+00:00,Medium,2,1,4,4,2,3,3,4,4,4,5,4,4,4,2,3,0,1,2,1,1,2.7142857142857144,4.142857142857143,1.4285714285714286,1.4285714285714288
CSE2611702,2026-08-02 04:21:00+00:00,Medium,1,3,3,3,5,2,4,3,4,5,5,4,5,4,2,1,2,2,0,3,0,3.0,4.285714285714286,1.4285714285714286,1.2857142857142856
CSE2611703,2026-08-02 04:22:00+00:00,Medium,3,3,2,3,4,3,2,4,4,4,4,5,4,4,1,1,2,1,1,1,2,2.857142857142857,4.142857142857143,1.2857142857142858,1.285714285714286
CSE2611704,2026-08-02 04:23:00+00:00,Medium,4,3,3,3,2,3,3,4,4,4,4,4,4,4,0,1,1,1,2,1,1,3.0,4.0,1.0,1.0
CSE2611705,2026-08-02 04:24:00+00:00,Medium,5,4,4,3,1,4,2,5,4,4,3,4,4,5,0,0,0,0,3,0,3,3.2857142857142856,4.142857142857143,0.8571428571428571,0.8571428571428577
CSE2611706,2026-08-02 04:25:00+00:00,Medium,5,4,4,1,1,2,4,3,4,5,5,4,3,5,0,0,1,4,3,1,1,3.0,4.142857142857143,1.4285714285714286,1.1428571428571432
CSE2611707,2026-08-02 04:26:00+00:00,Medium,4,4,5,3,3,4,3,5,4,4,5,5,3,4,1,0,0,2,2,0,1,3.7142857142857144,4.285714285714286,0.8571428571428571,0.5714285714285712
CSE2611708,2026-08-02 04:27:00+00:00,Medium,4,2,3,5,4,3,5,5,5,4,5,5,5,4,1,3,1,0,1,2,0,3.7142857142857144,4.714285714285714,1.1428571428571428,1.0
CSE2611709,2026-08-02 04:28:00+00:00,Low,4,3,2,4,3,5,4,4,3,4,5,4,4,4,0,0,2,1,1,0,0,3.5714285714285716,4.0,0.5714285714285714,0.4285714285714284
CSE2611710,2026-08-02 04:29:00+00:00,Medium,2,4,5,4,3,4,3,4,5,4,3,4,4,5,2,1,0,0,1,0,2,3.5714285714285716,4.142857142857143,0.8571428571428571,0.5714285714285716
CSE2611711,2026-08-02 04:30:00+00:00,Medium,3,4,3,2,3,3,2,5,4,5,3,4,4,4,2,0,2,1,1,1,2,2.857142857142857,4.142857142857143,1.2857142857142858,1.285714285714286
CSE2611712,2026-08-02 04:31:00+00:00,Medium,3,2,4,4,4,4,4,5,3,5,5,4,5,5,2,1,1,1,0,1,1,3.5714285714285716,4.571428571428571,1.0,0.9999999999999996
CSE2611713,2026-08-02 04:32:00+00:00,Medium,5,3,4,4,3,3,1,4,4,5,3,4,3,5,0,1,1,0,1,0,4,3.2857142857142856,4.0,1.0,0.7142857142857144
CSE2611714,2026-08-02 04:33:00+00:00,Medium,3,2,5,1,5,3,3,4,4,4,3,5,4,4,1,2,0,2,0,1,1,3.142857142857143,4.0,1.0,0.8571428571428572
CSE2611715,2026-08-02 04:34:00+00:00,Medium,3,4,2,3,1,4,4,3,4,4,3,4,5,5,0,0,2,0,3,1,1,3.0,4.0,1.0,1.0
CSE2611716,2026-08-02 04:35:00+00:00,Low,3,3,4,5,4,3,4,3,3,4,4,5,4,4,0,0,0,0,1,1,0,3.7142857142857144,3.857142857142857,0.2857142857142857,0.1428571428571428
CSE2611717,2026-08-02 04:36:00+00:00,Low,3,4,3,2,4,4,4,4,4,5,3,3,3,4,1,0,2,1,0,0,0,3.4285714285714284,3.7142857142857144,0.5714285714285714,0.28571428571428603
CSE2611718,2026-08-02 04:37:00+00:00,Low,4,5,5,4,1,5,3,4,4,5,3,5,5,4,0,0,0,0,4,0,1,3.857142857142857,4.285714285714286,0.7142857142857143,0.4285714285714284
CSE2611719,2026-08-02 04:38:00+00:00,Medium,3,4,2,4,2,2,3,5,4,3,5,3,3,5,2,0,1,1,1,1,2,2.857142857142857,4.0,1.1428571428571428,1.1428571428571428
CSE2611720,2026-08-02 04:39:00+00:00,Medium,3,5,1,1,2,3,3,3,4,5,4,4,4,3,0,0,4,3,2,1,0,2.5714285714285716,3.857142857142857,1.4285714285714286,1.2857142857142856
CSE2611721,2026-08-02 04:40:00+00:00,Low,4,3,3,4,4,4,3,5,4,4,4,4,4,4,1,1,1,0,0,0,1,3.5714285714285716,4.142857142857143,0.5714285714285714,0.5714285714285716
CSE2611722,2026-08-02 04:41:00+00:00,Medium,4,4,3,3,2,4,3,3,5,5,4,4,4,4,0,1,2,1,2,0,1,3.2857142857142856,4.142857142857143,1.0,0.8571428571428577
CSE2611723,2026-08-02 04:42:00+00:00,Medium,4,3,3,3,2,5,2,4,4,3,4,5,5,5,0,1,0,1,3,0,3,3.142857142857143,4.285714285714286,1.1428571428571428,1.1428571428571428
CSE2611724,2026-08-02 04:43:00+00:00,Medium,5,4,2,2,4,3,4,5,4,5,4,5,4,5,0,0,3,2,1,1,1,3.4285714285714284,4.571428571428571,1.1428571428571428,1.1428571428571428
CSE2611725,2026-08-02 04:44:00+00:00,Medium,5,3,3,3,3,3,4,4,4,4,5,5,5,4,0,1,1,2,2,2,0,3.4285714285714284,4.428571428571429,1.1428571428571428,1.0000000000000004
CSE2611726,2026-08-02 04:45:00+00:00,Medium,3,3,3,3,3,4,3,4,4,4,5,4,4,3,1,1,1,2,1,0,0,3.142857142857143,4.0,0.8571428571428571,0.8571428571428572
CSE2611727,2026-08-02 04:46:00+00:00,Medium,3,4,3,2,3,4,3,4,4,4,4,4,5,4,1,0,1,2,1,1,1,3.142857142857143,4.142857142857143,1.0,1.0000000000000004
CSE2611728,2026-08-02 04:47:00+00:00,High,3,3,4,2,3,3,3,4,5,5,5,4,5,5,1,2,1,3,1,2,2,3.0,4.714285714285714,1.7142857142857142,1.7142857142857144
CSE2611729,2026-08-02 04:48:00+00:00,Medium,4,1,3,4,1,4,5,4,4,4,4,4,4,3,0,3,1,0,3,0,0,3.142857142857143,3.857142857142857,1.0,0.7142857142857144
CSE2611730,2026-08-02 04:49:00+00:00,Medium,4,1,3,3,3,3,5,3,4,4,4,3,5,3,0,3,1,1,0,2,0,3.142857142857143,3.7142857142857144,1.0,0.5714285714285716
CSE2611731,2026-08-02 04:50:00+00:00,Medium,3,3,4,4,4,1,3,5,4,3,4,3,5,5,2,1,0,0,0,4,2,3.142857142857143,4.142857142857143,1.2857142857142858,1.0000000000000004
CSE2611732,2026-08-02 04:51:00+00:00,Low,4,3,5,3,3,3,5,4,4,5,4,4,5,4,0,1,0,1,1,2,0,3.7142857142857144,4.285714285714286,0.7142857142857143,0.5714285714285712
CSE2611733,2026-08-02 04:52:00+00:00,Low,5,3,4,3,5,3,5,4,4,5,4,3,5,4,0,1,1,1,0,2,0,4.0,4.142857142857143,0.7142857142857143,0.14285714285714324
CSE2611734,2026-08-02 04:53:00+00:00,Low,4,3,1,3,4,4,4,4,4,3,5,4,4,4,0,1,2,2,0,0,0,3.2857142857142856,4.0,0.7142857142857143,0.7142857142857144
CSE2611735,2026-08-02 04:54:00+00:00,Medium,4,4,2,3,3,4,3,5,5,4,5,5,3,3,1,1,2,2,2,0,0,3.2857142857142856,4.285714285714286,1.1428571428571428,1.0
CSE2611736,2026-08-02 04:55:00+00:00,High,2,2,1,3,3,3,1,4,4,5,4,4,4,4,2,2,4,1,1,1,3,2.142857142857143,4.142857142857143,2.0,2.0000000000000004
CSE2611737,2026-08-02 04:56:00+00:00,Medium,2,4,2,3,4,4,3,5,3,4,4,4,4,4,3,0,2,1,0,0,1,3.142857142857143,4.0,1.0,0.8571428571428572
CSE2611738,2026-08-02 04:57:00+00:00,High,4,4,3,1,2,2,3,5,4,4,5,5,5,4,1,0,1,4,3,3,1,2.7142857142857144,4.571428571428571,1.8571428571428572,1.8571428571428568
CSE2611739,2026-08-02 04:58:00+00:00,High,3,2,2,2,2,1,2,4,4,4,4,4,5,4,1,2,2,2,2,4,2,2.0,4.142857142857143,2.142857142857143,2.1428571428571432
CSE2611740,2026-08-02 04:59:00+00:00,Medium,3,4,3,5,3,3,4,4,5,5,5,3,5,4,1,1,2,0,0,2,0,3.5714285714285716,4.428571428571429,0.8571428571428571,0.8571428571428572
CSE2611741,2026-08-02 05:00:00+00:00,Medium,4,2,3,1,2,3,3,4,4,4,4,4,4,4,0,2,1,3,2,1,1,2.5714285714285716,4.0,1.4285714285714286,1.4285714285714284
CSE2611742,2026-08-02 05:01:00+00:00,Medium,1,3,2,3,3,3,3,5,3,4,4,5,4,3,4,0,2,1,2,1,0,2.5714285714285716,4.0,1.4285714285714286,1.4285714285714284
CSE2611743,2026-08-02 05:02:00+00:00,Medium,5,3,5,3,2,2,4,4,4,3,5,4,4,4,0,1,0,2,2,2,0,3.4285714285714284,4.0,1.0,0.5714285714285716
CSE2611744,2026-08-02 05:03:00+00:00,Low,5,4,4,4,4,3,1,3,5,3,5,4,4,3,0,1,0,1,0,1,2,3.5714285714285716,3.857142857142857,0.7142857142857143,0.2857142857142856
CSE2611745,2026-08-02 05:04:00+00:00,High,2,4,3,1,3,3,3,4,5,5,4,5,5,3,2,1,2,3,2,2,0,2.7142857142857144,4.428571428571429,1.7142857142857142,1.7142857142857144
CSE2611746,2026-08-02 05:05:00+00:00,Medium,3,4,2,2,4,2,2,4,4,4,5,4,4,3,1,0,2,3,0,2,1,2.7142857142857144,4.0,1.2857142857142858,1.2857142857142856
CSE2611747,2026-08-02 05:06:00+00:00,Medium,4,5,2,1,3,3,4,5,5,4,4,4,4,4,1,0,2,3,1,1,0,3.142857142857143,4.285714285714286,1.1428571428571428,1.1428571428571428
CSE2611748,2026-08-02 05:07:00+00:00,Medium,3,3,2,3,3,3,4,5,3,4,4,4,5,5,2,0,2,1,1,2,1,3.0,4.285714285714286,1.2857142857142858,1.2857142857142856
CSE2611749,2026-08-02 05:08:00+00:00,Medium,4,5,2,2,2,1,4,4,4,4,5,4,4,4,0,0,2,3,2,3,0,2.857142857142857,4.142857142857143,1.4285714285714286,1.285714285714286
CSE2611750,2026-08-02 05:09:00+00:00,Medium,4,2,5,3,4,4,2,5,4,3,3,5,4,5,1,2,0,0,1,0,3,3.4285714285714284,4.142857142857143,1.0,0.7142857142857149
CSE2611751,2026-08-02 05:10:00+00:00,Medium,4,3,4,3,3,3,3,4,5,4,5,4,5,3,0,2,0,2,1,2,0,3.2857142857142856,4.285714285714286,1.0,1.0
CSE2611752,2026-08-02 05:11:00+00:00,Medium,2,1,4,5,3,5,4,4,4,5,4,5,3,4,2,3,1,0,2,0,0,3.4285714285714284,4.142857142857143,1.1428571428571428,0.7142857142857149
CSE2611753,2026-08-02 05:12:00+00:00,Medium,4,3,4,2,3,2,2,3,4,4,5,4,4,4,0,1,0,3,1,2,2,2.857142857142857,4.0,1.2857142857142858,1.1428571428571428
CSE2611754,2026-08-02 05:13:00+00:00,Medium,4,2,3,3,4,2,3,5,4,5,4,4,5,4,1,2,2,1,0,3,1,3.0,4.428571428571429,1.4285714285714286,1.4285714285714288
CSE2611755,2026-08-02 05:14:00+00:00,Medium,2,4,2,4,4,3,3,5,5,5,3,4,3,4,3,1,3,0,0,0,1,3.142857142857143,4.142857142857143,1.1428571428571428,1.0000000000000004
CSE2611756,2026-08-02 05:15:00+00:00,Medium,5,4,1,3,4,3,3,4,5,4,5,5,3,4,0,1,3,2,1,0,1,3.2857142857142856,4.285714285714286,1.1428571428571428,1.0
CSE2611757,2026-08-02 05:16:00+00:00,Low,5,4,3,4,4,4,2,5,4,5,4,5,4,4,0,0,2,0,1,0,2,3.7142857142857144,4.428571428571429,0.7142857142857143,0.7142857142857144
CSE2611758,2026-08-02 05:17:00+00:00,Medium,1,3,4,5,5,5,2,3,5,4,5,4,4,5,2,2,0,0,0,0,3,3.5714285714285716,4.285714285714286,1.0,0.714285714285714
CSE2611759,2026-08-02 05:18:00+00:00,Medium,2,3,3,3,4,5,3,3,5,5,4,4,4,5,1,2,2,1,0,0,2,3.2857142857142856,4.285714285714286,1.1428571428571428,1.0
CSE2611760,2026-08-02 05:19:00+00:00,High,2,2,3,2,5,2,2,4,3,4,4,4,4,5,2,1,1,2,0,2,3,2.5714285714285716,4.0,1.5714285714285714,1.4285714285714284
CSE2611761,2026-08-02 05:20:00+00:00,Medium,2,4,4,3,2,2,5,3,4,4,3,4,5,4,1,0,0,0,2,3,0,3.142857142857143,3.857142857142857,0.8571428571428571,0.7142857142857144
CSE2611762,2026-08-02 05:21:00+00:00,Medium,3,1,5,3,2,2,4,4,4,4,3,4,3,4,1,3,0,0,2,1,0,2.857142857142857,3.7142857142857144,1.0,0.8571428571428572
CSE2611763,2026-08-02 05:22:00+00:00,Medium,4,5,1,2,4,3,2,5,4,3,4,4,4,3,1,0,2,2,0,1,1,3.0,3.857142857142857,1.0,0.8571428571428572
CSE2611764,2026-08-02 05:23:00+00:00,Medium,4,2,4,3,4,1,4,3,5,3,5,5,4,3,0,3,0,2,1,3,0,3.142857142857143,4.0,1.2857142857142858,0.8571428571428572
CSE2611765,2026-08-02 05:24:00+00:00,High,5,4,3,1,2,1,1,4,4,4,3,5,4,5,0,0,1,2,3,3,4,2.4285714285714284,4.142857142857143,1.8571428571428572,1.7142857142857149
CSE2611766,2026-08-02 05:25:00+00:00,Medium,3,3,3,2,2,3,3,3,4,4,4,4,5,4,0,1,1,2,2,2,1,2.7142857142857144,4.0,1.2857142857142858,1.2857142857142856
CSE2611767,2026-08-02 05:26:00+00:00,Low,3,4,5,4,4,3,2,4,4,3,4,4,4,5,1,0,0,0,0,1,3,3.5714285714285716,4.0,0.7142857142857143,0.4285714285714284
CSE2611768,2026-08-02 05:27:00+00:00,High,3,1,2,2,4,4,2,5,5,5,3,5,4,4,2,4,3,1,1,0,2,2.5714285714285716,4.428571428571429,1.8571428571428572,1.8571428571428572
CSE2611769,2026-08-02 05:28:00+00:00,Medium,4,4,2,4,3,3,3,4,5,3,3,4,4,5,0,1,1,0,1,1,2,3.2857142857142856,4.0,0.8571428571428571,0.7142857142857144
CSE2611770,2026-08-02 05:29:00+00:00,Medium,4,3,2,3,2,3,3,4,5,5,3,3,4,5,0,2,3,0,1,1,2,2.857142857142857,4.142857142857143,1.2857142857142858,1.285714285714286
CSE2611771,2026-08-02 05:30:00+00:00,Medium,5,3,4,3,3,2,4,5,5,5,4,3,5,4,0,2,1,1,0,3,0,3.4285714285714284,4.428571428571429,1.0,1.0000000000000004
CSE2611772,2026-08-02 05:31:00+00:00,Medium,2,1,3,4,5,4,3,4,4,4,5,4,5,4,2,3,1,1,0,1,1,3.142857142857143,4.285714285714286,1.2857142857142858,1.1428571428571428
CSE2611773,2026-08-02 05:32:00+00:00,Low,3,3,3,4,3,5,4,3,4,3,4,3,4,4,0,1,0,0,0,0,0,3.5714285714285716,3.5714285714285716,0.14285714285714285,0.0
CSE2611774,2026-08-02 05:33:00+00:00,Medium,1,4,4,3,2,3,1,4,3,4,3,4,4,5,3,0,0,0,2,1,4,2.5714285714285716,3.857142857142857,1.4285714285714286,1.2857142857142856
CSE2611775,2026-08-02 05:34:00+00:00,Medium,4,3,3,3,2,4,4,3,4,4,4,4,4,5,0,1,1,1,2,0,1,3.2857142857142856,4.0,0.8571428571428571,0.7142857142857144
CSE2611776,2026-08-02 05:35:00+00:00,High,4,4,3,2,1,2,2,5,4,5,4,5,5,5,1,0,2,2,4,3,3,2.5714285714285716,4.714285714285714,2.142857142857143,2.142857142857143
CSE2611777,2026-08-02 05:36:00+00:00,Low,2,3,4,3,4,5,4,5,4,3,4,4,4,4,3,1,0,1,0,0,0,3.5714285714285716,4.0,0.7142857142857143,0.4285714285714284
CSE2611778,2026-08-02 05:37:00+00:00,Low,3,5,3,4,3,3,4,3,5,4,4,5,4,5,0,0,1,0,2,1,1,3.5714285714285716,4.285714285714286,0.7142857142857143,0.714285714285714
CSE2611779,2026-08-02 05:38:00+00:00,Medium,4,4,2,3,4,3,4,5,3,4,4,5,3,5,1,0,2,1,1,0,1,3.4285714285714284,4.142857142857143,0.8571428571428571,0.7142857142857149
CSE2611780,2026-08-02 05:39:00+00:00,Medium,3,3,3,3,4,4,3,4,4,5,4,4,5,5,1,1,2,1,0,1,2,3.2857142857142856,4.428571428571429,1.1428571428571428,1.1428571428571432
CSE2611781,2026-08-02 05:40:00+00:00,Medium,4,2,4,3,4,3,5,5,5,3,4,5,4,4,1,3,0,1,1,1,0,3.5714285714285716,4.285714285714286,1.0,0.714285714285714
CSE2611782,2026-08-02 05:41:00+00:00,Low,2,4,3,4,3,3,4,4,3,3,4,4,4,4,2,0,0,0,1,1,0,3.2857142857142856,3.7142857142857144,0.5714285714285714,0.4285714285714288
CSE2611783,2026-08-02 05:42:00+00:00,Medium,4,3,3,3,3,3,3,4,4,5,5,3,3,4,0,1,2,2,0,0,1,3.142857142857143,4.0,0.8571428571428571,0.8571428571428572
CSE2611784,2026-08-02 05:43:00+00:00,Medium,3,2,3,3,3,2,3,3,3,3,4,5,5,4,0,1,0,1,2,3,1,2.7142857142857144,3.857142857142857,1.1428571428571428,1.1428571428571428
CSE2611785,2026-08-02 05:44:00+00:00,Medium,2,4,2,3,3,3,4,4,4,4,5,4,5,4,2,0,2,2,1,2,0,3.0,4.285714285714286,1.2857142857142858,1.2857142857142856
CSE2611786,2026-08-02 05:45:00+00:00,High,2,1,3,5,3,2,1,4,4,4,4,4,3,4,2,3,1,0,1,1,3,2.4285714285714284,3.857142857142857,1.5714285714285714,1.4285714285714288
CSE2611787,2026-08-02 05:46:00+00:00,Low,3,5,5,3,3,4,2,3,5,4,4,4,4,4,0,0,0,1,1,0,2,3.5714285714285716,4.0,0.5714285714285714,0.4285714285714284
CSE2611788,2026-08-02 05:47:00+00:00,Medium,4,3,3,3,4,3,3,4,4,5,3,4,4,5,0,1,2,0,0,1,2,3.2857142857142856,4.142857142857143,0.8571428571428571,0.8571428571428577
CSE2611789,2026-08-02 05:48:00+00:00,High,2,2,4,3,2,2,4,4,4,5,4,4,4,5,2,2,1,1,2,2,1,2.7142857142857144,4.285714285714286,1.5714285714285714,1.5714285714285712
CSE2611790,2026-08-02 05:49:00+00:00,Medium,5,4,4,3,3,4,1,3,4,4,4,4,5,4,0,0,0,1,1,1,3,3.4285714285714284,4.0,0.8571428571428571,0.5714285714285716
CSE2611791,2026-08-02 05:50:00+00:00,High,2,3,5,1,3,2,3,4,5,4,5,4,4,5,2,2,0,4,1,2,2,2.7142857142857144,4.428571428571429,1.8571428571428572,1.7142857142857144
CSE2611792,2026-08-02 05:51:00+00:00,Medium,4,2,3,3,2,3,2,4,5,4,4,3,4,4,0,3,1,1,1,1,2,2.7142857142857144,4.0,1.2857142857142858,1.2857142857142856
CSE2611793,2026-08-02 05:52:00+00:00,Medium,3,2,4,3,3,2,4,5,4,5,3,5,5,3,2,2,1,0,2,3,0,3.0,4.285714285714286,1.4285714285714286,1.2857142857142856
CSE2611794,2026-08-02 05:53:00+00:00,Low,2,4,3,3,3,4,3,5,4,3,3,4,4,4,3,0,0,0,1,0,1,3.142857142857143,3.857142857142857,0.7142857142857143,0.7142857142857144
CSE2611795,2026-08-02 05:54:00+00:00,Medium,3,3,3,5,3,3,2,4,4,4,5,4,4,4,1,1,1,0,1,1,2,3.142857142857143,4.142857142857143,1.0,1.0000000000000004
CSE2611796,2026-08-02 05:55:00+00:00,Low,4,4,3,5,2,4,4,4,4,5,4,4,5,4,0,0,2,0,2,1,0,3.7142857142857144,4.285714285714286,0.7142857142857143,0.5714285714285712
CSE2611797,2026-08-02 05:56:00+00:00,Medium,3,4,1,3,2,1,4,3,5,3,4,5,4,4,0,1,2,1,3,3,0,2.5714285714285716,4.0,1.4285714285714286,1.4285714285714284
CSE2611798,2026-08-02 05:57:00+00:00,Low,3,5,3,5,3,3,3,3,4,4,3,3,4,5,0,0,1,0,0,1,2,3.5714285714285716,3.7142857142857144,0.5714285714285714,0.1428571428571428
CSE2611799,2026-08-02 05:58:00+00:00,Medium,1,3,4,5,3,3,2,3,5,4,3,4,4,4,2,2,0,0,1,1,2,3.0,3.857142857142857,1.1428571428571428,0.8571428571428572
CSE2611800,2026-08-02 05:59:00+00:00,Medium,4,4,1,4,1,3,4,5,4,4,4,4,4,5,1,0,3,0,3,1,1,3.0,4.285714285714286,1.2857142857142858,1.2857142857142856
CSE2611801,2026-08-02 06:00:00+00:00,Medium,2,2,2,4,4,4,4,4,4,4,5,5,4,4,2,2,2,1,1,0,0,3.142857142857143,4.285714285714286,1.1428571428571428,1.1428571428571428
CSE2611802,2026-08-02 06:01:00+00:00,High,2,2,4,3,2,5,5,5,5,4,5,5,5,3,3,3,0,2,3,0,0,3.2857142857142856,4.571428571428571,1.5714285714285714,1.2857142857142856
CSE2611803,2026-08-02 06:02:00+00:00,High,3,4,1,2,1,4,4,5,4,4,5,3,5,4,2,0,3,3,2,1,0,2.7142857142857144,4.285714285714286,1.5714285714285714,1.5714285714285712
CSE2611804,2026-08-02 06:03:00+00:00,Low,4,4,5,4,3,3,5,3,4,4,5,5,3,4,0,0,0,1,2,0,0,4.0,4.0,0.42857142857142855,0.0
CSE2611805,2026-08-02 06:04:00+00:00,Medium,3,3,4,4,4,2,2,3,4,4,5,5,4,4,0,1,0,1,1,2,2,3.142857142857143,4.142857142857143,1.0,1.0000000000000004
CSE2611806,2026-08-02 06:05:00+00:00,Medium,4,3,2,5,4,4,3,5,4,4,4,4,5,4,1,1,2,0,0,1,1,3.5714285714285716,4.285714285714286,0.8571428571428571,0.714285714285714
CSE2611807,2026-08-02 06:06:00+00:00,Low,4,3,3,4,2,3,2,4,4,4,4,3,3,4,0,1,1,0,1,0,2,3.0,3.7142857142857144,0.7142857142857143,0.7142857142857144
CSE2611808,2026-08-02 06:07:00+00:00,Low,5,4,5,3,4,5,2,4,4,4,3,4,4,3,0,0,0,0,0,0,1,4.0,3.7142857142857144,0.14285714285714285,-0.2857142857142856
CSE2611809,2026-08-02 06:08:00+00:00,Medium,5,4,4,4,2,3,3,3,5,4,5,3,4,5,0,1,0,1,1,1,2,3.5714285714285716,4.142857142857143,0.8571428571428571,0.5714285714285716
CSE2611810,2026-08-02 06:09:00+00:00,High,1,3,4,3,2,3,4,4,4,5,5,4,5,3,3,1,1,2,2,2,0,2.857142857142857,4.285714285714286,1.5714285714285714,1.4285714285714284
CSE2611811,2026-08-02 06:10:00+00:00,Medium,3,4,3,3,3,3,5,3,5,4,4,4,5,5,0,1,1,1,1,2,0,3.4285714285714284,4.285714285714286,0.8571428571428571,0.8571428571428572
CSE2611812,2026-08-02 06:11:00+00:00,Medium,1,2,3,5,3,4,4,5,5,4,3,4,5,4,4,3,1,0,1,1,0,3.142857142857143,4.285714285714286,1.4285714285714286,1.1428571428571428
CSE2611813,2026-08-02 06:12:00+00:00,Low,4,4,4,3,3,3,5,5,4,4,4,4,4,5,1,0,0,1,1,1,0,3.7142857142857144,4.285714285714286,0.5714285714285714,0.5714285714285712
CSE2611814,2026-08-02 06:13:00+00:00,Low,4,4,2,4,3,3,5,4,4,4,4,4,4,4,0,0,2,0,1,1,0,3.5714285714285716,4.0,0.5714285714285714,0.4285714285714284
CSE2611815,2026-08-02 06:14:00+00:00,Medium,3,3,4,1,3,1,3,4,4,4,4,3,5,3,1,1,0,3,0,4,0,2.5714285714285716,3.857142857142857,1.2857142857142858,1.2857142857142856
CSE2611816,2026-08-02 06:15:00+00:00,Medium,2,2,1,3,3,4,5,4,4,3,3,3,3,4,2,2,2,0,0,0,0,2.857142857142857,3.4285714285714284,0.8571428571428571,0.5714285714285712
CSE2611817,2026-08-02 06:16:00+00:00,Medium,5,3,5,5,1,4,3,4,4,4,5,5,3,4,0,1,0,0,4,0,1,3.7142857142857144,4.142857142857143,0.8571428571428571,0.4285714285714288
CSE2611818,2026-08-02 06:17:00+00:00,Low,5,4,3,5,5,3,4,3,4,4,3,4,5,5,0,0,1,0,0,2,1,4.142857142857143,4.0,0.5714285714285714,-0.14285714285714324
CSE2611819,2026-08-02 06:18:00+00:00,Medium,5,4,1,1,4,4,4,4,4,4,4,5,4,4,0,0,3,3,1,0,0,3.2857142857142856,4.142857142857143,1.0,0.8571428571428577
CSE2611820,2026-08-02 06:19:00+00:00,Medium,5,5,3,2,2,3,3,4,4,4,5,4,5,4,0,0,1,3,2,2,1,3.2857142857142856,4.285714285714286,1.2857142857142858,1.0
CSE2611821,2026-08-02 06:20:00+00:00,High,2,3,3,3,1,3,2,5,5,4,3,3,5,4,3,2,1,0,2,2,2,2.4285714285714284,4.142857142857143,1.7142857142857142,1.7142857142857149
CSE2611822,2026-08-02 06:21:00+00:00,High,2,2,4,2,4,2,3,5,4,4,4,4,5,4,3,2,0,2,0,3,1,2.7142857142857144,4.285714285714286,1.5714285714285714,1.5714285714285712
CSE2611823,2026-08-02 06:22:00+00:00,Medium,4,2,4,3,2,3,3,4,4,4,5,3,4,4,0,2,0,2,1,1,1,3.0,4.0,1.0,1.0
CSE2611824,2026-08-02 06:23:00+00:00,Medium,3,4,3,2,4,2,2,4,4,4,4,3,4,5,1,0,1,2,0,2,3,2.857142857142857,4.0,1.2857142857142858,1.1428571428571428
CSE2611825,2026-08-02 06:24:00+00:00,Medium,4,4,5,2,3,3,3,4,5,4,4,4,5,4,0,1,0,2,1,2,1,3.4285714285714284,4.285714285714286,1.0,0.8571428571428572
CSE2611826,2026-08-02 06:25:00+00:00,Low,2,4,2,3,4,5,3,3,4,4,4,4,4,4,1,0,2,1,0,0,1,3.2857142857142856,3.857142857142857,0.7142857142857143,0.5714285714285716
CSE2611827,2026-08-02 06:26:00+00:00,High,3,3,3,3,4,1,1,4,4,4,4,4,4,5,1,1,1,1,0,3,4,2.5714285714285716,4.142857142857143,1.5714285714285714,1.5714285714285716
CSE2611828,2026-08-02 06:27:00+00:00,Medium,4,3,4,2,4,4,4,5,4,4,4,5,4,5,1,1,0,2,1,0,1,3.5714285714285716,4.428571428571429,0.8571428571428571,0.8571428571428572
CSE2611829,2026-08-02 06:28:00+00:00,Low,4,3,4,4,4,4,4,4,3,4,3,4,3,5,0,0,0,0,0,0,1,3.857142857142857,3.7142857142857144,0.14285714285714285,-0.1428571428571428
CSE2611830,2026-08-02 06:29:00+00:00,Medium,1,4,2,2,2,3,4,4,4,4,4,4,4,3,3,0,2,2,2,1,0,2.5714285714285716,3.857142857142857,1.4285714285714286,1.2857142857142856
CSE2611831,2026-08-02 06:30:00+00:00,Medium,3,2,3,3,4,4,4,4,3,5,4,5,5,4,1,1,2,1,1,1,0,3.2857142857142856,4.285714285714286,1.0,1.0
CSE2611832,2026-08-02 06:31:00+00:00,High,3,3,3,2,4,3,3,5,5,4,5,4,5,4,2,2,1,3,0,2,1,3.0,4.571428571428571,1.5714285714285714,1.5714285714285712
CSE2611833,2026-08-02 06:32:00+00:00,Low,3,4,4,2,4,4,4,4,4,5,5,3,4,4,1,0,1,3,0,0,0,3.5714285714285716,4.142857142857143,0.7142857142857143,0.5714285714285716
CSE2611834,2026-08-02 06:33:00+00:00,High,1,1,2,3,3,2,4,4,5,4,5,5,5,5,3,4,2,2,2,3,1,2.2857142857142856,4.714285714285714,2.4285714285714284,2.428571428571429
CSE2611835,2026-08-02 06:34:00+00:00,High,3,2,1,3,3,2,2,3,4,4,4,5,4,4,0,2,3,1,2,2,2,2.2857142857142856,4.0,1.7142857142857142,1.7142857142857144
CSE2611836,2026-08-02 06:35:00+00:00,High,3,3,3,4,3,1,3,5,4,5,4,4,4,5,2,1,2,0,1,3,2,2.857142857142857,4.428571428571429,1.5714285714285714,1.5714285714285716
CSE2611837,2026-08-02 06:36:00+00:00,Low,3,3,2,4,4,2,5,4,4,3,3,4,4,4,1,1,1,0,0,2,0,3.2857142857142856,3.7142857142857144,0.7142857142857143,0.4285714285714288
CSE2611838,2026-08-02 06:37:00+00:00,Medium,4,4,2,2,4,3,2,4,4,4,4,4,3,5,0,0,2,2,0,0,3,3.0,4.0,1.0,1.0
CSE2611839,2026-08-02 06:38:00+00:00,High,2,3,3,2,2,3,3,5,5,4,4,4,3,4,3,2,1,2,2,0,1,2.5714285714285716,4.142857142857143,1.5714285714285714,1.5714285714285716
CSE2611840,2026-08-02 06:39:00+00:00,Medium,3,4,4,4,3,4,2,4,5,5,4,5,3,5,1,1,1,0,2,0,3,3.4285714285714284,4.428571428571429,1.1428571428571428,1.0000000000000004
CSE2611841,2026-08-02 06:40:00+00:00,Medium,2,2,2,4,3,3,2,4,5,5,4,3,3,4,2,3,3,0,0,0,2,2.5714285714285716,4.0,1.4285714285714286,1.4285714285714284
CSE2611842,2026-08-02 06:41:00+00:00,Medium,4,5,2,4,3,3,3,5,4,4,4,5,3,5,1,0,2,0,2,0,2,3.4285714285714284,4.285714285714286,1.0,0.8571428571428572
CSE2611843,2026-08-02 06:42:00+00:00,High,1,3,1,3,1,4,3,4,5,5,5,5,4,5,3,2,4,2,4,0,2,2.2857142857142856,4.714285714285714,2.4285714285714284,2.428571428571429
CSE2611844,2026-08-02 06:43:00+00:00,Low,3,2,4,5,4,3,3,3,4,4,3,3,4,5,0,2,0,0,0,1,2,3.4285714285714284,3.7142857142857144,0.7142857142857143,0.28571428571428603
CSE2611845,2026-08-02 06:44:00+00:00,Low,4,5,4,4,4,4,4,4,5,3,4,3,5,4,0,0,0,0,0,1,0,4.142857142857143,4.0,0.14285714285714285,-0.14285714285714324
CSE2611846,2026-08-02 06:45:00+00:00,Low,4,4,3,4,5,3,3,5,4,4,3,4,4,4,1,0,1,0,0,1,1,3.7142857142857144,4.0,0.5714285714285714,0.2857142857142856
CSE2611847,2026-08-02 06:46:00+00:00,Medium,3,2,4,2,2,4,3,4,3,4,4,4,4,4,1,1,0,2,2,0,1,2.857142857142857,3.857142857142857,1.0,1.0
CSE2611848,2026-08-02 06:47:00+00:00,Medium,4,3,4,2,3,3,2,3,4,4,3,4,5,4,0,1,0,1,1,2,2,3.0,3.857142857142857,1.0,0.8571428571428572
CSE2611849,2026-08-02 06:48:00+00:00,Medium,3,3,2,2,4,5,3,4,4,4,5,5,5,3,1,1,2,3,1,0,0,3.142857142857143,4.285714285714286,1.1428571428571428,1.1428571428571428
CSE2611850,2026-08-02 06:49:00+00:00,Low,4,4,5,4,1,3,4,5,4,3,4,3,5,3,1,0,0,0,2,2,0,3.5714285714285716,3.857142857142857,0.7142857142857143,0.2857142857142856
CSE2611851,2026-08-02 06:50:00+00:00,Low,3,5,3,4,3,5,4,5,4,5,4,4,5,3,2,0,2,0,1,0,0,3.857142857142857,4.285714285714286,0.7142857142857143,0.4285714285714284
CSE2611852,2026-08-02 06:51:00+00:00,Medium,2,4,3,3,2,2,4,5,3,4,3,4,3,5,3,0,1,0,2,1,1,2.857142857142857,3.857142857142857,1.1428571428571428,1.0
CSE2611853,2026-08-02 06:52:00+00:00,Low,3,4,3,3,4,4,5,5,4,4,4,4,5,4,2,0,1,1,0,1,0,3.7142857142857144,4.285714285714286,0.7142857142857143,0.5714285714285712
CSE2611854,2026-08-02 06:53:00+00:00,Low,4,4,4,3,5,5,4,4,4,4,5,5,4,5,0,0,0,2,0,0,1,4.142857142857143,4.428571428571429,0.42857142857142855,0.2857142857142856
CSE2611855,2026-08-02 06:54:00+00:00,Medium,2,3,4,4,2,3,3,5,4,3,4,3,4,3,3,1,0,0,1,1,0,3.0,3.7142857142857144,0.8571428571428571,0.7142857142857144
CSE2611856,2026-08-02 06:55:00+00:00,High,3,3,2,2,2,1,3,5,4,4,5,5,3,4,2,1,2,3,3,2,1,2.2857142857142856,4.285714285714286,2.0,2.0
CSE2611857,2026-08-02 06:56:00+00:00,Medium,3,3,3,2,4,4,3,5,4,4,4,4,4,4,2,1,1,2,0,0,1,3.142857142857143,4.142857142857143,1.0,1.0000000000000004
CSE2611858,2026-08-02 06:57:00+00:00,Medium,3,3,4,3,2,5,4,3,5,4,5,5,5,3,0,2,0,2,3,0,0,3.4285714285714284,4.285714285714286,1.0,0.8571428571428572
CSE2611859,2026-08-02 06:58:00+00:00,Low,3,4,3,5,4,3,4,4,4,4,4,5,4,5,1,0,1,0,1,1,1,3.7142857142857144,4.285714285714286,0.7142857142857143,0.5714285714285712
CSE2611860,2026-08-02 06:59:00+00:00,Medium,3,3,1,3,4,4,3,5,4,4,5,3,4,3,2,1,3,2,0,0,0,3.0,4.0,1.1428571428571428,1.0
CSE2611861,2026-08-02 07:00:00+00:00,Medium,2,5,4,4,4,5,3,5,5,4,5,5,5,4,3,0,0,1,1,0,1,3.857142857142857,4.714285714285714,0.8571428571428571,0.8571428571428572
CSE2611862,2026-08-02 07:01:00+00:00,High,3,4,1,3,4,3,2,5,5,5,5,3,5,3,2,1,4,2,0,2,1,2.857142857142857,4.428571428571429,1.7142857142857142,1.5714285714285716
CSE2611863,2026-08-02 07:02:00+00:00,Medium,4,5,3,4,2,4,1,4,4,4,5,4,3,3,0,0,1,1,2,0,2,3.2857142857142856,3.857142857142857,0.8571428571428571,0.5714285714285716
CSE2611864,2026-08-02 07:03:00+00:00,Medium,3,3,3,3,4,5,1,5,4,5,4,4,4,5,2,1,2,1,0,0,4,3.142857142857143,4.428571428571429,1.4285714285714286,1.285714285714286
CSE2611865,2026-08-02 07:04:00+00:00,High,2,1,2,3,4,4,2,4,5,4,4,5,4,5,2,4,2,1,1,0,3,2.5714285714285716,4.428571428571429,1.8571428571428572,1.8571428571428572
CSE2611866,2026-08-02 07:05:00+00:00,Medium,4,3,5,2,2,5,3,5,5,3,4,5,4,4,1,2,0,2,3,0,1,3.4285714285714284,4.285714285714286,1.2857142857142858,0.8571428571428572
CSE2611867,2026-08-02 07:06:00+00:00,Medium,2,3,4,2,3,4,3,3,5,5,5,4,3,5,1,2,1,3,1,0,2,3.0,4.285714285714286,1.4285714285714286,1.2857142857142856
CSE2611868,2026-08-02 07:07:00+00:00,Medium,3,2,5,3,3,2,3,4,4,4,5,5,4,4,1,2,0,2,2,2,1,3.0,4.285714285714286,1.4285714285714286,1.2857142857142856
CSE2611869,2026-08-02 07:08:00+00:00,Low,4,4,4,4,3,4,4,5,4,3,4,4,4,5,1,0,0,0,1,0,1,3.857142857142857,4.142857142857143,0.42857142857142855,0.28571428571428603
CSE2611870,2026-08-02 07:09:00+00:00,Medium,3,1,4,2,3,5,2,4,4,4,4,4,3,5,1,3,0,2,1,0,3,2.857142857142857,4.0,1.4285714285714286,1.1428571428571428
CSE2611871,2026-08-02 07:10:00+00:00,Low,1,4,3,4,4,5,4,3,4,5,4,4,4,4,2,0,2,0,0,0,0,3.5714285714285716,4.0,0.5714285714285714,0.4285714285714284
CSE2611872,2026-08-02 07:11:00+00:00,Low,3,4,4,4,5,5,2,3,5,5,3,5,4,5,0,1,1,0,0,0,3,3.857142857142857,4.285714285714286,0.7142857142857143,0.4285714285714284
CSE2611873,2026-08-02 07:12:00+00:00,Medium,3,5,3,2,3,4,2,5,4,4,5,4,4,4,2,0,1,3,1,0,2,3.142857142857143,4.285714285714286,1.2857142857142858,1.1428571428571428
CSE2611874,2026-08-02 07:13:00+00:00,Low,3,4,3,4,4,3,3,3,4,4,4,4,4,3,0,0,1,0,0,1,0,3.4285714285714284,3.7142857142857144,0.2857142857142857,0.28571428571428603
CSE2611875,2026-08-02 07:14:00+00:00,Low,4,4,3,3,2,4,3,4,3,4,4,3,3,3,0,0,1,1,1,0,0,3.2857142857142856,3.4285714285714284,0.42857142857142855,0.1428571428571428
CSE2611876,2026-08-02 07:15:00+00:00,Medium,2,3,1,4,1,2,4,3,4,4,5,3,4,3,1,1,3,1,2,2,0,2.4285714285714284,3.7142857142857144,1.4285714285714286,1.285714285714286
CSE2611877,2026-08-02 07:16:00+00:00,Medium,2,3,1,3,2,4,2,4,4,3,3,4,4,3,2,1,2,0,2,0,1,2.4285714285714284,3.5714285714285716,1.1428571428571428,1.1428571428571432
CSE2611878,2026-08-02 07:17:00+00:00,Medium,5,2,3,4,4,3,3,4,4,4,5,5,5,4,0,2,1,1,1,2,1,3.4285714285714284,4.428571428571429,1.1428571428571428,1.0000000000000004
CSE2611879,2026-08-02 07:18:00+00:00,Medium,2,2,4,4,5,3,5,4,5,4,4,4,4,4,2,3,0,0,0,1,0,3.5714285714285716,4.142857142857143,0.8571428571428571,0.5714285714285716
CSE2611880,2026-08-02 07:19:00+00:00,Medium,3,5,5,3,3,4,3,5,5,3,4,4,5,5,2,0,0,1,1,1,2,3.7142857142857144,4.428571428571429,1.0,0.7142857142857144
CSE2611881,2026-08-02 07:20:00+00:00,High,2,1,3,3,5,3,4,4,5,5,5,5,5,5,2,4,2,2,0,2,1,3.0,4.857142857142857,1.8571428571428572,1.8571428571428568
CSE2611882,2026-08-02 07:21:00+00:00,Medium,3,4,4,4,3,1,5,4,5,5,5,4,4,3,1,1,1,1,1,3,0,3.4285714285714284,4.285714285714286,1.1428571428571428,0.8571428571428572
CSE2611883,2026-08-02 07:22:00+00:00,High,3,3,1,3,3,5,3,5,4,4,5,5,5,4,2,1,3,2,2,0,1,3.0,4.571428571428571,1.5714285714285714,1.5714285714285712
CSE2611884,2026-08-02 07:23:00+00:00,Medium,3,5,2,2,3,3,4,5,5,4,4,4,3,4,2,0,2,2,1,0,0,3.142857142857143,4.142857142857143,1.0,1.0000000000000004
CSE2611885,2026-08-02 07:24:00+00:00,Medium,4,3,4,4,3,1,3,4,5,4,4,4,3,4,0,2,0,0,1,2,1,3.142857142857143,4.0,0.8571428571428571,0.8571428571428572
CSE2611886,2026-08-02 07:25:00+00:00,Medium,2,3,4,4,4,2,4,4,5,4,4,5,4,4,2,2,0,0,1,2,0,3.2857142857142856,4.285714285714286,1.0,1.0
CSE2611887,2026-08-02 07:26:00+00:00,Medium,3,3,4,5,4,2,3,4,4,4,5,4,5,4,1,1,0,0,0,3,1,3.4285714285714284,4.285714285714286,0.8571428571428571,0.8571428571428572
CSE2611888,2026-08-02 07:27:00+00:00,Medium,5,2,1,3,2,3,4,4,5,4,4,3,4,5,0,3,3,1,1,1,1,2.857142857142857,4.142857142857143,1.4285714285714286,1.285714285714286
CSE2611889,2026-08-02 07:28:00+00:00,Medium,2,2,2,5,2,5,3,3,4,5,4,4,5,4,1,2,3,0,2,0,1,3.0,4.142857142857143,1.2857142857142858,1.1428571428571432
CSE2611890,2026-08-02 07:29:00+00:00,Medium,3,3,3,1,4,5,2,4,3,5,5,5,3,4,1,0,2,4,1,0,2,3.0,4.142857142857143,1.4285714285714286,1.1428571428571432
CSE2611891,2026-08-02 07:30:00+00:00,Medium,3,4,1,4,2,4,2,4,4,5,4,4,5,4,1,0,4,0,2,1,2,2.857142857142857,4.285714285714286,1.4285714285714286,1.4285714285714284
CSE2611892,2026-08-02 07:31:00+00:00,Medium,1,3,4,2,4,3,3,4,4,5,5,4,3,4,3,1,1,3,0,0,1,2.857142857142857,4.142857142857143,1.2857142857142858,1.285714285714286
CSE2611893,2026-08-02 07:32:00+00:00,Medium,3,1,2,2,5,4,4,4,4,5,4,4,4,5,1,3,3,2,0,0,1,3.0,4.285714285714286,1.4285714285714286,1.2857142857142856
CSE2611894,2026-08-02 07:33:00+00:00,High,3,2,4,2,3,3,2,4,5,5,4,5,4,4,1,3,1,2,2,1,2,2.7142857142857144,4.428571428571429,1.7142857142857142,1.7142857142857144
CSE2611895,2026-08-02 07:34:00+00:00,Medium,3,2,4,1,4,3,3,4,4,4,4,4,4,5,1,2,0,3,0,1,2,2.857142857142857,4.142857142857143,1.2857142857142858,1.285714285714286
CSE2611896,2026-08-02 07:35:00+00:00,Medium,3,3,2,4,3,3,4,4,4,5,4,5,4,4,1,1,3,0,2,1,0,3.142857142857143,4.285714285714286,1.1428571428571428,1.1428571428571428
CSE2611897,2026-08-02 07:36:00+00:00,High,1,3,3,3,1,3,2,5,3,3,4,4,4,4,4,0,0,1,3,1,2,2.2857142857142856,3.857142857142857,1.5714285714285714,1.5714285714285716
CSE2611898,2026-08-02 07:37:00+00:00,Low,3,5,3,4,4,2,3,4,5,4,3,4,3,5,1,0,1,0,0,1,2,3.4285714285714284,4.0,0.7142857142857143,0.5714285714285716
CSE2611899,2026-08-02 07:38:00+00:00,Medium,3,4,3,2,5,2,2,4,4,3,4,4,5,5,1,0,0,2,0,3,3,3.0,4.142857142857143,1.2857142857142858,1.1428571428571432
CSE2611900,2026-08-02 07:39:00+00:00,Low,5,4,4,3,2,4,5,4,3,4,3,5,3,5,0,0,0,0,3,0,0,3.857142857142857,3.857142857142857,0.42857142857142855,0.0
CSE2611901,2026-08-02 07:40:00+00:00,Medium,3,2,3,3,4,2,4,3,5,5,3,4,5,4,0,3,2,0,0,3,0,3.0,4.142857142857143,1.1428571428571428,1.1428571428571432
CSE2611902,2026-08-02 07:41:00+00:00,High,4,3,2,2,5,3,2,5,4,4,4,4,5,5,1,1,2,2,0,2,3,3.0,4.428571428571429,1.5714285714285714,1.4285714285714288
CSE2611903,2026-08-02 07:42:00+00:00,High,3,2,4,3,2,3,1,5,5,4,4,5,4,4,2,3,0,1,3,1,3,2.5714285714285716,4.428571428571429,1.8571428571428572,1.8571428571428572
CSE2611904,2026-08-02 07:43:00+00:00,High,1,2,3,1,3,4,3,5,4,3,5,4,5,4,4,2,0,4,1,1,1,2.4285714285714284,4.285714285714286,1.8571428571428572,1.8571428571428572
CSE2611905,2026-08-02 07:44:00+00:00,High,3,3,5,1,2,4,3,3,5,5,5,4,5,5,0,2,0,4,2,1,2,3.0,4.571428571428571,1.5714285714285714,1.5714285714285712
CSE2611906,2026-08-02 07:45:00+00:00,Medium,1,5,3,4,3,2,4,3,4,4,5,4,4,4,2,0,1,1,1,2,0,3.142857142857143,4.0,1.0,0.8571428571428572
CSE2611907,2026-08-02 07:46:00+00:00,Medium,4,5,3,4,2,2,3,5,5,5,5,3,4,4,1,0,2,1,1,2,1,3.2857142857142856,4.428571428571429,1.1428571428571428,1.1428571428571432
CSE2611908,2026-08-02 07:47:00+00:00,Medium,4,3,3,5,4,3,2,5,4,4,4,3,3,5,1,1,1,0,0,0,3,3.4285714285714284,4.0,0.8571428571428571,0.5714285714285716
CSE2611909,2026-08-02 07:48:00+00:00,Low,4,3,3,4,4,4,4,4,5,3,4,3,4,5,0,2,0,0,0,0,1,3.7142857142857144,4.0,0.42857142857142855,0.2857142857142856
CSE2611910,2026-08-02 07:49:00+00:00,Medium,5,2,3,2,2,3,5,5,4,4,4,5,5,3,0,2,1,2,3,2,0,3.142857142857143,4.285714285714286,1.4285714285714286,1.1428571428571428
CSE2611911,2026-08-02 07:50:00+00:00,Medium,5,4,2,3,2,3,5,4,4,5,5,4,5,5,0,0,3,2,2,2,0,3.4285714285714284,4.571428571428571,1.2857142857142858,1.1428571428571428
CSE2611912,2026-08-02 07:51:00+00:00,Low,4,3,4,5,4,3,4,4,4,4,5,3,4,4,0,1,0,0,0,1,0,3.857142857142857,4.0,0.2857142857142857,0.1428571428571428
CSE2611913,2026-08-02 07:52:00+00:00,High,2,3,2,4,2,2,3,4,5,5,5,4,3,4,2,2,3,1,2,1,1,2.5714285714285716,4.285714285714286,1.7142857142857142,1.714285714285714
CSE2611914,2026-08-02 07:53:00+00:00,Low,3,4,4,5,2,5,3,4,4,4,4,4,4,4,1,0,0,0,2,0,1,3.7142857142857144,4.0,0.5714285714285714,0.2857142857142856
CSE2611915,2026-08-02 07:54:00+00:00,Low,4,4,3,5,5,5,3,4,4,4,5,4,3,4,0,0,1,0,0,0,1,4.142857142857143,4.0,0.2857142857142857,-0.14285714285714324
CSE2611916,2026-08-02 07:55:00+00:00,Low,4,4,4,4,3,3,2,4,4,4,5,4,3,5,0,0,0,1,1,0,3,3.4285714285714284,4.142857142857143,0.7142857142857143,0.7142857142857149
CSE2611917,2026-08-02 07:56:00+00:00,Medium,3,3,2,3,5,5,3,3,5,4,4,4,4,4,0,2,2,1,0,0,1,3.4285714285714284,4.0,0.8571428571428571,0.5714285714285716
CSE2611918,2026-08-02 07:57:00+00:00,Medium,4,4,2,4,1,3,2,4,4,4,4,4,5,4,0,0,2,0,3,2,2,2.857142857142857,4.142857142857143,1.2857142857142858,1.285714285714286
CSE2611919,2026-08-02 07:58:00+00:00,Medium,3,4,5,2,3,3,3,5,4,5,4,4,5,3,2,0,0,2,1,2,0,3.2857142857142856,4.285714285714286,1.0,1.0
CSE2611920,2026-08-02 07:59:00+00:00,Low,1,5,3,5,3,4,3,3,4,4,5,4,4,3,2,0,1,0,1,0,0,3.4285714285714284,3.857142857142857,0.5714285714285714,0.4285714285714288
CSE2611921,2026-08-02 08:00:00+00:00,Medium,5,4,3,2,2,4,3,3,4,4,4,4,4,4,0,0,1,2,2,0,1,3.2857142857142856,3.857142857142857,0.8571428571428571,0.5714285714285716
CSE2611922,2026-08-02 08:01:00+00:00,Medium,3,3,1,4,3,4,2,3,4,4,5,5,4,5,0,1,3,1,2,0,3,2.857142857142857,4.285714285714286,1.4285714285714286,1.4285714285714284
CSE2611923,2026-08-02 08:02:00+00:00,Medium,3,3,5,4,5,4,2,5,5,5,3,4,5,4,2,2,0,0,0,1,2,3.7142857142857144,4.428571428571429,1.0,0.7142857142857144
CSE2611924,2026-08-02 08:03:00+00:00,High,4,3,3,4,2,3,3,3,5,4,5,5,5,5,0,2,1,1,3,2,2,3.142857142857143,4.571428571428571,1.5714285714285714,1.4285714285714284
CSE2611925,2026-08-02 08:04:00+00:00,Low,4,5,5,5,3,4,5,5,5,4,4,4,3,5,1,0,0,0,1,0,0,4.428571428571429,4.285714285714286,0.2857142857142857,-0.14285714285714324
CSE2611926,2026-08-02 08:05:00+00:00,Medium,4,3,4,4,3,4,2,4,4,5,5,4,5,5,0,1,1,1,1,1,3,3.4285714285714284,4.571428571428571,1.1428571428571428,1.1428571428571428
CSE2611927,2026-08-02 08:06:00+00:00,Low,4,4,3,3,5,2,3,4,4,3,4,4,4,4,0,0,0,1,0,2,1,3.4285714285714284,3.857142857142857,0.5714285714285714,0.4285714285714288
CSE2611928,2026-08-02 08:07:00+00:00,Medium,1,5,2,3,4,3,4,4,3,5,3,4,4,5,3,0,3,0,0,1,1,3.142857142857143,4.0,1.1428571428571428,0.8571428571428572
CSE2611929,2026-08-02 08:08:00+00:00,Medium,4,2,3,4,3,2,2,5,4,3,4,4,4,5,1,2,0,0,1,2,3,2.857142857142857,4.142857142857143,1.2857142857142858,1.285714285714286
CSE2611930,2026-08-02 08:09:00+00:00,Low,4,1,3,4,3,3,4,3,4,4,4,3,3,3,0,3,1,0,0,0,0,3.142857142857143,3.4285714285714284,0.5714285714285714,0.2857142857142856
CSE2611931,2026-08-02 08:10:00+00:00,High,3,2,1,3,4,3,3,5,4,5,4,4,5,4,2,2,4,1,0,2,1,2.7142857142857144,4.428571428571429,1.7142857142857142,1.7142857142857144
CSE2611932,2026-08-02 08:11:00+00:00,Medium,2,4,3,3,4,3,1,4,4,4,3,5,4,4,2,0,1,0,1,1,3,2.857142857142857,4.0,1.1428571428571428,1.1428571428571428
CSE2611933,2026-08-02 08:12:00+00:00,Medium,4,5,2,2,3,3,3,5,3,3,5,4,4,4,1,0,1,3,1,1,1,3.142857142857143,4.0,1.1428571428571428,0.8571428571428572
CSE2611934,2026-08-02 08:13:00+00:00,Low,4,4,5,4,3,3,3,5,4,4,4,3,4,3,1,0,0,0,0,1,0,3.7142857142857144,3.857142857142857,0.2857142857142857,0.1428571428571428
CSE2611935,2026-08-02 08:14:00+00:00,Low,4,4,4,3,3,3,3,4,4,4,4,3,4,4,0,0,0,1,0,1,1,3.4285714285714284,3.857142857142857,0.42857142857142855,0.4285714285714288
CSE2611936,2026-08-02 08:15:00+00:00,High,3,3,4,1,3,1,4,5,5,4,4,4,4,4,2,2,0,3,1,3,0,2.7142857142857144,4.285714285714286,1.5714285714285714,1.5714285714285712
CSE2611937,2026-08-02 08:16:00+00:00,Medium,3,1,4,4,5,3,3,5,5,4,3,4,5,5,2,4,0,0,0,2,2,3.2857142857142856,4.428571428571429,1.4285714285714286,1.1428571428571432
CSE2611938,2026-08-02 08:17:00+00:00,High,4,3,1,3,3,2,3,5,4,4,3,5,5,4,1,1,3,0,2,3,1,2.7142857142857144,4.285714285714286,1.5714285714285714,1.5714285714285712
CSE2611939,2026-08-02 08:18:00+00:00,Medium,1,4,4,3,4,1,2,4,3,4,4,4,4,5,3,0,0,1,0,3,3,2.7142857142857144,4.0,1.4285714285714286,1.2857142857142856
CSE2611940,2026-08-02 08:19:00+00:00,Medium,4,3,4,2,1,1,4,3,4,4,5,5,3,4,0,1,0,3,4,2,0,2.7142857142857144,4.0,1.4285714285714286,1.2857142857142856
CSE2611941,2026-08-02 08:20:00+00:00,Medium,3,4,3,4,3,3,4,5,3,4,5,5,4,4,2,0,1,1,2,1,0,3.4285714285714284,4.285714285714286,1.0,0.8571428571428572
CSE2611942,2026-08-02 08:21:00+00:00,High,2,2,3,4,3,1,3,4,5,5,4,4,4,4,2,3,2,0,1,3,1,2.5714285714285716,4.285714285714286,1.7142857142857142,1.714285714285714
CSE2611943,2026-08-02 08:22:00+00:00,Medium,2,3,4,3,4,4,5,5,5,4,4,4,4,5,3,2,0,1,0,0,0,3.5714285714285716,4.428571428571429,0.8571428571428571,0.8571428571428572
CSE2611944,2026-08-02 08:23:00+00:00,Medium,4,2,4,3,3,3,3,5,5,5,4,3,4,3,1,3,1,1,0,1,0,3.142857142857143,4.142857142857143,1.0,1.0000000000000004
CSE2611945,2026-08-02 08:24:00+00:00,Medium,1,5,3,3,2,5,4,4,4,4,4,5,4,4,3,0,1,1,3,0,0,3.2857142857142856,4.142857142857143,1.1428571428571428,0.8571428571428577
CSE2611946,2026-08-02 08:25:00+00:00,High,1,5,4,1,3,2,2,4,4,4,5,4,4,4,3,0,0,4,1,2,2,2.5714285714285716,4.142857142857143,1.7142857142857142,1.5714285714285716
CSE2611947,2026-08-02 08:26:00+00:00,Low,3,4,3,3,4,3,4,3,4,5,3,5,5,4,0,0,2,0,1,2,0,3.4285714285714284,4.142857142857143,0.7142857142857143,0.7142857142857149
CSE2611948,2026-08-02 08:27:00+00:00,Medium,1,3,2,3,3,3,4,5,3,4,3,4,4,3,4,0,2,0,1,1,0,2.7142857142857144,3.7142857142857144,1.1428571428571428,1.0
CSE2611949,2026-08-02 08:28:00+00:00,Medium,4,4,4,5,2,4,2,4,5,5,5,4,4,4,0,1,1,0,2,0,2,3.5714285714285716,4.428571428571429,0.8571428571428571,0.8571428571428572
CSE2611950,2026-08-02 08:29:00+00:00,High,1,3,3,3,2,1,3,4,3,5,3,4,5,4,3,0,2,0,2,4,1,2.2857142857142856,4.0,1.7142857142857142,1.7142857142857144
CSE2611951,2026-08-02 08:30:00+00:00,Medium,4,3,3,4,4,5,2,4,5,5,4,4,4,4,0,2,2,0,0,0,2,3.5714285714285716,4.285714285714286,0.8571428571428571,0.714285714285714
CSE2611952,2026-08-02 08:31:00+00:00,Medium,4,3,3,4,4,3,3,4,4,5,4,4,4,5,0,1,2,0,0,1,2,3.4285714285714284,4.285714285714286,0.8571428571428571,0.8571428571428572
CSE2611953,2026-08-02 08:32:00+00:00,Low,5,4,4,4,3,1,4,4,4,5,3,3,4,4,0,0,1,0,0,3,0,3.5714285714285716,3.857142857142857,0.5714285714285714,0.2857142857142856
CSE2611954,2026-08-02 08:33:00+00:00,Low,5,5,4,2,3,2,3,4,3,4,3,3,4,3,0,0,0,1,0,2,0,3.4285714285714284,3.4285714285714284,0.42857142857142855,0.0
CSE2611955,2026-08-02 08:34:00+00:00,Low,3,3,3,5,3,4,4,3,5,4,4,4,4,4,0,2,1,0,1,0,0,3.5714285714285716,4.0,0.5714285714285714,0.4285714285714284
CSE2611956,2026-08-02 08:35:00+00:00,High,2,3,3,2,3,1,4,4,5,5,4,4,4,3,2,2,2,2,1,3,0,2.5714285714285716,4.142857142857143,1.7142857142857142,1.5714285714285716
CSE2611957,2026-08-02 08:36:00+00:00,Medium,3,3,4,3,1,4,3,4,4,4,3,5,5,5,1,1,0,0,4,1,2,3.0,4.285714285714286,1.2857142857142858,1.2857142857142856
CSE2611958,2026-08-02 08:37:00+00:00,Medium,3,3,3,2,5,3,2,4,4,4,5,4,4,4,1,1,1,3,0,1,2,3.0,4.142857142857143,1.2857142857142858,1.1428571428571432
CSE2611959,2026-08-02 08:38:00+00:00,Medium,3,4,4,4,4,1,4,3,5,4,3,4,5,5,0,1,0,0,0,4,1,3.4285714285714284,4.142857142857143,0.8571428571428571,0.7142857142857149
CSE2611960,2026-08-02 08:39:00+00:00,Medium,3,2,4,4,2,3,3,5,4,3,4,4,4,4,2,2,0,0,2,1,1,3.0,4.0,1.1428571428571428,1.0
CSE2611961,2026-08-02 08:40:00+00:00,Medium,3,4,3,3,2,3,3,4,4,4,4,3,5,4,1,0,1,1,1,2,1,3.0,4.0,1.0,1.0
CSE2611962,2026-08-02 08:41:00+00:00,High,1,3,2,3,4,1,3,4,4,4,4,4,4,4,3,1,2,1,0,3,1,2.4285714285714284,4.0,1.5714285714285714,1.5714285714285716
CSE2611963,2026-08-02 08:42:00+00:00,Medium,2,4,3,3,4,4,4,4,5,5,5,5,4,3,2,1,2,2,1,0,0,3.4285714285714284,4.428571428571429,1.1428571428571428,1.0000000000000004
CSE2611964,2026-08-02 08:43:00+00:00,Low,2,1,5,5,3,5,4,4,4,4,4,3,5,4,2,3,0,0,0,0,0,3.5714285714285716,4.0,0.7142857142857143,0.4285714285714284
CSE2611965,2026-08-02 08:44:00+00:00,Medium,4,3,1,4,2,3,5,4,5,3,4,5,4,3,0,2,2,0,3,1,0,3.142857142857143,4.0,1.1428571428571428,0.8571428571428572
CSE2611966,2026-08-02 08:45:00+00:00,Medium,2,5,3,3,3,3,3,3,4,4,5,4,5,4,1,0,1,2,1,2,1,3.142857142857143,4.142857142857143,1.1428571428571428,1.0000000000000004
CSE2611967,2026-08-02 08:46:00+00:00,Low,4,3,4,5,4,3,3,5,4,5,5,4,3,4,1,1,1,0,0,0,1,3.7142857142857144,4.285714285714286,0.5714285714285714,0.5714285714285712
CSE2611968,2026-08-02 08:47:00+00:00,High,4,3,3,2,2,2,2,5,4,5,4,4,4,4,1,1,2,2,2,2,2,2.5714285714285716,4.285714285714286,1.7142857142857142,1.714285714285714
CSE2611969,2026-08-02 08:48:00+00:00,Medium,3,5,2,2,4,3,3,5,4,5,4,4,5,4,2,0,3,2,0,2,1,3.142857142857143,4.428571428571429,1.4285714285714286,1.285714285714286
CSE2611970,2026-08-02 08:49:00+00:00,Low,3,4,5,3,5,4,3,5,4,4,4,4,3,5,2,0,0,1,0,0,2,3.857142857142857,4.142857142857143,0.7142857142857143,0.28571428571428603
CSE2611971,2026-08-02 08:50:00+00:00,High,2,3,3,2,3,2,3,5,4,4,4,4,4,4,3,1,1,2,1,2,1,2.5714285714285716,4.142857142857143,1.5714285714285714,1.5714285714285716
CSE2611972,2026-08-02 08:51:00+00:00,Medium,4,2,1,2,4,3,4,3,3,4,5,3,4,5,0,1,3,3,0,1,1,2.857142857142857,3.857142857142857,1.2857142857142858,1.0
CSE2611973,2026-08-02 08:52:00+00:00,Medium,3,3,2,2,3,2,3,3,4,5,4,4,4,4,0,1,3,2,1,2,1,2.5714285714285716,4.0,1.4285714285714286,1.4285714285714284
CSE2611974,2026-08-02 08:53:00+00:00,Medium,2,5,3,5,4,3,5,4,3,5,4,4,5,4,2,0,2,0,0,2,0,3.857142857142857,4.142857142857143,0.8571428571428571,0.28571428571428603
CSE2611975,2026-08-02 08:54:00+00:00,High,1,1,3,3,2,5,3,4,4,5,5,4,3,4,3,3,2,2,2,0,1,2.5714285714285716,4.142857142857143,1.8571428571428572,1.5714285714285716
CSE2611976,2026-08-02 08:55:00+00:00,Low,4,3,3,3,4,3,3,4,3,5,5,4,4,3,0,0,2,2,0,1,0,3.2857142857142856,4.0,0.7142857142857143,0.7142857142857144
CSE2611977,2026-08-02 08:56:00+00:00,Low,4,4,4,3,3,4,3,3,4,5,4,4,5,4,0,0,1,1,1,1,1,3.5714285714285716,4.142857142857143,0.7142857142857143,0.5714285714285716
CSE2611978,2026-08-02 08:57:00+00:00,Low,3,4,5,3,2,4,5,4,5,5,4,4,4,5,1,1,0,1,2,0,0,3.7142857142857144,4.428571428571429,0.7142857142857143,0.7142857142857144
CSE2611979,2026-08-02 08:58:00+00:00,Medium,1,2,4,1,4,4,4,3,4,4,4,5,4,4,2,2,0,3,1,0,0,2.857142857142857,4.0,1.1428571428571428,1.1428571428571428
CSE2611980,2026-08-02 08:59:00+00:00,Medium,3,4,4,3,1,3,2,5,5,4,4,4,4,4,2,1,0,1,3,1,2,2.857142857142857,4.285714285714286,1.4285714285714286,1.4285714285714284
CSE2611981,2026-08-02 09:00:00+00:00,Medium,2,4,3,3,3,5,1,3,3,4,4,5,4,4,1,0,1,1,2,0,3,3.0,3.857142857142857,1.1428571428571428,0.8571428571428572
CSE2611982,2026-08-02 09:01:00+00:00,Low,4,2,2,5,4,4,2,3,4,3,4,4,4,4,0,2,1,0,0,0,2,3.2857142857142856,3.7142857142857144,0.7142857142857143,0.4285714285714288
CSE2611983,2026-08-02 09:02:00+00:00,Medium,4,4,3,4,4,3,3,4,5,4,4,5,4,5,0,1,1,0,1,1,2,3.5714285714285716,4.428571428571429,0.8571428571428571,0.8571428571428572
CSE2611984,2026-08-02 09:03:00+00:00,Medium,3,5,3,3,3,2,1,4,5,4,3,4,4,5,1,0,1,0,1,2,4,2.857142857142857,4.142857142857143,1.2857142857142858,1.285714285714286
CSE2611985,2026-08-02 09:04:00+00:00,Medium,5,1,4,3,2,4,2,5,5,4,5,5,4,3,0,4,0,2,3,0,1,3.0,4.428571428571429,1.4285714285714286,1.4285714285714288
CSE2611986,2026-08-02 09:05:00+00:00,High,2,3,3,3,2,2,3,4,3,5,4,4,4,5,2,0,2,1,2,2,2,2.5714285714285716,4.142857142857143,1.5714285714285714,1.5714285714285716
CSE2611987,2026-08-02 09:06:00+00:00,Medium,4,2,4,3,2,3,3,4,5,4,3,5,4,5,0,3,0,0,3,1,2,3.0,4.285714285714286,1.2857142857142858,1.2857142857142856
CSE2611988,2026-08-02 09:07:00+00:00,Medium,2,4,3,3,3,2,5,5,5,4,5,4,4,4,3,1,1,2,1,2,0,3.142857142857143,4.428571428571429,1.4285714285714286,1.285714285714286
CSE2611989,2026-08-02 09:08:00+00:00,Medium,3,4,3,3,3,1,1,4,4,3,5,4,4,3,1,0,0,2,1,3,2,2.5714285714285716,3.857142857142857,1.2857142857142858,1.2857142857142856
CSE2611990,2026-08-02 09:09:00+00:00,Low,3,5,3,2,4,4,3,4,3,4,3,4,5,4,1,0,1,1,0,1,1,3.4285714285714284,3.857142857142857,0.7142857142857143,0.4285714285714288
CSE2611991,2026-08-02 09:10:00+00:00,Medium,2,3,4,2,1,4,1,3,4,4,4,4,4,4,1,1,0,2,3,0,3,2.4285714285714284,3.857142857142857,1.4285714285714286,1.4285714285714288
CSE2611992,2026-08-02 09:11:00+00:00,Medium,3,2,2,5,4,2,4,4,4,3,3,5,4,5,1,2,1,0,1,2,1,3.142857142857143,4.0,1.1428571428571428,0.8571428571428572
CSE2611993,2026-08-02 09:12:00+00:00,Medium,3,4,2,3,4,2,1,3,4,4,3,3,4,4,0,0,2,0,0,2,3,2.7142857142857144,3.5714285714285716,1.0,0.8571428571428572
CSE2611994,2026-08-02 09:13:00+00:00,Medium,3,3,4,2,2,2,4,4,4,4,4,5,5,3,1,1,0,2,3,3,0,2.857142857142857,4.142857142857143,1.4285714285714286,1.285714285714286
CSE2611995,2026-08-02 09:14:00+00:00,Medium,4,2,4,1,4,3,1,4,4,4,4,3,4,5,0,2,0,3,0,1,4,2.7142857142857144,4.0,1.4285714285714286,1.2857142857142856
CSE2611996,2026-08-02 09:15:00+00:00,High,5,2,2,3,2,1,4,4,5,5,4,5,4,4,0,3,3,1,3,3,0,2.7142857142857144,4.428571428571429,1.8571428571428572,1.7142857142857144
CSE2611997,2026-08-02 09:16:00+00:00,Low,3,4,4,3,3,4,4,4,4,3,4,4,3,5,1,0,0,1,1,0,1,3.5714285714285716,3.857142857142857,0.5714285714285714,0.2857142857142856
CSE2611998,2026-08-02 09:17:00+00:00,Medium,3,2,4,3,3,4,4,5,4,5,4,4,3,5,2,2,1,1,1,0,1,3.2857142857142856,4.285714285714286,1.1428571428571428,1.0
CSE2611999,2026-08-02 09:18:00+00:00,High,3,2,4,5,2,3,2,5,5,5,5,3,5,5,2,3,1,0,1,2,3,3.0,4.714285714285714,1.7142857142857142,1.7142857142857144
CSE2612000,2026-08-02 09:19:00+00:00,High,2,2,4,4,2,2,3,4,5,5,4,5,5,4,2,3,1,0,3,3,1,2.7142857142857144,4.571428571428571,1.8571428571428572,1.8571428571428568
CSE2612001,2026-08-02 09:20:00+00:00,Medium,2,4,3,2,3,4,4,4,4,3,4,4,3,5,2,0,0,2,1,0,1,3.142857142857143,3.857142857142857,0.8571428571428571,0.7142857142857144
CSE2612002,2026-08-02 09:21:00+00:00,Medium,5,4,3,1,3,3,4,4,4,5,4,4,5,4,0,0,2,3,1,2,0,3.2857142857142856,4.285714285714286,1.1428571428571428,1.0
CSE2612003,2026-08-02 09:22:00+00:00,Medium,4,2,1,3,2,4,3,4,5,4,4,4,3,4,0,3,3,1,2,0,1,2.7142857142857144,4.0,1.4285714285714286,1.2857142857142856
CSE2612004,2026-08-02 09:23:00+00:00,Low,3,3,4,4,3,4,3,4,3,3,4,4,4,4,1,0,0,0,1,0,1,3.4285714285714284,3.7142857142857144,0.42857142857142855,0.28571428571428603
CSE2612005,2026-08-02 09:24:00+00:00,Low,5,4,3,4,3,2,5,4,3,4,4,4,5,4,0,0,1,0,1,3,0,3.7142857142857144,4.0,0.7142857142857143,0.2857142857142856
CSE2612006,2026-08-02 09:25:00+00:00,High,2,2,1,3,1,2,3,4,5,3,4,4,3,5,2,3,2,1,3,1,2,2.0,4.0,2.0,2.0
CSE2612007,2026-08-02 09:26:00+00:00,Medium,3,2,3,3,5,4,4,5,4,5,5,4,4,4,2,2,2,2,0,0,0,3.4285714285714284,4.428571428571429,1.1428571428571428,1.0000000000000004
CSE2612008,2026-08-02 09:27:00+00:00,Medium,5,4,3,3,3,3,3,4,5,5,5,5,4,4,0,1,2,2,2,1,1,3.4285714285714284,4.571428571428571,1.2857142857142858,1.1428571428571428
CSE2612009,2026-08-02 09:28:00+00:00,Low,5,5,3,3,3,3,4,3,4,4,4,5,3,4,0,0,1,1,2,0,0,3.7142857142857144,3.857142857142857,0.5714285714285714,0.1428571428571428
CSE2612010,2026-08-02 09:29:00+00:00,High,2,2,4,3,1,2,3,4,4,5,5,5,4,4,2,2,1,2,4,2,1,2.4285714285714284,4.428571428571429,2.0,2.0000000000000004
CSE2612011,2026-08-02 09:30:00+00:00,Medium,3,3,3,3,4,3,4,4,3,4,5,4,5,4,1,0,1,2,0,2,0,3.2857142857142856,4.142857142857143,0.8571428571428571,0.8571428571428577
CSE2612012,2026-08-02 09:31:00+00:00,Medium,5,2,2,3,5,3,3,4,4,5,3,4,3,5,0,2,3,0,0,0,2,3.2857142857142856,4.0,1.0,0.7142857142857144
CSE2612013,2026-08-02 09:32:00+00:00,Medium,3,3,2,4,5,3,2,5,4,5,4,4,4,3,2,1,3,0,0,1,1,3.142857142857143,4.142857142857143,1.1428571428571428,1.0000000000000004
CSE2612014,2026-08-02 09:33:00+00:00,Medium,3,5,1,3,1,3,4,5,5,4,4,5,3,4,2,0,3,1,4,0,0,2.857142857142857,4.285714285714286,1.4285714285714286,1.4285714285714284
CSE2612015,2026-08-02 09:34:00+00:00,Medium,1,4,5,3,4,4,3,5,4,4,5,4,4,4,4,0,0,2,0,0,1,3.4285714285714284,4.285714285714286,1.0,0.8571428571428572
CSE2612016,2026-08-02 09:35:00+00:00,Medium,4,3,4,2,5,3,2,4,5,4,5,4,4,4,0,2,0,3,0,1,2,3.2857142857142856,4.285714285714286,1.1428571428571428,1.0
CSE2612017,2026-08-02 09:36:00+00:00,Low,2,4,3,5,4,4,3,4,4,3,5,4,3,4,2,0,0,0,0,0,1,3.5714285714285716,3.857142857142857,0.42857142857142855,0.2857142857142856
CSE2612018,2026-08-02 09:37:00+00:00,High,2,2,4,1,3,2,3,4,5,4,5,4,3,5,2,3,0,4,1,1,2,2.4285714285714284,4.285714285714286,1.8571428571428572,1.8571428571428572
CSE2612019,2026-08-02 09:38:00+00:00,High,2,1,4,2,4,1,5,5,5,5,5,4,4,3,3,4,1,3,0,3,0,2.7142857142857144,4.428571428571429,2.0,1.7142857142857144
CSE2612020,2026-08-02 09:39:00+00:00,Medium,3,5,4,5,2,3,2,4,4,4,5,4,5,4,1,0,0,0,2,2,2,3.4285714285714284,4.285714285714286,1.0,0.8571428571428572
CSE2612021,2026-08-02 09:40:00+00:00,Medium,4,3,5,2,3,4,3,5,3,4,4,5,3,5,1,0,0,2,2,0,2,3.4285714285714284,4.142857142857143,1.0,0.7142857142857149
CSE2612022,2026-08-02 09:41:00+00:00,Medium,3,3,4,3,4,5,3,4,5,5,5,4,4,5,1,2,1,2,0,0,2,3.5714285714285716,4.571428571428571,1.1428571428571428,0.9999999999999996
CSE2612023,2026-08-02 09:42:00+00:00,High,3,3,2,2,2,3,3,4,5,5,5,3,5,4,1,2,3,3,1,2,1,2.5714285714285716,4.428571428571429,1.8571428571428572,1.8571428571428572
CSE2612024,2026-08-02 09:43:00+00:00,Medium,2,2,3,3,3,5,3,3,5,4,5,3,4,4,1,3,1,2,0,0,1,3.0,4.0,1.1428571428571428,1.0
CSE2612025,2026-08-02 09:44:00+00:00,High,2,4,4,2,3,1,3,4,5,3,4,4,4,5,2,1,0,2,1,3,2,2.7142857142857144,4.142857142857143,1.5714285714285714,1.4285714285714288
CSE2612026,2026-08-02 09:45:00+00:00,Medium,3,4,2,2,3,4,3,4,5,4,4,4,3,4,1,1,2,2,1,0,1,3.0,4.0,1.1428571428571428,1.0
CSE2612027,2026-08-02 09:46:00+00:00,High,3,2,3,3,1,3,5,4,4,5,5,4,4,4,1,2,2,2,3,1,0,2.857142857142857,4.285714285714286,1.5714285714285714,1.4285714285714284
CSE2612028,2026-08-02 09:47:00+00:00,Low,4,4,4,4,4,3,2,4,4,4,5,4,4,5,0,0,0,1,0,1,3,3.5714285714285716,4.285714285714286,0.7142857142857143,0.714285714285714
CSE2612029,2026-08-02 09:48:00+00:00,Medium,4,5,2,2,4,4,2,4,5,5,5,5,4,4,0,0,3,3,1,0,2,3.2857142857142856,4.571428571428571,1.2857142857142858,1.2857142857142856
CSE2612030,2026-08-02 09:49:00+00:00,Low,3,4,4,4,4,3,3,5,4,4,4,5,3,3,2,0,0,0,1,0,0,3.5714285714285716,4.0,0.42857142857142855,0.4285714285714284
CSE2612031,2026-08-02 09:50:00+00:00,Medium,4,3,3,1,3,3,5,3,4,5,5,5,3,3,0,1,2,4,2,0,0,3.142857142857143,4.0,1.2857142857142858,0.8571428571428572
CSE2612032,2026-08-02 09:51:00+00:00,Medium,4,1,4,4,3,3,3,4,4,5,4,5,5,5,0,3,1,0,2,2,2,3.142857142857143,4.571428571428571,1.4285714285714286,1.4285714285714284
CSE2612033,2026-08-02 09:52:00+00:00,Medium,5,1,3,2,4,5,3,4,4,4,5,4,3,5,0,3,1,3,0,0,2,3.2857142857142856,4.142857142857143,1.2857142857142858,0.8571428571428577
CSE2612034,2026-08-02 09:53:00+00:00,Medium,3,1,3,3,4,3,3,4,5,3,5,4,3,3,1,4,0,2,0,0,0,2.857142857142857,3.857142857142857,1.0,1.0
CSE2612035,2026-08-02 09:54:00+00:00,High,2,1,3,4,3,3,1,4,4,5,4,5,4,5,2,3,2,0,2,1,4,2.4285714285714284,4.428571428571429,2.0,2.0000000000000004
CSE2612036,2026-08-02 09:55:00+00:00,Low,3,3,3,2,4,4,4,5,3,5,3,4,4,3,2,0,2,1,0,0,0,3.2857142857142856,3.857142857142857,0.7142857142857143,0.5714285714285716
CSE2612037,2026-08-02 09:56:00+00:00,High,3,4,3,3,3,3,1,4,4,4,5,5,5,4,1,0,1,2,2,2,3,2.857142857142857,4.428571428571429,1.5714285714285714,1.5714285714285716
CSE2612038,2026-08-02 09:57:00+00:00,Medium,2,4,3,3,2,4,4,4,5,4,5,4,3,3,2,1,1,2,2,0,0,3.142857142857143,4.0,1.1428571428571428,0.8571428571428572
CSE2612039,2026-08-02 09:58:00+00:00,High,1,2,3,3,2,1,3,4,5,5,5,4,4,5,3,3,2,2,2,3,2,2.142857142857143,4.571428571428571,2.4285714285714284,2.4285714285714284
CSE2612040,2026-08-02 09:59:00+00:00,Medium,3,3,3,2,3,5,3,3,4,4,5,5,4,5,0,1,1,3,2,0,2,3.142857142857143,4.285714285714286,1.2857142857142858,1.1428571428571428
CSE2612041,2026-08-02 10:00:00+00:00,High,4,3,1,3,4,1,2,4,4,5,4,4,5,4,0,1,4,1,0,4,2,2.5714285714285716,4.285714285714286,1.7142857142857142,1.714285714285714
CSE2612042,2026-08-02 10:01:00+00:00,High,4,1,1,3,3,4,2,5,5,4,3,4,4,4,1,4,3,0,1,0,2,2.5714285714285716,4.142857142857143,1.5714285714285714,1.5714285714285716
CSE2612043,2026-08-02 10:02:00+00:00,Medium,3,5,2,3,2,4,5,4,4,5,4,4,4,4,1,0,3,1,2,0,0,3.4285714285714284,4.142857142857143,1.0,0.7142857142857149
CSE2612044,2026-08-02 10:03:00+00:00,Low,3,4,4,5,3,5,4,3,3,3,4,4,4,4,0,0,0,0,1,0,0,4.0,3.5714285714285716,0.14285714285714285,-0.4285714285714284
CSE2612045,2026-08-02 10:04:00+00:00,Low,4,3,5,4,4,3,3,4,4,4,4,5,4,4,0,1,0,0,1,1,1,3.7142857142857144,4.142857142857143,0.5714285714285714,0.4285714285714288
CSE2612046,2026-08-02 10:05:00+00:00,Medium,3,2,4,4,4,2,1,4,5,4,3,5,4,4,1,3,0,0,1,2,3,2.857142857142857,4.142857142857143,1.4285714285714286,1.285714285714286
CSE2612047,2026-08-02 10:06:00+00:00,Medium,3,3,1,4,5,4,3,4,4,4,5,4,4,4,1,1,3,1,0,0,1,3.2857142857142856,4.142857142857143,1.0,0.8571428571428577
CSE2612048,2026-08-02 10:07:00+00:00,Medium,3,4,4,3,4,3,2,4,4,4,4,4,4,5,1,0,0,1,0,1,3,3.2857142857142856,4.142857142857143,0.8571428571428571,0.8571428571428577
CSE2612049,2026-08-02 10:08:00+00:00,Medium,1,1,4,5,4,5,3,4,4,4,4,4,4,4,3,3,0,0,0,0,1,3.2857142857142856,4.0,1.0,0.7142857142857144
CSE2612050,2026-08-02 10:09:00+00:00,Low,2,2,3,5,3,5,4,3,5,4,4,3,5,4,1,3,1,0,0,0,0,3.4285714285714284,4.0,0.7142857142857143,0.5714285714285716
CSE2612051,2026-08-02 10:10:00+00:00,Medium,3,3,2,2,4,3,1,4,3,4,3,4,4,5,1,0,2,1,0,1,4,2.5714285714285716,3.857142857142857,1.2857142857142858,1.2857142857142856
CSE2612052,2026-08-02 10:11:00+00:00,Medium,2,4,4,3,3,3,4,5,3,3,4,5,3,4,3,0,0,1,2,0,0,3.2857142857142856,3.857142857142857,0.8571428571428571,0.5714285714285716
CSE2612053,2026-08-02 10:12:00+00:00,Medium,2,5,5,3,3,2,3,5,5,5,4,4,4,3,3,0,0,1,1,2,0,3.2857142857142856,4.285714285714286,1.0,1.0
CSE2612054,2026-08-02 10:13:00+00:00,Medium,3,3,3,4,3,2,2,4,4,4,4,3,4,4,1,1,1,0,0,2,2,2.857142857142857,3.857142857142857,1.0,1.0
CSE2612055,2026-08-02 10:14:00+00:00,Medium,3,4,5,1,3,2,2,4,5,3,4,4,4,4,1,1,0,3,1,2,2,2.857142857142857,4.0,1.4285714285714286,1.1428571428571428
CSE2612056,2026-08-02 10:15:00+00:00,Medium,2,3,2,3,4,2,4,4,4,4,3,4,4,5,2,1,2,0,0,2,1,2.857142857142857,4.0,1.1428571428571428,1.1428571428571428
CSE2612057,2026-08-02 10:16:00+00:00,Medium,4,3,2,5,3,3,2,4,4,4,3,4,4,4,0,1,2,0,1,1,2,3.142857142857143,3.857142857142857,1.0,0.7142857142857144
CSE2612058,2026-08-02 10:17:00+00:00,Medium,3,3,3,3,3,4,3,3,4,4,5,4,4,4,0,1,1,2,1,0,1,3.142857142857143,4.0,0.8571428571428571,0.8571428571428572
CSE2612059,2026-08-02 10:18:00+00:00,Medium,4,1,4,3,4,4,3,4,4,3,4,5,5,3,0,3,0,1,1,1,0,3.2857142857142856,4.0,0.8571428571428571,0.7142857142857144
CSE2612060,2026-08-02 10:19:00+00:00,Medium,5,1,3,3,4,4,3,5,4,5,4,3,4,5,0,3,2,1,0,0,2,3.2857142857142856,4.285714285714286,1.1428571428571428,1.0
CSE2612061,2026-08-02 10:20:00+00:00,Medium,4,3,3,2,3,4,2,4,4,3,4,4,4,4,0,1,0,2,1,0,2,3.0,3.857142857142857,0.8571428571428571,0.8571428571428572
CSE2612062,2026-08-02 10:21:00+00:00,Low,4,5,2,3,4,3,3,3,4,4,4,4,4,4,0,0,2,1,0,1,1,3.4285714285714284,3.857142857142857,0.7142857142857143,0.4285714285714288
CSE2612063,2026-08-02 10:22:00+00:00,Medium,4,4,4,2,4,2,2,4,5,5,4,3,5,5,0,1,1,2,0,3,3,3.142857142857143,4.428571428571429,1.4285714285714286,1.285714285714286
CSE2612064,2026-08-02 10:23:00+00:00,Medium,2,3,4,5,4,1,5,3,5,4,4,4,4,4,1,2,0,0,0,3,0,3.4285714285714284,4.0,0.8571428571428571,0.5714285714285716
CSE2612065,2026-08-02 10:24:00+00:00,Low,3,3,4,3,3,4,3,4,3,4,5,4,3,4,1,0,0,2,1,0,1,3.2857142857142856,3.857142857142857,0.7142857142857143,0.5714285714285716
CSE2612066,2026-08-02 10:25:00+00:00,Low,4,5,4,2,3,3,4,4,4,4,3,4,5,5,0,0,0,1,1,2,1,3.5714285714285716,4.142857142857143,0.7142857142857143,0.5714285714285716
CSE2612067,2026-08-02 10:26:00+00:00,Medium,4,5,2,2,4,4,2,4,5,5,4,4,5,3,0,0,3,2,0,1,1,3.2857142857142856,4.285714285714286,1.0,1.0
CSE2612068,2026-08-02 10:27:00+00:00,Medium,2,4,4,2,3,4,2,5,5,3,5,4,4,3,3,1,0,3,1,0,1,3.0,4.142857142857143,1.2857142857142858,1.1428571428571432
CSE2612069,2026-08-02 10:28:00+00:00,Medium,2,4,4,5,3,4,4,5,4,5,4,5,5,4,3,0,1,0,2,1,0,3.7142857142857144,4.571428571428571,1.0,0.8571428571428568
CSE2612070,2026-08-02 10:29:00+00:00,Medium,4,5,4,4,1,5,1,3,5,4,5,3,4,5,0,0,0,1,2,0,4,3.4285714285714284,4.142857142857143,1.0,0.7142857142857149
CSE2612071,2026-08-02 10:30:00+00:00,Medium,4,4,3,3,4,2,4,4,3,4,5,4,4,5,0,0,1,2,0,2,1,3.4285714285714284,4.142857142857143,0.8571428571428571,0.7142857142857149
CSE2612072,2026-08-02 10:31:00+00:00,Medium,2,3,2,2,3,3,5,3,5,5,4,4,4,4,1,2,3,2,1,1,0,2.857142857142857,4.142857142857143,1.4285714285714286,1.285714285714286
CSE2612073,2026-08-02 10:32:00+00:00,Medium,4,2,3,4,3,3,2,5,4,3,4,4,5,4,1,2,0,0,1,2,2,3.0,4.142857142857143,1.1428571428571428,1.1428571428571432
CSE2612074,2026-08-02 10:33:00+00:00,High,1,4,1,3,1,2,3,5,5,4,3,5,5,4,4,1,3,0,4,3,1,2.142857142857143,4.428571428571429,2.2857142857142856,2.285714285714286
CSE2612075,2026-08-02 10:34:00+00:00,Low,5,4,3,4,4,3,4,4,4,5,3,5,4,3,0,0,2,0,1,1,0,3.857142857142857,4.0,0.5714285714285714,0.1428571428571428
CSE2612076,2026-08-02 10:35:00+00:00,Medium,3,2,5,3,5,3,2,4,5,4,5,4,4,4,1,3,0,2,0,1,2,3.2857142857142856,4.285714285714286,1.2857142857142858,1.0
CSE2612077,2026-08-02 10:36:00+00:00,Medium,3,3,2,4,3,3,3,3,3,5,4,5,5,4,0,0,3,0,2,2,1,3.0,4.142857142857143,1.1428571428571428,1.1428571428571432
CSE2612078,2026-08-02 10:37:00+00:00,Medium,4,4,3,3,2,2,5,5,4,3,4,4,4,5,1,0,0,1,2,2,0,3.2857142857142856,4.142857142857143,0.8571428571428571,0.8571428571428577
CSE2612079,2026-08-02 10:38:00+00:00,Medium,2,2,3,4,4,3,4,4,4,5,5,3,5,4,2,2,2,1,0,2,0,3.142857142857143,4.285714285714286,1.2857142857142858,1.1428571428571428
CSE2612080,2026-08-02 10:39:00+00:00,Medium,5,3,2,3,3,3,2,4,4,5,5,3,5,4,0,1,3,2,0,2,2,3.0,4.285714285714286,1.4285714285714286,1.2857142857142856
CSE2612081,2026-08-02 10:40:00+00:00,Medium,4,4,2,3,3,3,3,4,4,4,4,4,4,5,0,0,2,1,1,1,2,3.142857142857143,4.142857142857143,1.0,1.0000000000000004
CSE2612082,2026-08-02 10:41:00+00:00,Medium,5,3,2,4,2,4,4,4,5,5,3,5,5,4,0,2,3,0,3,1,0,3.4285714285714284,4.428571428571429,1.2857142857142858,1.0000000000000004
CSE2612083,2026-08-02 10:42:00+00:00,High,2,2,1,4,3,4,2,5,5,4,4,5,5,4,3,3,3,0,2,1,2,2.5714285714285716,4.571428571428571,2.0,1.9999999999999996
CSE2612084,2026-08-02 10:43:00+00:00,Medium,2,2,2,2,4,4,4,3,5,3,4,5,5,4,1,3,1,2,1,1,0,2.857142857142857,4.142857142857143,1.2857142857142858,1.285714285714286
CSE2612085,2026-08-02 10:44:00+00:00,Medium,3,3,5,4,2,5,4,5,5,4,3,4,4,5,2,2,0,0,2,0,1,3.7142857142857144,4.285714285714286,1.0,0.5714285714285712
CSE2612086,2026-08-02 10:45:00+00:00,Medium,3,4,2,2,5,4,5,5,5,5,3,5,3,4,2,1,3,1,0,0,0,3.5714285714285716,4.285714285714286,1.0,0.714285714285714
CSE2612087,2026-08-02 10:46:00+00:00,Medium,3,3,3,3,2,5,3,5,3,4,5,3,5,3,2,0,1,2,1,0,0,3.142857142857143,4.0,0.8571428571428571,0.8571428571428572
CSE2612088,2026-08-02 10:47:00+00:00,Low,3,3,3,4,3,4,5,3,5,4,4,4,4,5,0,2,1,0,1,0,0,3.5714285714285716,4.142857142857143,0.5714285714285714,0.5714285714285716
CSE2612089,2026-08-02 10:48:00+00:00,Medium,3,5,4,2,4,3,4,5,3,4,4,5,4,5,2,0,0,2,1,1,1,3.5714285714285716,4.285714285714286,1.0,0.714285714285714
CSE2612090,2026-08-02 10:49:00+00:00,Medium,4,3,3,1,5,4,3,3,5,4,4,5,5,3,0,2,1,3,0,1,0,3.2857142857142856,4.142857142857143,1.0,0.8571428571428577
CSE2612091,2026-08-02 10:50:00+00:00,Medium,5,4,2,3,1,3,3,4,5,4,5,3,4,4,0,1,2,2,2,1,1,3.0,4.142857142857143,1.2857142857142858,1.1428571428571432
CSE2612092,2026-08-02 10:51:00+00:00,Medium,3,1,5,3,5,3,4,4,4,3,4,5,4,4,1,3,0,1,0,1,0,3.4285714285714284,4.0,0.8571428571428571,0.5714285714285716
CSE2612093,2026-08-02 10:52:00+00:00,High,3,3,3,4,1,3,2,4,4,4,5,4,4,5,1,1,1,1,3,1,3,2.7142857142857144,4.285714285714286,1.5714285714285714,1.5714285714285712
CSE2612094,2026-08-02 10:53:00+00:00,Low,4,4,5,1,5,2,3,5,4,4,4,4,3,3,1,0,0,3,0,1,0,3.4285714285714284,3.857142857142857,0.7142857142857143,0.4285714285714288
CSE2612095,2026-08-02 10:54:00+00:00,Medium,4,1,3,4,2,4,3,5,5,5,3,4,4,4,1,4,2,0,2,0,1,3.0,4.285714285714286,1.4285714285714286,1.2857142857142856
CSE2612096,2026-08-02 10:55:00+00:00,High,4,2,1,3,3,3,3,4,5,4,4,4,4,5,0,3,3,1,1,1,2,2.7142857142857144,4.285714285714286,1.5714285714285714,1.5714285714285712
CSE2612097,2026-08-02 10:56:00+00:00,Medium,3,3,4,4,3,2,3,5,5,3,4,3,3,5,2,2,0,0,0,1,2,3.142857142857143,4.0,1.0,0.8571428571428572
CSE2612098,2026-08-02 10:57:00+00:00,Medium,5,3,1,4,3,5,5,5,5,4,3,5,3,4,0,2,3,0,2,0,0,3.7142857142857144,4.142857142857143,1.0,0.4285714285714288
CSE2612099,2026-08-02 10:58:00+00:00,Medium,4,2,2,5,1,4,5,4,5,4,4,4,4,4,0,3,2,0,3,0,0,3.2857142857142856,4.142857142857143,1.1428571428571428,0.8571428571428577
CSE2612100,2026-08-02 10:59:00+00:00,High,4,2,2,3,3,4,2,5,4,5,5,4,4,4,1,2,3,2,1,0,2,2.857142857142857,4.428571428571429,1.5714285714285714,1.5714285714285716
CSE2612101,2026-08-02 11:00:00+00:00,Medium,4,4,2,3,4,4,3,4,5,3,5,5,5,5,0,1,1,2,1,1,2,3.4285714285714284,4.571428571428571,1.1428571428571428,1.1428571428571428
CSE2612102,2026-08-02 11:01:00+00:00,Medium,2,3,3,3,2,3,3,4,3,4,4,4,4,3,2,0,1,1,2,1,0,2.7142857142857144,3.7142857142857144,1.0,1.0
CSE2612103,2026-08-02 11:02:00+00:00,Medium,2,3,2,5,3,3,3,5,4,3,3,4,5,5,3,1,1,0,1,2,2,3.0,4.142857142857143,1.4285714285714286,1.1428571428571432
CSE2612104,2026-08-02 11:03:00+00:00,Medium,4,4,3,3,3,4,4,4,4,5,4,5,3,5,0,0,2,1,2,0,1,3.5714285714285716,4.285714285714286,0.8571428571428571,0.714285714285714
CSE2612105,2026-08-02 11:04:00+00:00,Medium,4,3,4,4,2,2,1,3,4,4,4,5,4,4,0,1,0,0,3,2,3,2.857142857142857,4.0,1.2857142857142858,1.1428571428571428
CSE2612106,2026-08-02 11:05:00+00:00,Medium,5,4,5,2,2,3,4,4,4,3,4,4,5,4,0,0,0,2,2,2,0,3.5714285714285716,4.0,0.8571428571428571,0.4285714285714284
CSE2612107,2026-08-02 11:06:00+00:00,Medium,3,2,4,2,4,5,3,5,4,4,5,4,5,5,2,2,0,3,0,0,2,3.2857142857142856,4.571428571428571,1.2857142857142858,1.2857142857142856
CSE2612108,2026-08-02 11:07:00+00:00,Low,4,3,4,5,4,2,3,3,4,3,3,4,5,3,0,1,0,0,0,3,0,3.5714285714285716,3.5714285714285716,0.5714285714285714,0.0
CSE2612109,2026-08-02 11:08:00+00:00,Medium,3,3,3,2,4,2,3,5,5,5,3,5,3,4,2,2,2,1,1,1,1,2.857142857142857,4.285714285714286,1.4285714285714286,1.4285714285714284
CSE2612110,2026-08-02 11:09:00+00:00,Medium,3,3,3,5,3,4,1,3,4,5,4,4,5,4,0,1,2,0,1,1,3,3.142857142857143,4.142857142857143,1.1428571428571428,1.0000000000000004
CSE2612111,2026-08-02 11:10:00+00:00,Medium,4,5,3,2,1,5,3,4,4,5,5,4,4,5,0,0,2,3,3,0,2,3.2857142857142856,4.428571428571429,1.4285714285714286,1.1428571428571432
CSE2612112,2026-08-02 11:11:00+00:00,Medium,2,4,4,3,4,5,2,3,3,4,5,5,5,4,1,0,0,2,1,0,2,3.4285714285714284,4.142857142857143,0.8571428571428571,0.7142857142857149
CSE2612113,2026-08-02 11:12:00+00:00,High,1,3,2,2,2,4,3,5,4,5,4,4,4,3,4,1,3,2,2,0,0,2.4285714285714284,4.142857142857143,1.7142857142857142,1.7142857142857149
CSE2612114,2026-08-02 11:13:00+00:00,Medium,4,5,3,3,5,1,2,4,5,3,4,4,5,4,0,0,0,1,0,4,2,3.2857142857142856,4.142857142857143,1.0,0.8571428571428577
CSE2612115,2026-08-02 11:14:00+00:00,Low,5,4,3,5,3,4,4,5,4,5,4,5,5,4,0,0,2,0,2,1,0,4.0,4.571428571428571,0.7142857142857143,0.5714285714285712
CSE2612116,2026-08-02 11:15:00+00:00,Medium,2,3,1,4,5,3,3,3,3,4,4,3,4,4,1,0,3,0,0,1,1,3.0,3.5714285714285716,0.8571428571428571,0.5714285714285716
CSE2612117,2026-08-02 11:16:00+00:00,Medium,2,4,4,3,3,3,5,4,4,4,4,5,4,4,2,0,0,1,2,1,0,3.4285714285714284,4.142857142857143,0.8571428571428571,0.7142857142857149
CSE2612118,2026-08-02 11:17:00+00:00,Medium,3,4,3,2,3,4,3,4,3,5,4,4,4,4,1,0,2,2,1,0,1,3.142857142857143,4.0,1.0,0.8571428571428572
CSE2612119,2026-08-02 11:18:00+00:00,Low,4,3,5,3,4,4,4,3,4,5,4,5,5,4,0,1,0,1,1,1,0,3.857142857142857,4.285714285714286,0.5714285714285714,0.4285714285714284
CSE2612120,2026-08-02 11:19:00+00:00,High,1,4,4,2,2,3,3,5,4,5,4,5,5,4,4,0,1,2,3,2,1,2.7142857142857144,4.571428571428571,1.8571428571428572,1.8571428571428568
CSE2612121,2026-08-02 11:20:00+00:00,Medium,1,4,4,2,2,3,3,4,4,5,3,5,4,4,3,0,1,1,3,1,1,2.7142857142857144,4.142857142857143,1.4285714285714286,1.4285714285714288
CSE2612122,2026-08-02 11:21:00+00:00,High,2,2,1,2,4,3,4,4,5,5,4,5,5,4,2,3,4,2,1,2,0,2.5714285714285716,4.571428571428571,2.0,1.9999999999999996
CSE2612123,2026-08-02 11:22:00+00:00,High,2,3,4,4,1,3,3,4,5,4,4,4,5,5,2,2,0,0,3,2,2,2.857142857142857,4.428571428571429,1.5714285714285714,1.5714285714285716
CSE2612124,2026-08-02 11:23:00+00:00,Medium,3,3,1,4,4,2,3,4,5,5,4,4,4,3,1,2,4,0,0,2,0,2.857142857142857,4.142857142857143,1.2857142857142858,1.285714285714286
CSE2612125,2026-08-02 11:24:00+00:00,Medium,2,3,5,3,4,4,2,5,3,5,4,4,4,4,3,0,0,1,0,0,2,3.2857142857142856,4.142857142857143,0.8571428571428571,0.8571428571428577
CSE2612126,2026-08-02 11:25:00+00:00,Medium,4,2,5,3,2,3,4,4,4,4,3,5,5,5,0,2,0,0,3,2,1,3.2857142857142856,4.285714285714286,1.1428571428571428,1.0
CSE2612127,2026-08-02 11:26:00+00:00,Medium,4,4,3,2,3,2,4,5,4,5,4,3,4,3,1,0,2,2,0,2,0,3.142857142857143,4.0,1.0,0.8571428571428572
CSE2612128,2026-08-02 11:27:00+00:00,Low,5,3,2,4,5,4,3,4,4,4,4,5,4,5,0,1,2,0,0,0,2,3.7142857142857144,4.285714285714286,0.7142857142857143,0.5714285714285712
CSE2612129,2026-08-02 11:28:00+00:00,High,2,2,4,3,1,3,4,4,5,4,5,3,5,4,2,3,0,2,2,2,0,2.7142857142857144,4.285714285714286,1.5714285714285714,1.5714285714285712
CSE2612130,2026-08-02 11:29:00+00:00,Medium,4,2,3,3,5,3,5,5,4,4,4,4,4,4,1,2,1,1,0,1,0,3.5714285714285716,4.142857142857143,0.8571428571428571,0.5714285714285716
CSE2612131,2026-08-02 11:30:00+00:00,Medium,4,4,3,2,1,5,3,4,4,4,4,4,5,4,0,0,1,2,3,0,1,3.142857142857143,4.142857142857143,1.0,1.0000000000000004
CSE2612132,2026-08-02 11:31:00+00:00,Medium,3,3,3,3,3,4,4,4,4,5,4,4,4,4,1,1,2,1,1,0,0,3.2857142857142856,4.142857142857143,0.8571428571428571,0.8571428571428577
CSE2612133,2026-08-02 11:32:00+00:00,Medium,3,4,2,4,4,2,3,4,5,4,4,5,4,5,1,1,2,0,1,2,2,3.142857142857143,4.428571428571429,1.2857142857142858,1.285714285714286
CSE2612134,2026-08-02 11:33:00+00:00,Medium,2,4,2,2,3,5,3,4,4,3,5,4,4,4,2,0,1,3,1,0,1,3.0,4.0,1.1428571428571428,1.0
CSE2612135,2026-08-02 11:34:00+00:00,Medium,5,1,2,3,4,3,5,4,4,5,4,4,4,4,0,3,3,1,0,1,0,3.2857142857142856,4.142857142857143,1.1428571428571428,0.8571428571428577
CSE2612136,2026-08-02 11:35:00+00:00,Medium,4,1,2,4,4,3,3,4,4,4,3,4,5,5,0,3,2,0,0,2,2,3.0,4.142857142857143,1.2857142857142858,1.1428571428571432
CSE2612137,2026-08-02 11:36:00+00:00,Medium,4,4,2,3,3,3,4,5,4,4,4,4,5,4,1,0,2,1,1,2,0,3.2857142857142856,4.285714285714286,1.0,1.0
CSE2612138,2026-08-02 11:37:00+00:00,High,4,2,1,3,4,3,3,3,5,4,5,4,5,4,0,3,3,2,0,2,1,2.857142857142857,4.285714285714286,1.5714285714285714,1.4285714285714284
CSE2612139,2026-08-02 11:38:00+00:00,Low,3,3,5,2,4,4,4,5,4,4,4,4,3,4,2,1,0,2,0,0,0,3.5714285714285716,4.0,0.7142857142857143,0.4285714285714284
CSE2612140,2026-08-02 11:39:00+00:00,Low,4,2,4,4,4,2,5,5,4,4,4,3,4,4,1,2,0,0,0,2,0,3.5714285714285716,4.0,0.7142857142857143,0.4285714285714284
CSE2612141,2026-08-02 11:40:00+00:00,Medium,2,3,4,2,4,2,5,4,4,4,5,4,4,5,2,1,0,3,0,2,0,3.142857142857143,4.285714285714286,1.1428571428571428,1.1428571428571428
CSE2612142,2026-08-02 11:41:00+00:00,Medium,3,4,4,3,2,4,2,3,5,4,4,5,3,5,0,1,0,1,3,0,3,3.142857142857143,4.142857142857143,1.1428571428571428,1.0000000000000004
CSE2612143,2026-08-02 11:42:00+00:00,High,3,4,2,2,4,3,3,5,5,4,5,5,5,4,2,1,2,3,1,2,1,3.0,4.714285714285714,1.7142857142857142,1.7142857142857144
CSE2612144,2026-08-02 11:43:00+00:00,Low,3,5,3,3,2,3,4,3,4,4,4,5,3,4,0,0,1,1,3,0,0,3.2857142857142856,3.857142857142857,0.7142857142857143,0.5714285714285716
CSE2612145,2026-08-02 11:44:00+00:00,Medium,3,5,3,1,3,4,3,5,4,3,4,5,4,4,2,0,0,3,2,0,1,3.142857142857143,4.142857142857143,1.1428571428571428,1.0000000000000004
CSE2612146,2026-08-02 11:45:00+00:00,Low,4,4,3,3,3,4,3,4,5,5,4,3,3,4,0,1,2,1,0,0,1,3.4285714285714284,4.0,0.7142857142857143,0.5714285714285716
CSE2612147,2026-08-02 11:46:00+00:00,Medium,3,5,3,5,4,2,3,4,4,5,5,3,4,4,1,0,2,0,0,2,1,3.5714285714285716,4.142857142857143,0.8571428571428571,0.5714285714285716
CSE2612148,2026-08-02 11:47:00+00:00,High,5,2,1,3,3,2,3,4,5,4,4,4,4,4,0,3,3,1,1,2,1,2.7142857142857144,4.142857142857143,1.5714285714285714,1.4285714285714288
CSE2612149,2026-08-02 11:48:00+00:00,Medium,2,3,1,3,5,3,2,4,5,3,3,4,5,4,2,2,2,0,0,2,2,2.7142857142857144,4.0,1.4285714285714286,1.2857142857142856
CSE2612150,2026-08-02 11:49:00+00:00,Low,2,3,5,4,3,4,3,4,4,4,4,3,4,5,2,1,0,0,0,0,2,3.4285714285714284,4.0,0.7142857142857143,0.5714285714285716
CSE2612151,2026-08-02 11:50:00+00:00,Medium,2,3,4,3,4,3,3,5,4,4,5,4,4,5,3,1,0,2,0,1,2,3.142857142857143,4.428571428571429,1.2857142857142858,1.285714285714286
CSE2612152,2026-08-02 11:51:00+00:00,Low,3,5,5,3,5,3,5,5,4,4,5,4,4,5,2,0,0,2,0,1,0,4.142857142857143,4.428571428571429,0.7142857142857143,0.2857142857142856
CSE2612153,2026-08-02 11:52:00+00:00,Low,4,3,3,3,4,2,5,3,4,3,5,4,4,4,0,1,0,2,0,2,0,3.4285714285714284,3.857142857142857,0.7142857142857143,0.4285714285714288
CSE2612154,2026-08-02 11:53:00+00:00,Medium,3,2,2,4,5,3,2,4,4,4,4,5,4,5,1,2,2,0,0,1,3,3.0,4.285714285714286,1.2857142857142858,1.2857142857142856
CSE2612155,2026-08-02 11:54:00+00:00,Low,3,4,4,4,4,4,3,4,4,4,5,4,4,4,1,0,0,1,0,0,1,3.7142857142857144,4.142857142857143,0.42857142857142855,0.4285714285714288
CSE2612156,2026-08-02 11:55:00+00:00,Medium,5,2,2,4,3,5,3,5,5,4,5,4,3,4,0,3,2,1,1,0,1,3.4285714285714284,4.285714285714286,1.1428571428571428,0.8571428571428572
CSE2612157,2026-08-02 11:56:00+00:00,Medium,4,4,2,3,5,4,4,4,5,5,4,4,5,4,0,1,3,1,0,1,0,3.7142857142857144,4.428571428571429,0.8571428571428571,0.7142857142857144
CSE2612158,2026-08-02 11:57:00+00:00,Medium,4,4,4,4,1,4,4,4,4,5,4,5,5,4,0,0,1,0,4,1,0,3.5714285714285716,4.428571428571429,0.8571428571428571,0.8571428571428572
CSE2612159,2026-08-02 11:58:00+00:00,Medium,3,4,3,4,1,3,4,5,5,3,5,4,5,4,2,1,0,1,3,2,0,3.142857142857143,4.428571428571429,1.2857142857142858,1.285714285714286
CSE2612160,2026-08-02 11:59:00+00:00,High,1,3,4,3,3,1,3,4,4,4,4,5,4,4,3,1,0,1,2,3,1,2.5714285714285716,4.142857142857143,1.5714285714285714,1.5714285714285716
CSE2612161,2026-08-02 12:00:00+00:00,High,2,2,2,2,3,3,1,4,4,5,3,4,5,4,2,2,3,1,1,2,3,2.142857142857143,4.142857142857143,2.0,2.0000000000000004
CSE2612162,2026-08-02 12:01:00+00:00,Medium,4,1,4,3,3,2,2,3,5,5,4,4,3,4,0,4,1,1,1,1,2,2.7142857142857144,4.0,1.4285714285714286,1.2857142857142856
CSE2612163,2026-08-02 12:02:00+00:00,Medium,1,4,5,3,1,4,4,5,4,4,4,5,4,3,4,0,0,1,4,0,0,3.142857142857143,4.142857142857143,1.2857142857142858,1.0000000000000004
CSE2612164,2026-08-02 12:03:00+00:00,Medium,2,5,4,2,4,3,3,5,3,4,4,4,4,4,3,0,0,2,0,1,1,3.2857142857142856,4.0,1.0,0.7142857142857144
CSE2612165,2026-08-02 12:04:00+00:00,Low,4,5,4,4,4,2,4,3,4,4,4,4,5,4,0,0,0,0,0,3,0,3.857142857142857,4.0,0.42857142857142855,0.1428571428571428
CSE2612166,2026-08-02 12:05:00+00:00,Low,3,5,4,3,4,4,4,5,4,4,5,5,3,3,2,0,0,2,1,0,0,3.857142857142857,4.142857142857143,0.7142857142857143,0.28571428571428603
CSE2612167,2026-08-02 12:06:00+00:00,Medium,3,2,5,3,2,2,4,3,4,4,4,5,5,4,0,2,0,1,3,3,0,3.0,4.142857142857143,1.2857142857142858,1.1428571428571432
CSE2612168,2026-08-02 12:07:00+00:00,High,3,3,1,4,1,3,1,4,4,4,5,4,3,3,1,1,3,1,3,0,2,2.2857142857142856,3.857142857142857,1.5714285714285714,1.5714285714285716
CSE2612169,2026-08-02 12:08:00+00:00,Low,3,4,4,4,5,3,5,4,4,3,4,5,3,4,1,0,0,0,0,0,0,4.0,3.857142857142857,0.14285714285714285,-0.1428571428571428
CSE2612170,2026-08-02 12:09:00+00:00,Medium,2,4,1,4,4,5,3,4,3,5,4,4,3,4,2,0,4,0,0,0,1,3.2857142857142856,3.857142857142857,1.0,0.5714285714285716
CSE2612171,2026-08-02 12:10:00+00:00,High,4,3,1,1,3,2,2,5,4,5,3,4,5,4,1,1,4,2,1,3,2,2.2857142857142856,4.285714285714286,2.0,2.0
CSE2612172,2026-08-02 12:11:00+00:00,Medium,1,4,3,4,3,1,4,5,3,3,4,4,5,3,4,0,0,0,1,4,0,2.857142857142857,3.857142857142857,1.2857142857142858,1.0
CSE2612173,2026-08-02 12:12:00+00:00,Medium,3,2,4,3,3,3,2,4,5,5,4,5,3,4,1,3,1,1,2,0,2,2.857142857142857,4.285714285714286,1.4285714285714286,1.4285714285714284
CSE2612174,2026-08-02 12:13:00+00:00,Medium,3,2,3,5,3,2,5,4,5,5,4,3,4,4,1,3,2,0,0,2,0,3.2857142857142856,4.142857142857143,1.1428571428571428,0.8571428571428577
CSE2612175,2026-08-02 12:14:00+00:00,Medium,4,4,3,3,4,4,3,4,4,5,5,4,5,5,0,0,2,2,0,1,2,3.5714285714285716,4.571428571428571,1.0,0.9999999999999996
CSE2612176,2026-08-02 12:15:00+00:00,Medium,4,3,3,1,2,5,5,5,4,4,3,4,5,5,1,1,1,2,2,0,0,3.2857142857142856,4.285714285714286,1.0,1.0
CSE2612177,2026-08-02 12:16:00+00:00,High,4,2,4,2,4,2,3,5,4,5,5,5,4,4,1,2,1,3,1,2,1,3.0,4.571428571428571,1.5714285714285714,1.5714285714285712
CSE2612178,2026-08-02 12:17:00+00:00,Medium,3,4,3,3,4,1,3,4,4,5,4,4,4,4,1,0,2,1,0,3,1,3.0,4.142857142857143,1.1428571428571428,1.1428571428571432
CSE2612179,2026-08-02 12:18:00+00:00,Medium,3,3,2,5,3,3,1,5,4,4,4,5,3,4,2,1,2,0,2,0,3,2.857142857142857,4.142857142857143,1.4285714285714286,1.285714285714286
CSE2612180,2026-08-02 12:19:00+00:00,Medium,4,3,3,4,3,2,2,5,4,4,4,5,4,4,1,1,1,0,2,2,2,3.0,4.285714285714286,1.2857142857142858,1.2857142857142856
CSE2612181,2026-08-02 12:20:00+00:00,Low,2,2,4,3,4,5,3,5,3,4,4,4,5,3,3,1,0,1,0,0,0,3.2857142857142856,4.0,0.7142857142857143,0.7142857142857144
CSE2612182,2026-08-02 12:21:00+00:00,Medium,3,1,4,4,4,4,3,5,5,5,5,4,4,4,2,4,1,1,0,0,1,3.2857142857142856,4.571428571428571,1.2857142857142858,1.2857142857142856
CSE2612183,2026-08-02 12:22:00+00:00,Medium,5,2,3,4,2,3,3,4,5,5,5,3,4,3,0,3,2,1,1,1,0,3.142857142857143,4.142857142857143,1.1428571428571428,1.0000000000000004
CSE2612184,2026-08-02 12:23:00+00:00,Low,5,1,4,4,4,4,3,5,4,4,3,4,4,3,0,3,0,0,0,0,0,3.5714285714285716,3.857142857142857,0.42857142857142855,0.2857142857142856
CSE2612185,2026-08-02 12:24:00+00:00,Low,5,3,4,2,3,4,4,4,4,3,4,4,4,4,0,1,0,2,1,0,0,3.5714285714285716,3.857142857142857,0.5714285714285714,0.2857142857142856
CSE2612186,2026-08-02 12:25:00+00:00,High,3,1,2,2,1,3,2,3,3,4,4,4,5,4,0,2,2,2,3,2,2,2.0,3.857142857142857,1.8571428571428572,1.8571428571428572
CSE2612187,2026-08-02 12:26:00+00:00,Medium,4,2,4,4,2,2,2,4,4,5,4,4,5,4,0,2,1,0,2,3,2,2.857142857142857,4.285714285714286,1.4285714285714286,1.4285714285714284
CSE2612188,2026-08-02 12:27:00+00:00,Low,4,3,4,4,4,3,4,4,3,4,4,3,4,4,0,0,0,0,0,1,0,3.7142857142857144,3.7142857142857144,0.14285714285714285,0.0
CSE2612189,2026-08-02 12:28:00+00:00,Medium,3,4,4,2,3,1,4,4,5,4,4,4,3,4,1,1,0,2,1,2,0,3.0,4.0,1.0,1.0
CSE2612190,2026-08-02 12:29:00+00:00,Low,4,4,4,4,4,3,3,4,4,5,4,4,4,4,0,0,1,0,0,1,1,3.7142857142857144,4.142857142857143,0.42857142857142855,0.4285714285714288
CSE2612191,2026-08-02 12:30:00+00:00,Medium,3,2,3,3,4,3,5,4,4,5,4,4,4,4,1,2,2,1,0,1,0,3.2857142857142856,4.142857142857143,1.0,0.8571428571428577
CSE2612192,2026-08-02 12:31:00+00:00,High,4,2,4,1,1,2,4,3,5,5,4,4,4,4,0,3,1,3,3,2,0,2.5714285714285716,4.142857142857143,1.7142857142857142,1.5714285714285716
CSE2612193,2026-08-02 12:32:00+00:00,Medium,5,2,2,4,3,4,5,4,5,4,3,4,4,4,0,3,2,0,1,0,0,3.5714285714285716,4.0,0.8571428571428571,0.4285714285714284
CSE2612194,2026-08-02 12:33:00+00:00,Medium,3,3,3,4,4,3,5,5,4,4,5,4,4,4,2,1,1,1,0,1,0,3.5714285714285716,4.285714285714286,0.8571428571428571,0.714285714285714
CSE2612195,2026-08-02 12:34:00+00:00,High,5,1,2,4,3,3,2,4,5,4,5,5,4,4,0,4,2,1,2,1,2,2.857142857142857,4.428571428571429,1.7142857142857142,1.5714285714285716
CSE2612196,2026-08-02 12:35:00+00:00,Medium,2,4,3,3,1,4,2,3,4,5,4,4,5,4,1,0,2,1,3,1,2,2.7142857142857144,4.142857142857143,1.4285714285714286,1.4285714285714288
CSE2612197,2026-08-02 12:36:00+00:00,Medium,4,1,5,2,2,3,4,5,4,4,4,4,3,4,1,3,0,2,2,0,0,3.0,4.0,1.1428571428571428,1.0
CSE2612198,2026-08-02 12:37:00+00:00,Low,2,3,3,4,4,4,3,4,3,3,4,5,4,5,2,0,0,0,1,0,2,3.2857142857142856,4.0,0.7142857142857143,0.7142857142857144
CSE2612199,2026-08-02 12:38:00+00:00,Low,3,2,4,5,5,3,3,4,3,4,3,5,5,4,1,1,0,0,0,2,1,3.5714285714285716,4.0,0.7142857142857143,0.4285714285714284
CSE2612200,2026-08-02 12:39:00+00:00,Medium,5,1,3,4,1,4,3,3,4,5,4,3,5,3,0,3,2,0,2,1,0,3.0,3.857142857142857,1.1428571428571428,0.8571428571428572
CSE2612201,2026-08-02 12:40:00+00:00,Medium,4,3,3,1,3,4,3,4,5,4,3,5,5,5,0,2,1,2,2,1,2,3.0,4.428571428571429,1.4285714285714286,1.4285714285714288
CSE2612202,2026-08-02 12:41:00+00:00,Medium,4,5,4,1,1,2,3,4,3,4,5,4,4,4,0,0,0,4,3,2,1,2.857142857142857,4.0,1.4285714285714286,1.1428571428571428
CSE2612203,2026-08-02 12:42:00+00:00,High,2,3,3,3,4,4,3,5,4,5,5,5,5,5,3,1,2,2,1,1,2,3.142857142857143,4.857142857142857,1.7142857142857142,1.714285714285714
CSE2612204,2026-08-02 12:43:00+00:00,Medium,1,3,3,4,3,2,3,4,4,5,4,3,5,4,3,1,2,0,0,3,1,2.7142857142857144,4.142857142857143,1.4285714285714286,1.4285714285714288
CSE2612205,2026-08-02 12:44:00+00:00,Low,4,3,4,2,4,4,4,4,4,4,4,5,5,3,0,1,0,2,1,1,0,3.5714285714285716,4.142857142857143,0.7142857142857143,0.5714285714285716
CSE2612206,2026-08-02 12:45:00+00:00,Medium,4,5,4,2,2,4,3,4,5,3,4,5,4,4,0,0,0,2,3,0,1,3.4285714285714284,4.142857142857143,0.8571428571428571,0.7142857142857149
CSE2612207,2026-08-02 12:46:00+00:00,Medium,3,2,3,3,4,3,3,3,5,4,4,4,4,5,0,3,1,1,0,1,2,3.0,4.142857142857143,1.1428571428571428,1.1428571428571432
CSE2612208,2026-08-02 12:47:00+00:00,Medium,2,4,3,4,4,4,2,5,4,4,5,5,4,4,3,0,1,1,1,0,2,3.2857142857142856,4.428571428571429,1.1428571428571428,1.1428571428571432
CSE2612209,2026-08-02 12:48:00+00:00,Medium,4,4,4,2,3,4,3,5,4,4,3,4,5,5,1,0,0,1,1,1,2,3.4285714285714284,4.285714285714286,0.8571428571428571,0.8571428571428572
CSE2612210,2026-08-02 12:49:00+00:00,Medium,3,3,2,2,4,2,5,3,4,3,4,5,4,4,0,1,1,2,1,2,0,3.0,3.857142857142857,1.0,0.8571428571428572
CSE2612211,2026-08-02 12:50:00+00:00,Low,3,3,4,3,4,3,5,3,4,4,5,5,4,3,0,1,0,2,1,1,0,3.5714285714285716,4.0,0.7142857142857143,0.4285714285714284
CSE2612212,2026-08-02 12:51:00+00:00,Low,4,4,4,4,4,3,3,3,4,4,5,5,4,4,0,0,0,1,1,1,1,3.7142857142857144,4.142857142857143,0.5714285714285714,0.4285714285714288
CSE2612213,2026-08-02 12:52:00+00:00,Medium,4,3,3,5,1,3,3,3,4,5,4,5,4,4,0,1,2,0,4,1,1,3.142857142857143,4.142857142857143,1.2857142857142858,1.0000000000000004
CSE2612214,2026-08-02 12:53:00+00:00,Medium,3,3,2,3,3,3,5,5,5,4,4,4,4,4,2,2,2,1,1,1,0,3.142857142857143,4.285714285714286,1.2857142857142858,1.1428571428571428
CSE2612215,2026-08-02 12:54:00+00:00,Medium,3,1,2,4,2,5,2,4,3,4,4,4,4,4,1,2,2,0,2,0,2,2.7142857142857144,3.857142857142857,1.2857142857142858,1.1428571428571428
CSE2612216,2026-08-02 12:55:00+00:00,High,1,3,2,2,1,2,2,5,5,4,4,3,5,4,4,2,2,2,2,3,2,1.8571428571428572,4.285714285714286,2.4285714285714284,2.4285714285714284
CSE2612217,2026-08-02 12:56:00+00:00,Low,4,4,4,3,4,4,4,4,4,3,4,4,4,4,0,0,0,1,0,0,0,3.857142857142857,3.857142857142857,0.14285714285714285,0.0
CSE2612218,2026-08-02 12:57:00+00:00,Medium,3,4,5,4,1,3,3,4,4,3,5,4,5,4,1,0,0,1,3,2,1,3.2857142857142856,4.142857142857143,1.1428571428571428,0.8571428571428577
CSE2612219,2026-08-02 12:58:00+00:00,Low,2,4,4,4,3,3,2,4,4,3,4,4,3,4,2,0,0,0,1,0,2,3.142857142857143,3.7142857142857144,0.7142857142857143,0.5714285714285716
CSE2612220,2026-08-02 12:59:00+00:00,Medium,4,3,3,2,1,3,2,4,4,3,4,5,4,4,0,1,0,2,4,1,2,2.5714285714285716,4.0,1.4285714285714286,1.4285714285714284
CSE2612221,2026-08-02 13:00:00+00:00,Low,3,4,2,3,2,4,4,4,4,4,3,4,4,4,1,0,2,0,2,0,0,3.142857142857143,3.857142857142857,0.7142857142857143,0.7142857142857144
CSE2612222,2026-08-02 13:01:00+00:00,High,4,3,4,2,1,1,3,3,5,4,5,3,5,4,0,2,0,3,2,4,1,2.5714285714285716,4.142857142857143,1.7142857142857142,1.5714285714285716
CSE2612223,2026-08-02 13:02:00+00:00,Medium,5,4,2,2,4,4,4,4,5,5,3,5,5,5,0,1,3,1,1,1,1,3.5714285714285716,4.571428571428571,1.1428571428571428,0.9999999999999996
CSE2612224,2026-08-02 13:03:00+00:00,High,3,2,4,3,2,3,3,4,5,3,5,5,4,4,1,3,0,2,3,1,1,2.857142857142857,4.285714285714286,1.5714285714285714,1.4285714285714284
CSE2612225,2026-08-02 13:04:00+00:00,Medium,3,2,4,1,1,3,5,5,3,4,4,4,4,5,2,1,0,3,3,1,0,2.7142857142857144,4.142857142857143,1.4285714285714286,1.4285714285714288
CSE2612226,2026-08-02 13:05:00+00:00,Low,5,4,3,3,3,4,4,4,4,4,5,5,3,4,0,0,1,2,2,0,0,3.7142857142857144,4.142857142857143,0.7142857142857143,0.4285714285714288
CSE2612227,2026-08-02 13:06:00+00:00,Medium,3,2,4,2,4,3,5,4,4,5,5,5,4,4,1,2,1,3,1,1,0,3.2857142857142856,4.428571428571429,1.2857142857142858,1.1428571428571432
CSE2612228,2026-08-02 13:07:00+00:00,Low,4,4,3,3,3,4,3,4,5,3,5,4,3,3,0,1,0,2,1,0,0,3.4285714285714284,3.857142857142857,0.5714285714285714,0.4285714285714288
CSE2612229,2026-08-02 13:08:00+00:00,High,2,4,2,4,3,2,1,5,5,4,5,4,3,5,3,1,2,1,1,1,4,2.5714285714285716,4.428571428571429,1.8571428571428572,1.8571428571428572
CSE2612230,2026-08-02 13:09:00+00:00,Medium,3,1,4,4,3,3,2,5,4,4,4,3,4,4,2,3,0,0,0,1,2,2.857142857142857,4.0,1.1428571428571428,1.1428571428571428
CSE2612231,2026-08-02 13:10:00+00:00,Medium,3,3,3,4,3,3,2,4,5,5,4,4,3,4,1,2,2,0,1,0,2,3.0,4.142857142857143,1.1428571428571428,1.1428571428571432
CSE2612232,2026-08-02 13:11:00+00:00,High,2,2,3,2,3,1,4,4,4,4,4,5,5,5,2,2,1,2,2,4,1,2.4285714285714284,4.428571428571429,2.0,2.0000000000000004
CSE2612233,2026-08-02 13:12:00+00:00,Low,4,4,5,3,3,3,2,4,4,5,4,5,4,3,0,0,0,1,2,1,1,3.4285714285714284,4.142857142857143,0.7142857142857143,0.7142857142857149
CSE2612234,2026-08-02 13:13:00+00:00,Low,3,5,1,3,3,4,4,3,5,4,3,3,5,4,0,0,3,0,0,1,0,3.2857142857142856,3.857142857142857,0.5714285714285714,0.5714285714285716
CSE2612235,2026-08-02 13:14:00+00:00,Low,3,4,4,4,4,3,4,5,4,5,4,4,5,4,2,0,1,0,0,2,0,3.7142857142857144,4.428571428571429,0.7142857142857143,0.7142857142857144
CSE2612236,2026-08-02 13:15:00+00:00,Medium,2,4,3,3,2,3,4,4,5,4,4,3,4,5,2,1,1,1,1,1,1,3.0,4.142857142857143,1.1428571428571428,1.1428571428571432
CSE2612237,2026-08-02 13:16:00+00:00,Medium,1,2,4,5,5,1,4,3,4,4,5,5,5,4,2,2,0,0,0,4,0,3.142857142857143,4.285714285714286,1.1428571428571428,1.1428571428571428
CSE2612238,2026-08-02 13:17:00+00:00,Low,5,5,5,2,2,3,4,4,4,4,4,4,3,5,0,0,0,2,2,0,1,3.7142857142857144,4.0,0.7142857142857143,0.2857142857142856
CSE2612239,2026-08-02 13:18:00+00:00,Low,2,4,3,3,2,2,4,4,4,4,3,3,3,4,2,0,1,0,1,1,0,2.857142857142857,3.5714285714285716,0.7142857142857143,0.7142857142857144
CSE2612240,2026-08-02 13:19:00+00:00,Low,5,3,5,3,4,4,3,4,4,4,4,4,4,4,0,1,0,1,0,0,1,3.857142857142857,4.0,0.42857142857142855,0.1428571428571428
CSE2612241,2026-08-02 13:20:00+00:00,Low,3,4,5,4,4,4,4,4,3,4,4,4,4,5,1,0,0,0,0,0,1,4.0,4.0,0.2857142857142857,0.0
CSE2612242,2026-08-02 13:21:00+00:00,Medium,4,3,2,2,3,2,2,4,4,3,5,3,4,5,0,1,1,3,0,2,3,2.5714285714285716,4.0,1.4285714285714286,1.4285714285714284
CSE2612243,2026-08-02 13:22:00+00:00,Medium,5,2,5,3,2,3,2,3,5,3,4,4,4,5,0,3,0,1,2,1,3,3.142857142857143,4.0,1.4285714285714286,0.8571428571428572
CSE2612244,2026-08-02 13:23:00+00:00,Medium,4,3,4,4,2,3,4,5,4,4,4,5,4,4,1,1,0,0,3,1,0,3.4285714285714284,4.285714285714286,0.8571428571428571,0.8571428571428572
CSE2612245,2026-08-02 13:24:00+00:00,Low,3,4,3,3,3,1,5,3,4,4,3,4,4,4,0,0,1,0,1,3,0,3.142857142857143,3.7142857142857144,0.7142857142857143,0.5714285714285716
CSE2612246,2026-08-02 13:25:00+00:00,Medium,5,4,1,3,4,3,3,4,5,4,4,4,4,5,0,1,3,1,0,1,2,3.2857142857142856,4.285714285714286,1.1428571428571428,1.0
CSE2612247,2026-08-02 13:26:00+00:00,High,2,3,3,2,3,4,2,4,4,4,4,4,5,5,2,1,1,2,1,1,3,2.7142857142857144,4.285714285714286,1.5714285714285714,1.5714285714285712
CSE2612248,2026-08-02 13:27:00+00:00,Medium,3,4,3,5,2,4,2,4,3,5,4,4,3,4,1,0,2,0,2,0,2,3.2857142857142856,3.857142857142857,1.0,0.5714285714285716
CSE2612249,2026-08-02 13:28:00+00:00,Low,5,4,4,4,1,4,4,3,5,4,3,3,5,3,0,1,0,0,2,1,0,3.7142857142857144,3.7142857142857144,0.5714285714285714,0.0
CSE2612250,2026-08-02 13:29:00+00:00,Medium,4,2,3,3,4,4,4,4,4,5,4,5,4,3,0,2,2,1,1,0,0,3.4285714285714284,4.142857142857143,0.8571428571428571,0.7142857142857149
CSE2612251,2026-08-02 13:30:00+00:00,High,1,3,3,2,4,2,3,4,4,4,5,4,4,5,3,1,1,3,0,2,2,2.5714285714285716,4.285714285714286,1.7142857142857142,1.714285714285714
CSE2612252,2026-08-02 13:31:00+00:00,Medium,4,3,2,3,3,3,4,5,4,5,5,3,4,4,1,1,3,2,0,1,0,3.142857142857143,4.285714285714286,1.1428571428571428,1.1428571428571428
CSE2612253,2026-08-02 13:32:00+00:00,Medium,3,3,3,4,3,3,5,3,4,5,4,5,4,5,0,1,2,0,2,1,0,3.4285714285714284,4.285714285714286,0.8571428571428571,0.8571428571428572
CSE2612254,2026-08-02 13:33:00+00:00,Medium,1,3,4,4,4,5,4,4,4,5,4,5,5,3,3,1,1,0,1,0,0,3.5714285714285716,4.285714285714286,0.8571428571428571,0.714285714285714
CSE2612255,2026-08-02 13:34:00+00:00,Medium,5,4,3,3,4,3,2,5,5,4,4,4,4,4,0,1,1,1,0,1,2,3.4285714285714284,4.285714285714286,0.8571428571428571,0.8571428571428572
CSE2612256,2026-08-02 13:35:00+00:00,Medium,2,3,4,4,4,1,5,4,4,4,5,4,4,4,2,1,0,1,0,3,0,3.2857142857142856,4.142857142857143,1.0,0.8571428571428577
CSE2612257,2026-08-02 13:36:00+00:00,Medium,1,4,3,2,4,3,4,4,4,3,4,4,4,5,3,0,0,2,0,1,1,3.0,4.0,1.0,1.0
CSE2612258,2026-08-02 13:37:00+00:00,High,1,3,3,2,2,3,2,3,4,3,4,4,5,5,2,1,0,2,2,2,3,2.2857142857142856,4.0,1.7142857142857142,1.7142857142857144
CSE2612259,2026-08-02 13:38:00+00:00,Medium,1,5,4,4,2,4,5,5,3,5,4,4,5,3,4,0,1,0,2,1,0,3.5714285714285716,4.142857142857143,1.1428571428571428,0.5714285714285716
CSE2612260,2026-08-02 13:39:00+00:00,Medium,2,4,4,2,3,3,3,5,5,4,4,5,4,4,3,1,0,2,2,1,1,3.0,4.428571428571429,1.4285714285714286,1.4285714285714288
CSE2612261,2026-08-02 13:40:00+00:00,Medium,4,3,2,4,3,4,3,5,5,3,4,4,4,5,1,2,1,0,1,0,2,3.2857142857142856,4.285714285714286,1.0,1.0
CSE2612262,2026-08-02 13:41:00+00:00,Medium,2,3,2,5,2,3,4,4,5,5,3,4,4,4,2,2,3,0,2,1,0,3.0,4.142857142857143,1.4285714285714286,1.1428571428571432
CSE2612263,2026-08-02 13:42:00+00:00,Medium,2,2,4,4,2,5,3,4,4,5,5,4,5,4,2,2,1,1,2,0,1,3.142857142857143,4.428571428571429,1.2857142857142858,1.285714285714286
CSE2612264,2026-08-02 13:43:00+00:00,Medium,1,5,5,5,4,2,3,5,5,5,4,5,5,3,4,0,0,0,1,3,0,3.5714285714285716,4.571428571428571,1.1428571428571428,0.9999999999999996
CSE2612265,2026-08-02 13:44:00+00:00,Low,5,2,2,5,5,4,5,5,3,4,4,3,4,4,0,1,2,0,0,0,0,4.0,3.857142857142857,0.42857142857142855,-0.1428571428571428
CSE2612266,2026-08-02 13:45:00+00:00,Medium,3,3,4,4,1,4,3,4,4,4,4,3,5,4,1,1,0,0,2,1,1,3.142857142857143,4.0,0.8571428571428571,0.8571428571428572
CSE2612267,2026-08-02 13:46:00+00:00,Medium,4,3,2,3,1,4,2,3,3,5,5,4,4,4,0,0,3,2,3,0,2,2.7142857142857144,4.0,1.4285714285714286,1.2857142857142856
CSE2612268,2026-08-02 13:47:00+00:00,Medium,2,3,4,3,4,4,2,4,4,4,4,4,5,5,2,1,0,1,0,1,3,3.142857142857143,4.285714285714286,1.1428571428571428,1.1428571428571428
CSE2612269,2026-08-02 13:48:00+00:00,Low,3,5,4,2,5,5,4,4,4,4,4,3,4,5,1,0,0,2,0,0,1,4.0,4.0,0.5714285714285714,0.0
CSE2612270,2026-08-02 13:49:00+00:00,Medium,4,5,4,5,4,1,2,4,5,3,5,5,4,5,0,0,0,0,1,3,3,3.5714285714285716,4.428571428571429,1.0,0.8571428571428572
CSE2612271,2026-08-02 13:50:00+00:00,Medium,3,3,4,3,3,2,4,4,3,5,3,4,5,4,1,0,1,0,1,3,0,3.142857142857143,4.0,0.8571428571428571,0.8571428571428572
CSE2612272,2026-08-02 13:51:00+00:00,Low,3,3,3,5,5,4,2,3,4,4,5,5,3,4,0,1,1,0,0,0,2,3.5714285714285716,4.0,0.5714285714285714,0.4285714285714284
CSE2612273,2026-08-02 13:52:00+00:00,Medium,5,5,5,5,2,2,4,3,4,4,5,4,5,5,0,0,0,0,2,3,1,4.0,4.285714285714286,0.8571428571428571,0.2857142857142856
CSE2612274,2026-08-02 13:53:00+00:00,Medium,3,3,2,3,5,2,4,5,5,3,3,4,4,4,2,2,1,0,0,2,0,3.142857142857143,4.0,1.0,0.8571428571428572
CSE2612275,2026-08-02 13:54:00+00:00,Medium,3,3,3,3,3,4,5,5,4,5,4,4,5,4,2,1,2,1,1,1,0,3.4285714285714284,4.428571428571429,1.1428571428571428,1.0000000000000004
CSE2612276,2026-08-02 13:55:00+00:00,Medium,3,3,5,3,5,5,3,3,5,5,5,4,5,5,0,2,0,2,0,0,2,3.857142857142857,4.571428571428571,0.8571428571428571,0.714285714285714
CSE2612277,2026-08-02 13:56:00+00:00,Medium,3,1,4,4,3,4,3,5,4,5,5,4,4,5,2,3,1,1,1,0,2,3.142857142857143,4.571428571428571,1.4285714285714286,1.4285714285714284
CSE2612278,2026-08-02 13:57:00+00:00,Medium,3,5,2,4,3,3,1,4,3,4,4,4,4,3,1,0,2,0,1,1,2,3.0,3.7142857142857144,1.0,0.7142857142857144
CSE2612279,2026-08-02 13:58:00+00:00,Medium,5,1,5,3,2,3,3,4,4,4,5,4,4,5,0,3,0,2,2,1,2,3.142857142857143,4.285714285714286,1.4285714285714286,1.1428571428571428
CSE2612280,2026-08-02 13:59:00+00:00,Low,3,4,3,4,4,5,4,4,5,4,3,4,5,5,1,1,1,0,0,0,1,3.857142857142857,4.285714285714286,0.5714285714285714,0.4285714285714284
CSE2612281,2026-08-02 14:00:00+00:00,High,4,1,2,1,4,3,3,5,4,5,4,4,4,4,1,3,3,3,0,1,1,2.5714285714285716,4.285714285714286,1.7142857142857142,1.714285714285714
CSE2612282,2026-08-02 14:01:00+00:00,Medium,4,3,3,3,2,5,4,4,5,5,4,3,5,4,0,2,2,1,1,0,0,3.4285714285714284,4.285714285714286,0.8571428571428571,0.8571428571428572
CSE2612283,2026-08-02 14:02:00+00:00,Low,4,1,4,5,3,3,4,5,4,4,5,3,3,5,1,3,0,0,0,0,1,3.4285714285714284,4.142857142857143,0.7142857142857143,0.7142857142857149
CSE2612284,2026-08-02 14:03:00+00:00,Medium,3,1,4,4,3,2,4,3,5,5,3,5,4,5,0,4,1,0,2,2,1,3.0,4.285714285714286,1.4285714285714286,1.2857142857142856
CSE2612285,2026-08-02 14:04:00+00:00,High,3,3,3,4,1,3,3,5,5,5,5,4,5,4,2,2,2,1,3,2,1,2.857142857142857,4.714285714285714,1.8571428571428572,1.8571428571428572
CSE2612286,2026-08-02 14:05:00+00:00,Medium,2,3,2,4,3,4,3,4,5,4,4,4,4,4,2,2,2,0,1,0,1,3.0,4.142857142857143,1.1428571428571428,1.1428571428571432
CSE2612287,2026-08-02 14:06:00+00:00,Medium,4,2,4,5,3,2,4,3,4,4,3,4,5,3,0,2,0,0,1,3,0,3.4285714285714284,3.7142857142857144,0.8571428571428571,0.28571428571428603
CSE2612288,2026-08-02 14:07:00+00:00,High,3,1,2,1,3,3,2,5,4,5,4,3,3,4,2,3,3,3,0,0,2,2.142857142857143,4.0,1.8571428571428572,1.8571428571428572
CSE2612289,2026-08-02 14:08:00+00:00,Low,3,1,3,4,3,5,2,3,4,4,4,3,5,3,0,3,1,0,0,0,1,3.0,3.7142857142857144,0.7142857142857143,0.7142857142857144
CSE2612290,2026-08-02 14:09:00+00:00,Medium,1,4,2,2,4,3,4,4,5,3,3,5,4,4,3,1,1,1,1,1,0,2.857142857142857,4.0,1.1428571428571428,1.1428571428571428
CSE2612291,2026-08-02 14:10:00+00:00,Medium,3,1,3,3,4,2,5,4,4,4,4,4,5,3,1,3,1,1,0,3,0,3.0,4.0,1.2857142857142858,1.0
CSE2612292,2026-08-02 14:11:00+00:00,Medium,5,3,4,3,4,3,2,4,4,4,4,4,5,5,0,1,0,1,0,2,3,3.4285714285714284,4.285714285714286,1.0,0.8571428571428572
CSE2612293,2026-08-02 14:12:00+00:00,Medium,2,2,3,3,3,4,2,5,4,4,4,4,3,3,3,2,1,1,1,0,1,2.7142857142857144,3.857142857142857,1.2857142857142858,1.1428571428571428
CSE2612294,2026-08-02 14:13:00+00:00,Low,4,4,4,3,4,4,4,4,5,4,4,4,5,3,0,1,0,1,0,1,0,3.857142857142857,4.142857142857143,0.42857142857142855,0.28571428571428603
CSE2612295,2026-08-02 14:14:00+00:00,Medium,3,5,1,4,3,3,4,5,5,3,5,4,5,3,2,0,2,1,1,2,0,3.2857142857142856,4.285714285714286,1.1428571428571428,1.0
CSE2612296,2026-08-02 14:15:00+00:00,Low,3,5,5,3,3,3,2,4,4,4,4,3,4,3,1,0,0,1,0,1,1,3.4285714285714284,3.7142857142857144,0.5714285714285714,0.28571428571428603
CSE2612297,2026-08-02 14:16:00+00:00,Medium,3,3,1,4,5,2,3,3,5,4,4,3,5,4,0,2,3,0,0,3,1,3.0,4.0,1.2857142857142858,1.0
CSE2612298,2026-08-02 14:17:00+00:00,Low,3,2,5,3,4,4,5,5,4,3,4,4,4,4,2,2,0,1,0,0,0,3.7142857142857144,4.0,0.7142857142857143,0.2857142857142856
CSE2612299,2026-08-02 14:18:00+00:00,Medium,2,2,3,5,3,4,4,4,4,4,4,5,5,5,2,2,1,0,2,1,1,3.2857142857142856,4.428571428571429,1.2857142857142858,1.1428571428571432
CSE2612300,2026-08-02 14:19:00+00:00,High,4,1,3,4,2,2,4,5,4,5,4,5,5,3,1,3,2,0,3,3,0,2.857142857142857,4.428571428571429,1.7142857142857142,1.5714285714285716
CSE2612301,2026-08-02 14:20:00+00:00,Medium,4,3,4,3,3,2,3,4,4,4,4,4,4,4,0,1,0,1,1,2,1,3.142857142857143,4.0,0.8571428571428571,0.8571428571428572
CSE2612302,2026-08-02 14:21:00+00:00,High,3,3,3,1,2,4,1,3,4,5,5,5,3,5,0,1,2,4,3,0,4,2.4285714285714284,4.285714285714286,2.0,1.8571428571428572
CSE2612303,2026-08-02 14:22:00+00:00,Medium,3,5,3,3,3,4,3,4,4,5,4,4,3,5,1,0,2,1,1,0,2,3.4285714285714284,4.142857142857143,1.0,0.7142857142857149
CSE2612304,2026-08-02 14:23:00+00:00,Medium,4,4,4,1,4,4,3,5,4,5,4,4,4,4,1,0,1,3,0,0,1,3.4285714285714284,4.285714285714286,0.8571428571428571,0.8571428571428572
CSE2612305,2026-08-02 14:24:00+00:00,Low,4,4,4,2,4,4,3,3,4,4,4,4,4,4,0,0,0,2,0,0,1,3.5714285714285716,3.857142857142857,0.42857142857142855,0.2857142857142856
CSE2612306,2026-08-02 14:25:00+00:00,Low,4,3,4,2,3,3,5,4,3,4,4,4,4,4,0,0,0,2,1,1,0,3.4285714285714284,3.857142857142857,0.5714285714285714,0.4285714285714288
CSE2612307,2026-08-02 14:26:00+00:00,High,3,2,1,2,2,4,3,4,4,4,3,5,3,4,1,2,3,1,3,0,1,2.4285714285714284,3.857142857142857,1.5714285714285714,1.4285714285714288
CSE2612308,2026-08-02 14:27:00+00:00,Medium,3,3,3,4,4,4,3,4,5,4,5,5,5,4,1,2,1,1,1,1,1,3.4285714285714284,4.571428571428571,1.1428571428571428,1.1428571428571428
CSE2612309,2026-08-02 14:28:00+00:00,Medium,3,3,5,5,3,3,3,5,5,4,3,4,5,4,2,2,0,0,1,2,1,3.5714285714285716,4.285714285714286,1.1428571428571428,0.714285714285714
CSE2612310,2026-08-02 14:29:00+00:00,Medium,3,2,2,3,5,3,4,5,4,3,5,5,4,4,2,2,1,2,0,1,0,3.142857142857143,4.285714285714286,1.1428571428571428,1.1428571428571428
CSE2612311,2026-08-02 14:30:00+00:00,Low,3,5,5,3,4,3,2,4,5,4,5,3,4,3,1,0,0,2,0,1,1,3.5714285714285716,4.0,0.7142857142857143,0.4285714285714284
CSE2612312,2026-08-02 14:31:00+00:00,High,2,3,2,4,3,4,1,4,5,4,4,5,3,5,2,2,2,0,2,0,4,2.7142857142857144,4.285714285714286,1.7142857142857142,1.5714285714285712
CSE2612313,2026-08-02 14:32:00+00:00,Medium,5,3,4,2,3,4,4,3,4,5,4,5,3,5,0,1,1,2,2,0,1,3.5714285714285716,4.142857142857143,1.0,0.5714285714285716
CSE2612314,2026-08-02 14:33:00+00:00,Medium,3,2,4,4,3,2,5,5,4,3,4,5,5,5,2,2,0,0,2,3,0,3.2857142857142856,4.428571428571429,1.2857142857142858,1.1428571428571432
CSE2612315,2026-08-02 14:34:00+00:00,Medium,4,3,4,3,3,2,4,4,5,5,4,4,4,4,0,2,1,1,1,2,0,3.2857142857142856,4.285714285714286,1.0,1.0
CSE2612316,2026-08-02 14:35:00+00:00,Low,1,4,2,5,4,3,4,3,3,4,4,4,4,4,2,0,2,0,0,1,0,3.2857142857142856,3.7142857142857144,0.7142857142857143,0.4285714285714288
CSE2612317,2026-08-02 14:36:00+00:00,Medium,3,3,2,5,5,2,2,4,3,5,4,4,4,5,1,0,3,0,0,2,3,3.142857142857143,4.142857142857143,1.2857142857142858,1.0000000000000004
CSE2612318,2026-08-02 14:37:00+00:00,Medium,4,2,4,1,4,5,3,5,5,4,3,5,4,5,1,3,0,2,1,0,2,3.2857142857142856,4.428571428571429,1.2857142857142858,1.1428571428571432
CSE2612319,2026-08-02 14:38:00+00:00,Medium,3,3,2,3,4,4,3,3,4,5,4,4,5,5,0,1,3,1,0,1,2,3.142857142857143,4.285714285714286,1.1428571428571428,1.1428571428571428
CSE2612320,2026-08-02 14:39:00+00:00,Medium,2,3,5,2,2,3,5,4,5,3,4,5,4,5,2,2,0,2,3,1,0,3.142857142857143,4.285714285714286,1.4285714285714286,1.1428571428571428
CSE2612321,2026-08-02 14:40:00+00:00,Medium,3,3,3,3,3,1,5,4,3,4,4,5,4,4,1,0,1,1,2,3,0,3.0,4.0,1.1428571428571428,1.0
CSE2612322,2026-08-02 14:41:00+00:00,Low,3,3,5,4,3,4,4,4,4,4,3,3,4,4,1,1,0,0,0,0,0,3.7142857142857144,3.7142857142857144,0.2857142857142857,0.0
CSE2612323,2026-08-02 14:42:00+00:00,Medium,2,4,3,5,3,5,5,4,5,5,5,4,3,4,2,1,2,0,1,0,0,3.857142857142857,4.285714285714286,0.8571428571428571,0.4285714285714284
CSE2612324,2026-08-02 14:43:00+00:00,Low,4,3,5,4,3,4,3,4,4,5,4,3,4,5,0,1,0,0,0,0,2,3.7142857142857144,4.142857142857143,0.42857142857142855,0.4285714285714288
CSE2612325,2026-08-02 14:44:00+00:00,Medium,2,1,5,4,3,5,3,4,5,4,4,5,5,5,2,4,0,0,2,0,2,3.2857142857142856,4.571428571428571,1.4285714285714286,1.2857142857142856
CSE2612326,2026-08-02 14:45:00+00:00,Medium,5,3,3,5,3,2,1,3,4,4,3,3,5,3,0,1,1,0,0,3,2,3.142857142857143,3.5714285714285716,1.0,0.4285714285714288
CSE2612327,2026-08-02 14:46:00+00:00,Medium,5,1,1,3,3,2,3,4,5,4,3,4,3,4,0,4,3,0,1,1,1,2.5714285714285716,3.857142857142857,1.4285714285714286,1.2857142857142856
CSE2612328,2026-08-02 14:47:00+00:00,Medium,1,3,2,2,4,5,4,4,4,4,4,4,5,5,3,1,2,2,0,0,1,3.0,4.285714285714286,1.2857142857142858,1.2857142857142856
CSE2612329,2026-08-02 14:48:00+00:00,Medium,3,5,3,2,1,4,2,4,4,4,3,4,3,4,1,0,1,1,3,0,2,2.857142857142857,3.7142857142857144,1.1428571428571428,0.8571428571428572
CSE2612330,2026-08-02 14:49:00+00:00,Low,4,5,3,5,4,3,3,4,4,4,4,4,5,4,0,0,1,0,0,2,1,3.857142857142857,4.142857142857143,0.5714285714285714,0.28571428571428603
CSE2612331,2026-08-02 14:50:00+00:00,High,4,4,1,2,4,1,1,4,4,4,5,5,4,4,0,0,3,3,1,3,3,2.4285714285714284,4.285714285714286,1.8571428571428572,1.8571428571428572
CSE2612332,2026-08-02 14:51:00+00:00,Medium,3,3,4,2,4,3,2,4,5,4,5,4,5,4,1,2,0,3,0,2,2,3.0,4.428571428571429,1.4285714285714286,1.4285714285714288
CSE2612333,2026-08-02 14:52:00+00:00,Low,2,4,5,4,4,2,4,4,4,4,4,4,4,4,2,0,0,0,0,2,0,3.5714285714285716,4.0,0.5714285714285714,0.4285714285714284
CSE2612334,2026-08-02 14:53:00+00:00,Medium,4,1,4,4,5,3,3,4,5,4,3,4,5,3,0,4,0,0,0,2,0,3.4285714285714284,4.0,0.8571428571428571,0.5714285714285716
CSE2612335,2026-08-02 14:54:00+00:00,Low,4,3,3,3,4,4,4,4,4,4,4,5,4,4,0,1,1,1,1,0,0,3.5714285714285716,4.142857142857143,0.5714285714285714,0.5714285714285716
CSE2612336,2026-08-02 14:55:00+00:00,Medium,3,4,4,4,4,1,2,4,5,3,4,4,5,3,1,1,0,0,0,4,1,3.142857142857143,4.0,1.0,0.8571428571428572
CSE2612337,2026-08-02 14:56:00+00:00,Low,3,5,5,3,3,2,4,4,4,4,4,4,4,3,1,0,0,1,1,2,0,3.5714285714285716,3.857142857142857,0.7142857142857143,0.2857142857142856
CSE2612338,2026-08-02 14:57:00+00:00,Medium,1,2,3,3,4,2,4,4,3,5,4,5,3,4,3,1,2,1,1,1,0,2.7142857142857144,4.0,1.2857142857142858,1.2857142857142856
CSE2612339,2026-08-02 14:58:00+00:00,Medium,3,3,3,4,2,4,3,4,4,5,4,5,4,4,1,1,2,0,3,0,1,3.142857142857143,4.285714285714286,1.1428571428571428,1.1428571428571428
CSE2612340,2026-08-02 14:59:00+00:00,Medium,3,5,3,3,3,5,3,5,5,4,5,4,4,4,2,0,1,2,1,0,1,3.5714285714285716,4.428571428571429,1.0,0.8571428571428572
CSE2612341,2026-08-02 15:00:00+00:00,High,4,4,4,2,2,1,3,5,4,4,5,4,4,5,1,0,0,3,2,3,2,2.857142857142857,4.428571428571429,1.5714285714285714,1.5714285714285716
CSE2612342,2026-08-02 15:01:00+00:00,Medium,3,4,5,4,1,5,4,5,5,3,4,4,5,4,2,1,0,0,3,0,0,3.7142857142857144,4.285714285714286,0.8571428571428571,0.5714285714285712
CSE2612343,2026-08-02 15:02:00+00:00,High,5,2,2,5,1,1,2,3,4,3,3,4,4,4,0,2,1,0,3,3,2,2.5714285714285716,3.5714285714285716,1.5714285714285714,1.0
CSE2612344,2026-08-02 15:03:00+00:00,High,4,2,2,3,2,3,4,4,5,5,4,4,4,5,0,3,3,1,2,1,1,2.857142857142857,4.428571428571429,1.5714285714285714,1.5714285714285716
CSE2612345,2026-08-02 15:04:00+00:00,Low,5,3,4,4,2,5,3,5,4,4,4,5,4,4,0,1,0,0,3,0,1,3.7142857142857144,4.285714285714286,0.7142857142857143,0.5714285714285712
CSE2612346,2026-08-02 15:05:00+00:00,Medium,3,4,4,5,3,2,1,5,5,3,4,4,4,3,2,1,0,0,1,2,2,3.142857142857143,4.0,1.1428571428571428,0.8571428571428572
CSE2612347,2026-08-02 15:06:00+00:00,Medium,4,2,2,3,4,4,3,5,4,5,4,5,5,4,1,2,3,1,1,1,1,3.142857142857143,4.571428571428571,1.4285714285714286,1.4285714285714284
CSE2612348,2026-08-02 15:07:00+00:00,Medium,2,2,2,4,4,4,4,4,5,4,4,5,4,4,2,3,2,0,1,0,0,3.142857142857143,4.285714285714286,1.1428571428571428,1.1428571428571428
CSE2612349,2026-08-02 15:08:00+00:00,Medium,3,3,5,4,3,3,3,4,3,4,5,5,4,4,1,0,0,1,2,1,1,3.4285714285714284,4.142857142857143,0.8571428571428571,0.7142857142857149
CSE2612350,2026-08-02 15:09:00+00:00,Medium,3,4,3,3,4,2,2,4,4,5,5,4,4,4,1,0,2,2,0,2,2,3.0,4.285714285714286,1.2857142857142858,1.2857142857142856
CSE2612351,2026-08-02 15:10:00+00:00,Low,4,3,3,5,4,3,4,3,3,4,4,5,4,4,0,0,1,0,1,1,0,3.7142857142857144,3.857142857142857,0.42857142857142855,0.1428571428571428
CSE2612352,2026-08-02 15:11:00+00:00,High,2,3,3,1,5,1,3,5,4,4,5,5,3,3,3,1,1,4,0,2,0,2.5714285714285716,4.142857142857143,1.5714285714285714,1.5714285714285716
CSE2612353,2026-08-02 15:12:00+00:00,Medium,2,3,2,3,2,4,4,3,5,4,3,4,5,5,1,2,2,0,2,1,1,2.857142857142857,4.142857142857143,1.2857142857142858,1.285714285714286
CSE2612354,2026-08-02 15:13:00+00:00,Medium,4,1,2,2,4,3,5,4,4,3,5,5,4,4,0,3,1,3,1,1,0,3.0,4.142857142857143,1.2857142857142858,1.1428571428571432
CSE2612355,2026-08-02 15:14:00+00:00,High,4,3,1,4,2,3,3,4,5,5,4,3,5,5,0,2,4,0,1,2,2,2.857142857142857,4.428571428571429,1.5714285714285714,1.5714285714285716
CSE2612356,2026-08-02 15:15:00+00:00,Medium,4,1,2,2,3,2,2,4,4,3,4,4,4,3,0,3,1,2,1,2,1,2.2857142857142856,3.7142857142857144,1.4285714285714286,1.4285714285714288
CSE2612357,2026-08-02 15:16:00+00:00,Medium,4,1,4,1,3,3,3,5,5,3,3,4,4,4,1,4,0,2,1,1,1,2.7142857142857144,4.0,1.4285714285714286,1.2857142857142856
CSE2612358,2026-08-02 15:17:00+00:00,Medium,5,2,2,3,2,2,4,4,5,4,4,4,4,4,0,3,2,1,2,2,0,2.857142857142857,4.142857142857143,1.4285714285714286,1.285714285714286
CSE2612359,2026-08-02 15:18:00+00:00,Medium,5,4,4,2,2,3,3,3,5,5,4,4,3,5,0,1,1,2,2,0,2,3.2857142857142856,4.142857142857143,1.1428571428571428,0.8571428571428577
CSE2612360,2026-08-02 15:19:00+00:00,Medium,4,3,3,3,4,2,2,3,5,4,3,3,4,4,0,2,1,0,0,2,2,3.0,3.7142857142857144,1.0,0.7142857142857144
CSE2612361,2026-08-02 15:20:00+00:00,Medium,1,1,3,4,4,4,4,4,5,5,5,4,4,4,3,4,2,1,0,0,0,3.0,4.428571428571429,1.4285714285714286,1.4285714285714288
CSE2612362,2026-08-02 15:21:00+00:00,High,1,3,3,3,3,4,2,4,4,5,5,4,4,4,3,1,2,2,1,0,2,2.7142857142857144,4.285714285714286,1.5714285714285714,1.5714285714285712
CSE2612363,2026-08-02 15:22:00+00:00,Medium,2,3,3,4,3,3,4,5,4,4,4,4,5,4,3,1,1,0,1,2,0,3.142857142857143,4.285714285714286,1.1428571428571428,1.1428571428571428
CSE2612364,2026-08-02 15:23:00+00:00,Medium,3,1,2,3,4,3,4,3,4,5,5,5,3,4,0,3,3,2,1,0,0,2.857142857142857,4.142857142857143,1.2857142857142858,1.285714285714286
CSE2612365,2026-08-02 15:24:00+00:00,Medium,4,2,4,3,3,2,3,4,4,3,5,3,5,4,0,2,0,2,0,3,1,3.0,4.0,1.1428571428571428,1.0
CSE2612366,2026-08-02 15:25:00+00:00,Medium,4,4,3,2,3,4,4,4,4,4,4,5,4,5,0,0,1,2,2,0,1,3.4285714285714284,4.285714285714286,0.8571428571428571,0.8571428571428572
CSE2612367,2026-08-02 15:26:00+00:00,Medium,3,3,3,3,2,3,4,4,4,5,5,4,4,4,1,1,2,2,2,1,0,3.0,4.285714285714286,1.2857142857142858,1.2857142857142856
CSE2612368,2026-08-02 15:27:00+00:00,Medium,2,3,4,3,4,3,2,4,4,4,3,4,5,4,2,1,0,0,0,2,2,3.0,4.0,1.0,1.0
CSE2612369,2026-08-02 15:28:00+00:00,Low,4,4,3,1,5,4,4,4,5,5,3,5,4,3,0,1,2,2,0,0,0,3.5714285714285716,4.142857142857143,0.7142857142857143,0.5714285714285716
CSE2612370,2026-08-02 15:29:00+00:00,Medium,4,1,3,4,3,4,3,4,4,3,4,5,4,4,0,3,0,0,2,0,1,3.142857142857143,4.0,0.8571428571428571,0.8571428571428572
CSE2612371,2026-08-02 15:30:00+00:00,Medium,4,5,4,2,3,2,3,3,4,5,4,4,4,4,0,0,1,2,1,2,1,3.2857142857142856,4.0,1.0,0.7142857142857144
CSE2612372,2026-08-02 15:31:00+00:00,Medium,5,2,4,4,5,3,2,4,5,3,4,3,4,4,0,3,0,0,0,1,2,3.5714285714285716,3.857142857142857,0.8571428571428571,0.2857142857142856
CSE2612373,2026-08-02 15:32:00+00:00,High,1,4,2,2,2,4,5,5,3,5,5,5,5,4,4,0,3,3,3,1,0,2.857142857142857,4.571428571428571,2.0,1.714285714285714
CSE2612374,2026-08-02 15:33:00+00:00,Medium,2,4,3,3,4,3,3,4,5,3,4,4,4,5,2,1,0,1,0,1,2,3.142857142857143,4.142857142857143,1.0,1.0000000000000004
CSE2612375,2026-08-02 15:34:00+00:00,Medium,3,3,5,4,2,3,3,3,5,5,4,3,5,5,0,2,0,0,1,2,2,3.2857142857142856,4.285714285714286,1.0,1.0
CSE2612376,2026-08-02 15:35:00+00:00,Medium,3,2,3,3,3,5,3,4,5,4,4,4,4,4,1,3,1,1,1,0,1,3.142857142857143,4.142857142857143,1.1428571428571428,1.0000000000000004
CSE2612377,2026-08-02 15:36:00+00:00,High,2,2,3,2,3,4,2,4,5,4,5,4,4,4,2,3,1,3,1,0,2,2.5714285714285716,4.285714285714286,1.7142857142857142,1.714285714285714
CSE2612378,2026-08-02 15:37:00+00:00,Medium,3,4,2,4,2,3,3,4,3,5,4,4,5,5,1,0,3,0,2,2,2,3.0,4.285714285714286,1.4285714285714286,1.2857142857142856
CSE2612379,2026-08-02 15:38:00+00:00,Medium,3,4,3,5,4,2,3,4,4,4,5,5,5,4,1,0,1,0,1,3,1,3.4285714285714284,4.428571428571429,1.0,1.0000000000000004
CSE2612380,2026-08-02 15:39:00+00:00,Low,2,3,5,4,4,4,3,3,3,4,3,4,4,4,1,0,0,0,0,0,1,3.5714285714285716,3.5714285714285716,0.2857142857142857,0.0
CSE2612381,2026-08-02 15:40:00+00:00,High,4,3,2,3,2,2,1,4,3,5,4,4,3,5,0,0,3,1,2,1,4,2.4285714285714284,4.0,1.5714285714285714,1.5714285714285716
CSE2612382,2026-08-02 15:41:00+00:00,Medium,3,3,4,3,3,4,3,5,4,3,5,4,5,5,2,1,0,2,1,1,2,3.2857142857142856,4.428571428571429,1.2857142857142858,1.1428571428571432
CSE2612383,2026-08-02 15:42:00+00:00,Low,3,4,4,4,4,3,5,4,4,5,4,4,4,4,1,0,1,0,0,1,0,3.857142857142857,4.142857142857143,0.42857142857142855,0.28571428571428603
CSE2612384,2026-08-02 15:43:00+00:00,Medium,3,3,3,2,3,3,5,4,4,4,5,4,4,4,1,1,1,3,1,1,0,3.142857142857143,4.142857142857143,1.1428571428571428,1.0000000000000004
CSE2612385,2026-08-02 15:44:00+00:00,Low,2,4,4,3,4,2,3,3,4,5,4,4,4,3,1,0,1,1,0,2,0,3.142857142857143,3.857142857142857,0.7142857142857143,0.7142857142857144
CSE2612386,2026-08-02 15:45:00+00:00,Medium,5,4,2,4,3,3,4,3,5,5,5,4,5,3,0,1,3,1,1,2,0,3.5714285714285716,4.285714285714286,1.1428571428571428,0.714285714285714
CSE2612387,2026-08-02 15:46:00+00:00,Medium,3,2,4,3,4,3,1,4,4,3,5,4,5,4,1,2,0,2,0,2,3,2.857142857142857,4.142857142857143,1.4285714285714286,1.285714285714286
CSE2612388,2026-08-02 15:47:00+00:00,Medium,4,4,4,3,4,3,2,3,5,5,5,4,4,5,0,1,1,2,0,1,3,3.4285714285714284,4.428571428571429,1.1428571428571428,1.0000000000000004
CSE2612389,2026-08-02 15:48:00+00:00,Low,5,4,3,3,2,5,5,5,4,4,5,3,4,5,0,0,1,2,1,0,0,3.857142857142857,4.285714285714286,0.5714285714285714,0.4285714285714284
CSE2612390,2026-08-02 15:49:00+00:00,High,4,5,2,2,3,2,1,5,5,5,4,4,5,3,1,0,3,2,1,3,2,2.7142857142857144,4.428571428571429,1.7142857142857142,1.7142857142857144
CSE2612391,2026-08-02 15:50:00+00:00,Medium,3,3,2,3,4,3,4,5,4,4,4,5,4,5,2,1,2,1,1,1,1,3.142857142857143,4.428571428571429,1.2857142857142858,1.285714285714286
CSE2612392,2026-08-02 15:51:00+00:00,Low,3,2,3,4,5,5,5,4,4,4,5,5,5,3,1,2,1,1,0,0,0,3.857142857142857,4.285714285714286,0.7142857142857143,0.4285714285714284
CSE2612393,2026-08-02 15:52:00+00:00,Medium,3,1,4,3,2,3,3,4,3,5,5,3,5,4,1,2,1,2,1,2,1,2.7142857142857144,4.142857142857143,1.4285714285714286,1.4285714285714288
CSE2612394,2026-08-02 15:53:00+00:00,Medium,4,4,4,5,1,3,4,5,4,4,4,4,4,5,1,0,0,0,3,1,1,3.5714285714285716,4.285714285714286,0.8571428571428571,0.714285714285714
CSE2612395,2026-08-02 15:54:00+00:00,High,4,5,3,1,2,5,3,5,5,5,5,5,5,4,1,0,2,4,3,0,1,3.2857142857142856,4.857142857142857,1.5714285714285714,1.5714285714285712
CSE2612396,2026-08-02 15:55:00+00:00,Medium,2,5,4,3,5,2,4,4,5,4,4,4,5,4,2,0,0,1,0,3,0,3.5714285714285716,4.285714285714286,0.8571428571428571,0.714285714285714
CSE2612397,2026-08-02 15:56:00+00:00,Medium,4,5,1,4,2,5,2,4,4,4,4,4,4,5,0,0,3,0,2,0,3,3.2857142857142856,4.142857142857143,1.1428571428571428,0.8571428571428577
CSE2612398,2026-08-02 15:57:00+00:00,Medium,3,2,3,2,4,4,2,3,4,3,4,5,5,4,0,2,0,2,1,1,2,2.857142857142857,4.0,1.1428571428571428,1.1428571428571428
CSE2612399,2026-08-02 15:58:00+00:00,Medium,4,5,1,3,2,5,4,3,5,5,3,4,4,5,0,0,4,0,2,0,1,3.4285714285714284,4.142857142857143,1.0,0.7142857142857149
CSE2612400,2026-08-02 15:59:00+00:00,Medium,3,2,3,4,3,3,5,3,4,5,5,4,5,5,0,2,2,1,1,2,0,3.2857142857142856,4.428571428571429,1.1428571428571428,1.1428571428571432
CSE2612401,2026-08-02 16:00:00+00:00,Low,4,3,4,4,2,4,4,5,4,5,4,3,5,3,1,1,1,0,1,1,0,3.5714285714285716,4.142857142857143,0.7142857142857143,0.5714285714285716
CSE2612402,2026-08-02 16:01:00+00:00,Medium,4,4,1,3,5,1,3,4,5,4,4,5,3,5,0,1,3,1,0,2,2,3.0,4.285714285714286,1.2857142857142858,1.2857142857142856
CSE2612403,2026-08-02 16:02:00+00:00,High,2,3,5,4,1,2,3,5,5,5,4,4,5,3,3,2,0,0,3,3,0,2.857142857142857,4.428571428571429,1.5714285714285714,1.5714285714285716
CSE2612404,2026-08-02 16:03:00+00:00,Medium,4,1,4,4,2,5,1,4,4,3,3,4,4,4,0,3,0,0,2,0,3,3.0,3.7142857142857144,1.1428571428571428,0.7142857142857144
CSE2612405,2026-08-02 16:04:00+00:00,Low,4,3,4,4,3,3,4,4,5,3,4,4,5,4,0,2,0,0,1,2,0,3.5714285714285716,4.142857142857143,0.7142857142857143,0.5714285714285716
CSE2612406,2026-08-02 16:05:00+00:00,Low,5,5,2,4,4,2,4,4,4,4,4,4,4,5,0,0,2,0,0,2,1,3.7142857142857144,4.142857142857143,0.7142857142857143,0.4285714285714288
CSE2612407,2026-08-02 16:06:00+00:00,Medium,4,3,4,2,4,3,2,4,3,4,4,4,5,4,0,0,0,2,0,2,2,3.142857142857143,4.0,0.8571428571428571,0.8571428571428572
CSE2612408,2026-08-02 16:07:00+00:00,Low,4,3,3,5,3,2,1,4,4,3,5,3,4,3,0,1,0,0,0,2,2,3.0,3.7142857142857144,0.7142857142857143,0.7142857142857144
CSE2612409,2026-08-02 16:08:00+00:00,High,1,2,4,3,2,2,4,4,5,5,5,4,4,3,3,3,1,2,2,2,0,2.5714285714285716,4.285714285714286,1.8571428571428572,1.714285714285714
CSE2612410,2026-08-02 16:09:00+00:00,Medium,2,3,3,2,3,3,5,4,4,3,4,5,4,3,2,1,0,2,2,1,0,3.0,3.857142857142857,1.1428571428571428,0.8571428571428572
CSE2612411,2026-08-02 16:10:00+00:00,Medium,1,1,2,3,4,5,4,4,3,3,5,4,4,4,3,2,1,2,0,0,0,2.857142857142857,3.857142857142857,1.1428571428571428,1.0
CSE2612412,2026-08-02 16:11:00+00:00,Medium,3,2,4,3,5,3,4,4,5,4,3,4,4,5,1,3,0,0,0,1,1,3.4285714285714284,4.142857142857143,0.8571428571428571,0.7142857142857149
CSE2612413,2026-08-02 16:12:00+00:00,Medium,4,5,4,3,1,4,3,4,4,5,4,4,4,5,0,0,1,1,3,0,2,3.4285714285714284,4.285714285714286,1.0,0.8571428571428572
CSE2612414,2026-08-02 16:13:00+00:00,Medium,5,4,3,3,3,3,1,4,4,5,4,5,4,5,0,0,2,1,2,1,4,3.142857142857143,4.428571428571429,1.4285714285714286,1.285714285714286
CSE2612415,2026-08-02 16:14:00+00:00,Medium,2,1,4,3,3,3,4,4,4,5,3,5,5,4,2,3,1,0,2,2,0,2.857142857142857,4.285714285714286,1.4285714285714286,1.4285714285714284
CSE2612416,2026-08-02 16:15:00+00:00,Low,4,3,4,2,5,3,5,4,4,4,4,4,4,5,0,1,0,2,0,1,0,3.7142857142857144,4.142857142857143,0.5714285714285714,0.4285714285714288
CSE2612417,2026-08-02 16:16:00+00:00,Low,4,4,1,5,5,5,3,4,3,3,4,3,3,5,0,0,2,0,0,0,2,3.857142857142857,3.5714285714285716,0.5714285714285714,-0.2857142857142856
CSE2612418,2026-08-02 16:17:00+00:00,Medium,4,2,4,3,4,5,2,4,5,4,4,4,5,5,0,3,0,1,0,0,3,3.4285714285714284,4.428571428571429,1.0,1.0000000000000004
CSE2612419,2026-08-02 16:18:00+00:00,High,1,1,5,2,4,4,2,5,4,4,4,4,4,4,4,3,0,2,0,0,2,2.7142857142857144,4.142857142857143,1.5714285714285714,1.4285714285714288
CSE2612420,2026-08-02 16:19:00+00:00,Medium,2,2,2,3,4,2,4,4,5,3,4,3,4,3,2,3,1,1,0,2,0,2.7142857142857144,3.7142857142857144,1.2857142857142858,1.0
CSE2612421,2026-08-02 16:20:00+00:00,High,5,2,3,2,1,1,2,5,3,4,5,5,5,4,0,1,1,3,4,4,2,2.2857142857142856,4.428571428571429,2.142857142857143,2.1428571428571432
CSE2612422,2026-08-02 16:21:00+00:00,Medium,1,4,3,2,1,3,3,4,4,4,5,3,3,4,3,0,1,3,2,0,1,2.4285714285714284,3.857142857142857,1.4285714285714286,1.4285714285714288
CSE2612423,2026-08-02 16:22:00+00:00,High,1,5,2,1,5,3,4,4,4,4,4,4,5,5,3,0,2,3,0,2,1,3.0,4.285714285714286,1.5714285714285714,1.2857142857142856
CSE2612424,2026-08-02 16:23:00+00:00,Medium,1,5,3,1,3,5,5,3,4,5,4,4,4,5,2,0,2,3,1,0,0,3.2857142857142856,4.142857142857143,1.1428571428571428,0.8571428571428577
CSE2612425,2026-08-02 16:24:00+00:00,High,4,4,2,3,2,3,3,4,4,5,5,4,5,5,0,0,3,2,2,2,2,3.0,4.571428571428571,1.5714285714285714,1.5714285714285712
CSE2612426,2026-08-02 16:25:00+00:00,Low,4,4,4,4,5,4,4,5,4,4,5,4,4,3,1,0,0,1,0,0,0,4.142857142857143,4.142857142857143,0.2857142857142857,0.0
CSE2612427,2026-08-02 16:26:00+00:00,Medium,4,3,3,2,3,3,1,4,3,5,5,4,4,4,0,0,2,3,1,1,3,2.7142857142857144,4.142857142857143,1.4285714285714286,1.4285714285714288
CSE2612428,2026-08-02 16:27:00+00:00,High,1,2,3,1,4,4,3,4,5,5,5,4,4,3,3,3,2,4,0,0,0,2.5714285714285716,4.285714285714286,1.7142857142857142,1.714285714285714
CSE2612429,2026-08-02 16:28:00+00:00,Medium,2,3,1,3,3,5,4,4,3,4,3,4,3,4,2,0,3,0,1,0,0,3.0,3.5714285714285716,0.8571428571428571,0.5714285714285716
CSE2612430,2026-08-02 16:29:00+00:00,Medium,3,3,4,4,2,5,4,4,4,5,5,5,5,4,1,1,1,1,3,0,0,3.5714285714285716,4.571428571428571,1.0,0.9999999999999996
CSE2612431,2026-08-02 16:30:00+00:00,Medium,4,4,4,1,1,3,5,5,3,4,4,3,5,5,1,0,0,3,2,2,0,3.142857142857143,4.142857142857143,1.1428571428571428,1.0000000000000004
CSE2612432,2026-08-02 16:31:00+00:00,Low,3,3,4,4,3,4,3,4,5,4,4,4,4,4,1,2,0,0,1,0,1,3.4285714285714284,4.142857142857143,0.7142857142857143,0.7142857142857149
CSE2612433,2026-08-02 16:32:00+00:00,Medium,4,3,2,4,4,3,4,4,4,4,5,4,4,5,0,1,2,1,0,1,1,3.4285714285714284,4.285714285714286,0.8571428571428571,0.8571428571428572
CSE2612434,2026-08-02 16:33:00+00:00,Medium,3,3,4,3,5,3,4,5,5,4,4,5,3,5,2,2,0,1,0,0,1,3.5714285714285716,4.428571428571429,0.8571428571428571,0.8571428571428572
CSE2612435,2026-08-02 16:34:00+00:00,Medium,4,3,1,2,4,3,3,5,4,5,4,3,3,4,1,1,4,2,0,0,1,2.857142857142857,4.0,1.2857142857142858,1.1428571428571428
CSE2612436,2026-08-02 16:35:00+00:00,Medium,2,5,2,4,5,3,3,4,4,4,3,5,5,5,2,0,2,0,0,2,2,3.4285714285714284,4.285714285714286,1.1428571428571428,0.8571428571428572
CSE2612437,2026-08-02 16:36:00+00:00,Medium,1,4,3,3,4,4,3,5,5,5,4,3,5,4,4,1,2,1,0,1,1,3.142857142857143,4.428571428571429,1.4285714285714286,1.285714285714286
CSE2612438,2026-08-02 16:37:00+00:00,Medium,4,3,2,3,2,3,4,4,5,5,5,3,5,4,0,2,3,2,1,2,0,3.0,4.428571428571429,1.4285714285714286,1.4285714285714288
CSE2612439,2026-08-02 16:38:00+00:00,Medium,3,1,2,4,4,3,4,5,4,4,5,4,4,4,2,3,2,1,0,1,0,3.0,4.285714285714286,1.2857142857142858,1.2857142857142856
CSE2612440,2026-08-02 16:39:00+00:00,Medium,3,4,5,2,4,3,3,4,3,4,4,4,4,5,1,0,0,2,0,1,2,3.4285714285714284,4.0,0.8571428571428571,0.5714285714285716
CSE2612441,2026-08-02 16:40:00+00:00,Medium,3,2,4,4,4,1,3,5,4,4,3,5,4,4,2,2,0,0,1,3,1,3.0,4.142857142857143,1.2857142857142858,1.1428571428571432
CSE2612442,2026-08-02 16:41:00+00:00,Medium,2,4,4,1,4,1,3,4,3,4,4,4,4,4,2,0,0,3,0,3,1,2.7142857142857144,3.857142857142857,1.2857142857142858,1.1428571428571428
CSE2612443,2026-08-02 16:42:00+00:00,Medium,4,3,4,2,3,4,2,3,5,4,5,3,4,5,0,2,0,3,0,0,3,3.142857142857143,4.142857142857143,1.1428571428571428,1.0000000000000004
CSE2612444,2026-08-02 16:43:00+00:00,High,3,3,4,1,3,3,1,4,5,4,5,5,4,4,1,2,0,4,2,1,3,2.5714285714285716,4.428571428571429,1.8571428571428572,1.8571428571428572
CSE2612445,2026-08-02 16:44:00+00:00,Medium,4,3,3,3,4,3,1,4,5,4,4,4,3,5,0,2,1,1,0,0,4,3.0,4.142857142857143,1.1428571428571428,1.1428571428571432
CSE2612446,2026-08-02 16:45:00+00:00,Medium,4,4,3,2,3,2,4,4,4,4,4,5,4,4,0,0,1,2,2,2,0,3.142857142857143,4.142857142857143,1.0,1.0000000000000004
CSE2612447,2026-08-02 16:46:00+00:00,High,3,1,2,4,1,5,1,3,5,4,4,4,5,4,0,4,2,0,3,0,3,2.4285714285714284,4.142857142857143,1.7142857142857142,1.7142857142857149
CSE2612448,2026-08-02 16:47:00+00:00,Medium,5,4,2,3,3,4,4,5,4,5,4,5,5,4,0,0,3,1,2,1,0,3.5714285714285716,4.571428571428571,1.0,0.9999999999999996
CSE2612449,2026-08-02 16:48:00+00:00,Medium,1,4,2,3,4,2,4,5,4,3,5,4,4,5,4,0,1,2,0,2,1,2.857142857142857,4.285714285714286,1.4285714285714286,1.4285714285714284
CSE2612450,2026-08-02 16:49:00+00:00,High,3,2,4,3,2,2,2,5,5,5,4,4,4,4,2,3,1,1,2,2,2,2.5714285714285716,4.428571428571429,1.8571428571428572,1.8571428571428572
CSE2612451,2026-08-02 16:50:00+00:00,Medium,3,4,2,2,4,2,2,4,4,4,4,3,5,3,1,0,2,2,0,3,1,2.7142857142857144,3.857142857142857,1.2857142857142858,1.1428571428571428
CSE2612452,2026-08-02 16:51:00+00:00,Low,4,2,4,5,2,5,4,5,3,4,3,5,3,4,1,1,0,0,3,0,0,3.7142857142857144,3.857142857142857,0.7142857142857143,0.1428571428571428
CSE2612453,2026-08-02 16:52:00+00:00,Medium,1,4,1,4,4,3,4,4,5,4,4,3,4,5,3,1,3,0,0,1,1,3.0,4.142857142857143,1.2857142857142858,1.1428571428571432
CSE2612454,2026-08-02 16:53:00+00:00,Medium,2,5,5,3,2,3,5,4,4,4,4,4,4,5,2,0,0,1,2,1,0,3.5714285714285716,4.142857142857143,0.8571428571428571,0.5714285714285716
CSE2612455,2026-08-02 16:54:00+00:00,Low,3,3,4,3,4,2,5,4,4,4,4,4,4,5,1,1,0,1,0,2,0,3.4285714285714284,4.142857142857143,0.7142857142857143,0.7142857142857149
CSE2612456,2026-08-02 16:55:00+00:00,Medium,2,5,3,5,5,3,2,3,3,5,5,3,5,4,1,0,2,0,0,2,2,3.5714285714285716,4.0,1.0,0.4285714285714284
CSE2612457,2026-08-02 16:56:00+00:00,Low,4,5,3,3,3,4,5,4,3,3,4,4,5,5,0,0,0,1,1,1,0,3.857142857142857,4.0,0.42857142857142855,0.1428571428571428
CSE2612458,2026-08-02 16:57:00+00:00,Medium,4,4,1,2,3,3,3,4,4,3,4,4,4,4,0,0,2,2,1,1,1,2.857142857142857,3.857142857142857,1.0,1.0
CSE2612459,2026-08-02 16:58:00+00:00,Medium,2,3,3,4,4,3,4,3,4,4,5,5,3,5,1,1,1,1,1,0,1,3.2857142857142856,4.142857142857143,0.8571428571428571,0.8571428571428577
CSE2612460,2026-08-02 16:59:00+00:00,Medium,4,4,3,2,3,4,5,5,3,4,5,4,4,3,1,0,1,3,1,0,0,3.5714285714285716,4.0,0.8571428571428571,0.4285714285714284
CSE2612461,2026-08-02 17:00:00+00:00,Medium,2,4,3,2,3,4,3,4,4,5,4,5,3,4,2,0,2,2,2,0,1,3.0,4.142857142857143,1.2857142857142858,1.1428571428571432
CSE2612462,2026-08-02 17:01:00+00:00,Low,4,4,4,3,4,5,2,3,3,4,4,5,4,4,0,0,0,1,1,0,2,3.7142857142857144,3.857142857142857,0.5714285714285714,0.1428571428571428
CSE2612463,2026-08-02 17:02:00+00:00,High,3,1,5,2,2,2,3,5,4,4,4,4,5,5,2,3,0,2,2,3,2,2.5714285714285716,4.428571428571429,2.0,1.8571428571428572
CSE2612464,2026-08-02 17:03:00+00:00,Low,3,3,3,4,4,4,5,5,4,3,3,4,5,4,2,1,0,0,0,1,0,3.7142857142857144,4.0,0.5714285714285714,0.2857142857142856
CSE2612465,2026-08-02 17:04:00+00:00,Medium,5,3,5,3,3,4,4,4,4,5,4,5,5,5,0,1,0,1,2,1,1,3.857142857142857,4.571428571428571,0.8571428571428571,0.714285714285714
CSE2612466,2026-08-02 17:05:00+00:00,Low,4,3,2,5,3,4,5,5,5,3,4,4,4,3,1,2,1,0,1,0,0,3.7142857142857144,4.0,0.7142857142857143,0.2857142857142856
CSE2612467,2026-08-02 17:06:00+00:00,High,3,3,3,2,3,2,1,4,4,4,5,4,5,4,1,1,1,3,1,3,3,2.4285714285714284,4.285714285714286,1.8571428571428572,1.8571428571428572
CSE2612468,2026-08-02 17:07:00+00:00,Medium,4,3,2,2,3,5,4,4,5,4,5,4,4,4,0,2,2,3,1,0,0,3.2857142857142856,4.285714285714286,1.1428571428571428,1.0
CSE2612469,2026-08-02 17:08:00+00:00,Low,3,2,5,3,5,2,5,4,3,4,3,4,4,3,1,1,0,0,0,2,0,3.5714285714285716,3.5714285714285716,0.5714285714285714,0.0
CSE2612470,2026-08-02 17:09:00+00:00,Low,3,4,3,4,2,3,4,3,4,4,4,4,3,4,0,0,1,0,2,0,0,3.2857142857142856,3.7142857142857144,0.42857142857142855,0.4285714285714288
CSE2612471,2026-08-02 17:10:00+00:00,Medium,4,3,1,3,1,4,3,4,5,3,3,5,5,4,0,2,2,0,4,1,1,2.7142857142857144,4.142857142857143,1.4285714285714286,1.4285714285714288
CSE2612472,2026-08-02 17:11:00+00:00,Medium,4,1,2,2,3,3,3,3,3,4,4,4,4,4,0,2,2,2,1,1,1,2.5714285714285716,3.7142857142857144,1.2857142857142858,1.1428571428571428
CSE2612473,2026-08-02 17:12:00+00:00,High,3,4,2,3,4,2,3,5,5,4,5,4,4,5,2,1,2,2,0,2,2,3.0,4.571428571428571,1.5714285714285714,1.5714285714285712
CSE2612474,2026-08-02 17:13:00+00:00,High,2,3,2,5,3,2,3,5,5,3,4,4,5,5,3,2,1,0,1,3,2,2.857142857142857,4.428571428571429,1.7142857142857142,1.5714285714285716
CSE2612475,2026-08-02 17:14:00+00:00,High,4,1,1,2,1,5,3,5,4,5,5,5,4,5,1,3,4,3,4,0,2,2.4285714285714284,4.714285714285714,2.4285714285714284,2.285714285714286
CSE2612476,2026-08-02 17:15:00+00:00,Medium,4,5,4,4,1,3,4,3,3,4,5,4,5,5,0,0,0,1,3,2,1,3.5714285714285716,4.142857142857143,1.0,0.5714285714285716
CSE2612477,2026-08-02 17:16:00+00:00,High,3,1,4,3,2,2,5,4,4,5,4,4,5,4,1,3,1,1,2,3,0,2.857142857142857,4.285714285714286,1.5714285714285714,1.4285714285714284
CSE2612478,2026-08-02 17:17:00+00:00,Medium,3,1,1,4,3,4,3,4,5,3,5,4,3,4,1,4,2,1,1,0,1,2.7142857142857144,4.0,1.4285714285714286,1.2857142857142856
CSE2612479,2026-08-02 17:18:00+00:00,Medium,3,4,5,2,3,4,2,3,5,5,4,4,4,5,0,1,0,2,1,0,3,3.2857142857142856,4.285714285714286,1.0,1.0
CSE2612480,2026-08-02 17:19:00+00:00,Low,4,2,4,4,4,4,2,4,4,5,4,4,4,4,0,2,1,0,0,0,2,3.4285714285714284,4.142857142857143,0.7142857142857143,0.7142857142857149
CSE2612481,2026-08-02 17:20:00+00:00,Medium,2,5,2,4,1,2,3,4,3,4,3,3,4,3,2,0,2,0,2,2,0,2.7142857142857144,3.4285714285714284,1.1428571428571428,0.714285714285714
CSE2612482,2026-08-02 17:21:00+00:00,Low,4,4,4,3,3,4,3,4,4,4,3,4,4,5,0,0,0,0,1,0,2,3.5714285714285716,4.0,0.42857142857142855,0.4285714285714284
CSE2612483,2026-08-02 17:22:00+00:00,Low,3,3,2,3,5,3,3,4,3,4,3,5,4,3,1,0,2,0,0,1,0,3.142857142857143,3.7142857142857144,0.5714285714285714,0.5714285714285716
CSE2612484,2026-08-02 17:23:00+00:00,Low,5,3,4,3,5,5,3,4,4,4,4,4,5,5,0,1,0,1,0,0,2,4.0,4.285714285714286,0.5714285714285714,0.2857142857142856
CSE2612485,2026-08-02 17:24:00+00:00,Low,3,4,3,4,3,3,3,3,3,5,4,3,4,3,0,0,2,0,0,1,0,3.2857142857142856,3.5714285714285716,0.42857142857142855,0.28571428571428603
CSE2612486,2026-08-02 17:25:00+00:00,High,3,3,3,3,2,2,2,4,4,4,4,5,5,3,1,1,1,1,3,3,1,2.5714285714285716,4.142857142857143,1.5714285714285714,1.5714285714285716
CSE2612487,2026-08-02 17:26:00+00:00,Medium,1,3,4,3,2,4,3,4,4,3,4,5,4,4,3,1,0,1,3,0,1,2.857142857142857,4.0,1.2857142857142858,1.1428571428571428
CSE2612488,2026-08-02 17:27:00+00:00,Medium,4,4,4,2,2,4,4,4,5,4,4,4,5,4,0,1,0,2,2,1,0,3.4285714285714284,4.285714285714286,0.8571428571428571,0.8571428571428572
CSE2612489,2026-08-02 17:28:00+00:00,Low,3,3,3,4,4,4,3,5,3,3,4,5,5,4,2,0,0,0,1,1,1,3.4285714285714284,4.142857142857143,0.7142857142857143,0.7142857142857149
CSE2612490,2026-08-02 17:29:00+00:00,Medium,4,4,5,3,4,1,3,5,5,4,3,3,4,5,1,1,0,0,0,3,2,3.4285714285714284,4.142857142857143,1.0,0.7142857142857149
CSE2612491,2026-08-02 17:30:00+00:00,Medium,4,3,4,4,3,5,1,5,5,4,3,4,4,4,1,2,0,0,1,0,3,3.4285714285714284,4.142857142857143,1.0,0.7142857142857149
CSE2612492,2026-08-02 17:31:00+00:00,High,1,2,3,3,2,2,4,4,4,3,5,3,4,5,3,2,0,2,1,2,1,2.4285714285714284,4.0,1.5714285714285714,1.5714285714285716
CSE2612493,2026-08-02 17:32:00+00:00,Medium,3,3,4,4,3,3,4,5,4,3,5,4,4,3,2,1,0,1,1,1,0,3.4285714285714284,4.0,0.8571428571428571,0.5714285714285716
CSE2612494,2026-08-02 17:33:00+00:00,High,3,1,2,4,2,3,3,4,4,5,3,5,4,4,1,3,3,0,3,1,1,2.5714285714285716,4.142857142857143,1.7142857142857142,1.5714285714285716
CSE2612495,2026-08-02 17:34:00+00:00,High,3,5,2,2,2,1,4,4,4,5,4,5,4,5,1,0,3,2,3,3,1,2.7142857142857144,4.428571428571429,1.8571428571428572,1.7142857142857144
CSE2612496,2026-08-02 17:35:00+00:00,Medium,3,4,4,3,3,4,3,4,3,3,5,4,5,5,1,0,0,2,1,1,2,3.4285714285714284,4.142857142857143,1.0,0.7142857142857149
CSE2612497,2026-08-02 17:36:00+00:00,Medium,3,3,1,4,4,4,3,4,3,4,5,4,4,4,1,0,3,1,0,0,1,3.142857142857143,4.0,0.8571428571428571,0.8571428571428572
CSE2612498,2026-08-02 17:37:00+00:00,Medium,2,3,4,3,4,2,3,3,3,4,4,5,4,5,1,0,0,1,1,2,2,3.0,4.0,1.0,1.0
CSE2612499,2026-08-02 17:38:00+00:00,High,1,2,2,5,2,4,3,3,5,4,5,4,3,5,2,3,2,0,2,0,2,2.7142857142857144,4.142857142857143,1.5714285714285714,1.4285714285714288
CSE2612500,2026-08-02 17:39:00+00:00,Medium,3,2,4,5,3,3,2,5,5,4,4,5,4,4,2,3,0,0,2,1,2,3.142857142857143,4.428571428571429,1.4285714285714286,1.285714285714286
CSE2612501,2026-08-02 17:40:00+00:00,Medium,4,1,4,4,3,4,3,4,5,5,4,5,3,4,0,4,1,0,2,0,1,3.2857142857142856,4.285714285714286,1.1428571428571428,1.0
CSE2612502,2026-08-02 17:41:00+00:00,Medium,3,4,4,3,2,3,5,5,5,4,5,4,4,4,2,1,0,2,2,1,0,3.4285714285714284,4.428571428571429,1.1428571428571428,1.0000000000000004
CSE2612503,2026-08-02 17:42:00+00:00,Medium,2,3,4,5,4,3,5,4,4,5,4,3,5,3,2,1,1,0,0,2,0,3.7142857142857144,4.0,0.8571428571428571,0.2857142857142856
CSE2612504,2026-08-02 17:43:00+00:00,Medium,4,3,2,2,3,4,2,4,4,5,4,5,4,3,0,1,3,2,2,0,1,2.857142857142857,4.142857142857143,1.2857142857142858,1.285714285714286
CSE2612505,2026-08-02 17:44:00+00:00,Medium,4,1,2,4,4,3,1,4,4,3,4,4,4,5,0,3,1,0,0,1,4,2.7142857142857144,4.0,1.2857142857142858,1.2857142857142856
CSE2612506,2026-08-02 17:45:00+00:00,High,1,2,1,5,4,2,3,4,5,3,4,3,5,4,3,3,2,0,0,3,1,2.5714285714285716,4.0,1.7142857142857142,1.4285714285714284
CSE2612507,2026-08-02 17:46:00+00:00,Medium,5,4,2,3,3,3,2,4,5,4,5,4,5,4,0,1,2,2,1,2,2,3.142857142857143,4.428571428571429,1.4285714285714286,1.285714285714286
CSE2612508,2026-08-02 17:47:00+00:00,High,2,1,1,1,1,4,4,4,4,3,5,3,5,4,2,3,2,4,2,1,0,2.0,4.0,2.0,2.0
CSE2612509,2026-08-02 17:48:00+00:00,Medium,4,3,4,1,4,4,2,4,5,4,4,4,4,4,0,2,0,3,0,0,2,3.142857142857143,4.142857142857143,1.0,1.0000000000000004
CSE2612510,2026-08-02 17:49:00+00:00,Medium,2,3,3,3,5,2,3,4,4,4,4,4,5,4,2,1,1,1,0,3,1,3.0,4.142857142857143,1.2857142857142858,1.1428571428571432
CSE2612511,2026-08-02 17:50:00+00:00,Medium,1,3,3,3,5,3,2,5,4,4,3,5,4,3,4,1,1,0,0,1,1,2.857142857142857,4.0,1.1428571428571428,1.1428571428571428
CSE2612512,2026-08-02 17:51:00+00:00,Medium,4,4,1,4,2,3,5,4,5,4,4,4,4,4,0,1,3,0,2,1,0,3.2857142857142856,4.142857142857143,1.0,0.8571428571428577
CSE2612513,2026-08-02 17:52:00+00:00,Medium,4,2,3,2,1,4,3,4,4,3,4,4,4,3,0,2,0,2,3,0,0,2.7142857142857144,3.7142857142857144,1.0,1.0
CSE2612514,2026-08-02 17:53:00+00:00,Medium,4,3,3,3,3,4,5,4,4,4,4,5,5,4,0,1,1,1,2,1,0,3.5714285714285716,4.285714285714286,0.8571428571428571,0.714285714285714
CSE2612515,2026-08-02 17:54:00+00:00,Medium,4,1,5,4,2,2,3,4,5,5,4,4,4,4,0,4,0,0,2,2,1,3.0,4.285714285714286,1.2857142857142858,1.2857142857142856
CSE2612516,2026-08-02 17:55:00+00:00,Medium,3,3,3,1,4,5,4,5,5,4,4,4,4,4,2,2,1,3,0,0,0,3.2857142857142856,4.285714285714286,1.1428571428571428,1.0
CSE2612517,2026-08-02 17:56:00+00:00,Low,4,2,4,5,3,5,4,4,4,3,5,4,4,3,0,2,0,0,1,0,0,3.857142857142857,3.857142857142857,0.42857142857142855,0.0
CSE2612518,2026-08-02 17:57:00+00:00,Medium,4,3,2,3,4,3,4,5,5,4,5,4,5,4,1,2,2,2,0,2,0,3.2857142857142856,4.571428571428571,1.2857142857142858,1.2857142857142856
CSE2612519,2026-08-02 17:58:00+00:00,Medium,2,3,3,4,3,3,4,4,4,4,4,5,5,4,2,1,1,0,2,2,0,3.142857142857143,4.285714285714286,1.1428571428571428,1.1428571428571428
CSE2612520,2026-08-02 17:59:00+00:00,Medium,5,1,3,2,3,3,3,4,4,4,3,4,4,4,0,3,1,1,1,1,1,2.857142857142857,3.857142857142857,1.1428571428571428,1.0
CSE2612521,2026-08-02 18:00:00+00:00,High,1,3,2,3,2,3,3,4,5,5,4,5,4,4,3,2,3,1,3,1,1,2.4285714285714284,4.428571428571429,2.0,2.0000000000000004
CSE2612522,2026-08-02 18:01:00+00:00,High,3,1,2,3,4,2,1,4,3,4,4,5,4,4,1,2,2,1,1,2,3,2.2857142857142856,4.0,1.7142857142857142,1.7142857142857144
CSE2612523,2026-08-02 18:02:00+00:00,Medium,3,3,2,4,5,4,3,5,5,4,4,5,4,4,2,2,2,0,0,0,1,3.4285714285714284,4.428571428571429,1.0,1.0000000000000004
CSE2612524,2026-08-02 18:03:00+00:00,Medium,5,5,4,2,3,4,2,4,4,5,3,4,5,4,0,0,1,1,1,1,2,3.5714285714285716,4.142857142857143,0.8571428571428571,0.5714285714285716
CSE2612525,2026-08-02 18:04:00+00:00,Medium,3,3,2,2,3,3,5,4,3,3,5,4,5,4,1,0,1,3,1,2,0,3.0,4.0,1.1428571428571428,1.0
CSE2612526,2026-08-02 18:05:00+00:00,Medium,4,3,3,3,4,3,3,3,4,5,4,4,4,4,0,1,2,1,0,1,1,3.2857142857142856,4.0,0.8571428571428571,0.7142857142857144
CSE2612527,2026-08-02 18:06:00+00:00,Medium,5,3,4,5,5,2,3,5,4,5,5,5,5,5,0,1,1,0,0,3,2,3.857142857142857,4.857142857142857,1.0,0.9999999999999996
CSE2612528,2026-08-02 18:07:00+00:00,Medium,1,3,4,4,4,3,3,4,4,4,5,4,4,4,3,1,0,1,0,1,1,3.142857142857143,4.142857142857143,1.0,1.0000000000000004
CSE2612529,2026-08-02 18:08:00+00:00,Low,4,4,5,3,4,3,4,4,4,4,3,4,5,4,0,0,0,0,0,2,0,3.857142857142857,4.0,0.2857142857142857,0.1428571428571428
CSE2612530,2026-08-02 18:09:00+00:00,Medium,4,2,4,1,4,4,1,4,3,3,5,4,4,5,0,1,0,4,0,0,4,2.857142857142857,4.0,1.2857142857142858,1.1428571428571428
CSE2612531,2026-08-02 18:10:00+00:00,Medium,2,3,3,4,3,4,2,5,4,4,4,4,3,4,3,1,1,0,1,0,2,3.0,4.0,1.1428571428571428,1.0
CSE2612532,2026-08-02 18:11:00+00:00,Low,4,4,3,3,4,3,3,4,4,5,5,4,3,4,0,0,2,2,0,0,1,3.4285714285714284,4.142857142857143,0.7142857142857143,0.7142857142857149
CSE2612533,2026-08-02 18:12:00+00:00,Medium,1,2,4,2,3,2,3,3,3,4,4,4,3,4,2,1,0,2,1,1,1,2.4285714285714284,3.5714285714285716,1.1428571428571428,1.1428571428571432
CSE2612534,2026-08-02 18:13:00+00:00,Medium,3,3,2,4,4,3,2,4,4,5,5,4,3,5,1,1,3,1,0,0,3,3.0,4.285714285714286,1.2857142857142858,1.2857142857142856
CSE2612535,2026-08-02 18:14:00+00:00,Medium,3,4,3,5,2,3,3,4,4,3,4,4,5,4,1,0,0,0,2,2,1,3.2857142857142856,4.0,0.8571428571428571,0.7142857142857144
CSE2612536,2026-08-02 18:15:00+00:00,High,2,3,3,4,2,3,1,4,5,4,5,4,5,4,2,2,1,1,2,2,3,2.5714285714285716,4.428571428571429,1.8571428571428572,1.8571428571428572
CSE2612537,2026-08-02 18:16:00+00:00,Medium,4,3,4,1,1,3,3,3,4,4,4,4,5,4,0,1,0,3,3,2,1,2.7142857142857144,4.0,1.4285714285714286,1.2857142857142856
CSE2612538,2026-08-02 18:17:00+00:00,Medium,3,5,4,3,3,1,4,5,4,5,4,4,5,4,2,0,1,1,1,4,0,3.2857142857142856,4.428571428571429,1.2857142857142858,1.1428571428571432
CSE2612539,2026-08-02 18:18:00+00:00,Low,3,4,3,4,3,5,4,4,4,4,4,3,3,3,1,0,1,0,0,0,0,3.7142857142857144,3.5714285714285716,0.2857142857142857,-0.1428571428571428
CSE2612540,2026-08-02 18:19:00+00:00,Medium,3,5,3,4,3,2,3,3,3,5,4,5,5,4,0,0,2,0,2,3,1,3.2857142857142856,4.142857142857143,1.1428571428571428,0.8571428571428577
CSE2612541,2026-08-02 18:20:00+00:00,Low,5,2,4,4,3,4,4,5,4,3,3,5,3,5,0,2,0,0,2,0,1,3.7142857142857144,4.0,0.7142857142857143,0.2857142857142856
CSE2612542,2026-08-02 18:21:00+00:00,Low,2,4,3,4,4,3,4,5,4,4,4,4,3,4,3,0,1,0,0,0,0,3.4285714285714284,4.0,0.5714285714285714,0.5714285714285716
CSE2612543,2026-08-02 18:22:00+00:00,High,2,3,4,1,3,3,3,4,5,4,5,4,4,4,2,2,0,4,1,1,1,2.7142857142857144,4.285714285714286,1.5714285714285714,1.5714285714285712
CSE2612544,2026-08-02 18:23:00+00:00,Medium,3,5,4,2,3,3,2,4,3,4,5,4,5,5,1,0,0,3,1,2,3,3.142857142857143,4.285714285714286,1.4285714285714286,1.1428571428571428
CSE2612545,2026-08-02 18:24:00+00:00,High,3,3,3,2,3,3,1,4,5,4,4,4,4,5,1,2,1,2,1,1,4,2.5714285714285716,4.285714285714286,1.7142857142857142,1.714285714285714
CSE2612546,2026-08-02 18:25:00+00:00,Medium,1,4,4,4,4,3,3,5,4,4,4,5,4,5,4,0,0,0,1,1,2,3.2857142857142856,4.428571428571429,1.1428571428571428,1.1428571428571432
CSE2612547,2026-08-02 18:26:00+00:00,Medium,4,2,3,3,3,3,4,5,4,4,4,4,4,4,1,2,1,1,1,1,0,3.142857142857143,4.142857142857143,1.0,1.0000000000000004
CSE2612548,2026-08-02 18:27:00+00:00,Medium,1,5,5,3,1,3,4,4,4,4,3,3,5,4,3,0,0,0,2,2,0,3.142857142857143,3.857142857142857,1.0,0.7142857142857144
CSE2612549,2026-08-02 18:28:00+00:00,Medium,4,4,3,4,2,1,3,4,5,4,4,3,5,4,0,1,1,0,1,4,1,3.0,4.142857142857143,1.1428571428571428,1.1428571428571432
CSE2612550,2026-08-02 18:29:00+00:00,Medium,3,2,4,2,5,5,4,5,4,5,5,3,4,4,2,2,1,3,0,0,0,3.5714285714285716,4.285714285714286,1.1428571428571428,0.714285714285714
CSE2612551,2026-08-02 18:30:00+00:00,Medium,3,4,3,1,5,2,3,4,4,4,5,5,3,4,1,0,1,4,0,1,1,3.0,4.142857142857143,1.1428571428571428,1.1428571428571432
CSE2612552,2026-08-02 18:31:00+00:00,Low,3,3,3,3,3,5,3,4,5,4,3,4,4,3,1,2,1,0,1,0,0,3.2857142857142856,3.857142857142857,0.7142857142857143,0.5714285714285716
CSE2612553,2026-08-02 18:32:00+00:00,High,1,3,3,2,4,3,3,5,5,5,5,5,5,4,4,2,2,3,1,2,1,2.7142857142857144,4.857142857142857,2.142857142857143,2.1428571428571423
CSE2612554,2026-08-02 18:33:00+00:00,Medium,4,2,2,3,5,4,3,4,4,3,4,4,4,5,0,2,1,1,0,0,2,3.2857142857142856,4.0,0.8571428571428571,0.7142857142857144
CSE2612555,2026-08-02 18:34:00+00:00,Medium,1,3,5,2,1,5,4,4,3,3,4,4,5,3,3,0,0,2,3,0,0,3.0,3.7142857142857144,1.1428571428571428,0.7142857142857144
CSE2612556,2026-08-02 18:35:00+00:00,Medium,3,3,2,3,4,4,4,4,5,4,3,5,4,3,1,2,2,0,1,0,0,3.2857142857142856,4.0,0.8571428571428571,0.7142857142857144
CSE2612557,2026-08-02 18:36:00+00:00,Medium,5,4,5,4,3,3,3,4,5,3,5,5,3,5,0,1,0,1,2,0,2,3.857142857142857,4.285714285714286,0.8571428571428571,0.4285714285714284
CSE2612558,2026-08-02 18:37:00+00:00,High,1,2,4,1,4,2,2,4,4,5,4,5,3,4,3,2,1,3,1,1,2,2.2857142857142856,4.142857142857143,1.8571428571428572,1.8571428571428577
CSE2612559,2026-08-02 18:38:00+00:00,Medium,1,3,4,4,3,4,2,4,4,4,5,4,4,4,3,1,0,1,1,0,2,3.0,4.142857142857143,1.1428571428571428,1.1428571428571432
CSE2612560,2026-08-02 18:39:00+00:00,Medium,4,2,2,4,3,4,5,5,3,4,5,4,4,4,1,1,2,1,1,0,0,3.4285714285714284,4.142857142857143,0.8571428571428571,0.7142857142857149
CSE2612561,2026-08-02 18:40:00+00:00,Medium,2,3,3,4,5,5,1,4,4,4,5,4,3,5,2,1,1,1,0,0,4,3.2857142857142856,4.142857142857143,1.2857142857142858,0.8571428571428577
CSE2612562,2026-08-02 18:41:00+00:00,Medium,4,3,3,4,1,3,1,4,4,5,4,3,5,4,0,1,2,0,2,2,3,2.7142857142857144,4.142857142857143,1.4285714285714286,1.4285714285714288
CSE2612563,2026-08-02 18:42:00+00:00,Low,4,3,4,2,4,4,5,5,4,5,4,4,4,4,1,1,1,2,0,0,0,3.7142857142857144,4.285714285714286,0.7142857142857143,0.5714285714285712
CSE2612564,2026-08-02 18:43:00+00:00,Medium,3,2,3,3,3,3,4,4,4,4,4,4,4,4,1,2,1,1,1,1,0,3.0,4.0,1.0,1.0
CSE2612565,2026-08-02 18:44:00+00:00,Medium,5,3,3,4,2,2,5,4,4,3,5,4,4,3,0,1,0,1,2,2,0,3.4285714285714284,3.857142857142857,0.8571428571428571,0.4285714285714288
CSE2612566,2026-08-02 18:45:00+00:00,Medium,2,4,3,3,2,2,3,3,4,5,5,5,4,3,1,0,2,2,3,2,0,2.7142857142857144,4.142857142857143,1.4285714285714286,1.4285714285714288
CSE2612567,2026-08-02 18:46:00+00:00,Low,5,3,3,4,3,3,3,4,3,3,4,4,4,3,0,0,0,0,1,1,0,3.4285714285714284,3.5714285714285716,0.2857142857142857,0.14285714285714324
CSE2612568,2026-08-02 18:47:00+00:00,Low,4,3,4,4,3,5,2,5,3,3,5,4,4,4,1,0,0,1,1,0,2,3.5714285714285716,4.0,0.7142857142857143,0.4285714285714284
CSE2612569,2026-08-02 18:48:00+00:00,Medium,4,3,3,4,3,3,5,4,5,4,3,4,5,4,0,2,1,0,1,2,0,3.5714285714285716,4.142857142857143,0.8571428571428571,0.5714285714285716
CSE2612570,2026-08-02 18:49:00+00:00,Low,3,4,4,4,3,4,3,4,4,4,5,3,4,5,1,0,0,1,0,0,2,3.5714285714285716,4.142857142857143,0.5714285714285714,0.5714285714285716
CSE2612571,2026-08-02 18:50:00+00:00,Medium,2,2,4,3,3,4,3,4,4,4,5,4,5,5,2,2,0,2,1,1,2,3.0,4.428571428571429,1.4285714285714286,1.4285714285714288
CSE2612572,2026-08-02 18:51:00+00:00,Medium,3,4,5,3,3,2,4,4,5,4,4,4,5,4,1,1,0,1,1,3,0,3.4285714285714284,4.285714285714286,1.0,0.8571428571428572
CSE2612573,2026-08-02 18:52:00+00:00,Medium,5,3,3,3,1,2,4,4,3,4,5,4,4,5,0,0,1,2,3,2,1,3.0,4.142857142857143,1.2857142857142858,1.1428571428571432
CSE2612574,2026-08-02 18:53:00+00:00,Medium,4,4,2,3,3,1,4,5,4,4,4,4,4,5,1,0,2,1,1,3,1,3.0,4.285714285714286,1.2857142857142858,1.2857142857142856
CSE2612575,2026-08-02 18:54:00+00:00,High,4,1,3,3,3,3,3,5,5,4,5,4,4,5,1,4,1,2,1,1,2,2.857142857142857,4.571428571428571,1.7142857142857142,1.714285714285714
CSE2612576,2026-08-02 18:55:00+00:00,Medium,4,2,3,4,3,4,3,4,3,4,4,5,5,4,0,1,1,0,2,1,1,3.2857142857142856,4.142857142857143,0.8571428571428571,0.8571428571428577
CSE2612577,2026-08-02 18:56:00+00:00,Medium,3,1,4,2,4,4,3,5,4,4,5,4,5,4,2,3,0,3,0,1,1,3.0,4.428571428571429,1.4285714285714286,1.4285714285714288
CSE2612578,2026-08-02 18:57:00+00:00,Medium,5,3,4,3,3,3,3,4,5,4,5,5,5,5,0,2,0,2,2,2,2,3.4285714285714284,4.714285714285714,1.4285714285714286,1.285714285714286
CSE2612579,2026-08-02 18:58:00+00:00,Low,2,3,4,5,4,5,4,4,5,5,3,4,3,3,2,2,1,0,0,0,0,3.857142857142857,3.857142857142857,0.7142857142857143,0.0
CSE2612580,2026-08-02 18:59:00+00:00,Medium,4,3,5,2,2,3,3,4,4,5,5,4,5,4,0,1,0,3,2,2,1,3.142857142857143,4.428571428571429,1.2857142857142858,1.285714285714286
CSE2612581,2026-08-02 19:00:00+00:00,High,4,2,1,2,1,5,1,4,3,4,4,3,4,5,0,1,3,2,2,0,4,2.2857142857142856,3.857142857142857,1.7142857142857142,1.5714285714285716
CSE2612582,2026-08-02 19:01:00+00:00,High,2,1,1,3,3,3,3,4,5,5,5,4,4,4,2,4,4,2,1,1,1,2.2857142857142856,4.428571428571429,2.142857142857143,2.1428571428571432
CSE2612583,2026-08-02 19:02:00+00:00,Medium,3,3,2,5,3,3,4,4,4,4,5,5,4,3,1,1,2,0,2,1,0,3.2857142857142856,4.142857142857143,1.0,0.8571428571428577
CSE2612584,2026-08-02 19:03:00+00:00,Medium,2,1,4,5,3,2,3,4,3,4,4,4,4,5,2,2,0,0,1,2,2,2.857142857142857,4.0,1.2857142857142858,1.1428571428571428
CSE2612585,2026-08-02 19:04:00+00:00,Medium,3,4,2,3,3,4,4,5,4,4,5,5,5,4,2,0,2,2,2,1,0,3.2857142857142856,4.571428571428571,1.2857142857142858,1.2857142857142856
CSE2612586,2026-08-02 19:05:00+00:00,High,4,4,3,2,2,3,2,5,4,5,4,5,4,5,1,0,2,2,3,1,3,2.857142857142857,4.571428571428571,1.7142857142857142,1.714285714285714
CSE2612587,2026-08-02 19:06:00+00:00,Medium,3,4,2,3,5,3,4,4,5,4,4,4,4,4,1,1,2,1,0,1,0,3.4285714285714284,4.142857142857143,0.8571428571428571,0.7142857142857149
CSE2612588,2026-08-02 19:07:00+00:00,Medium,3,1,3,3,2,3,4,5,3,4,3,4,4,4,2,2,1,0,2,1,0,2.7142857142857144,3.857142857142857,1.1428571428571428,1.1428571428571428
CSE2612589,2026-08-02 19:08:00+00:00,Medium,4,3,3,3,4,2,1,4,5,4,4,4,4,5,0,2,1,1,0,2,4,2.857142857142857,4.285714285714286,1.4285714285714286,1.4285714285714284
CSE2612590,2026-08-02 19:09:00+00:00,Low,3,4,4,5,3,3,2,4,4,3,4,5,3,4,1,0,0,0,2,0,2,3.4285714285714284,3.857142857142857,0.7142857142857143,0.4285714285714288
CSE2612591,2026-08-02 19:10:00+00:00,Medium,5,5,3,4,2,3,3,4,4,5,5,5,3,5,0,0,2,1,3,0,2,3.5714285714285716,4.428571428571429,1.1428571428571428,0.8571428571428572
CSE2612592,2026-08-02 19:11:00+00:00,Low,5,4,2,5,5,3,5,5,4,3,4,4,3,4,0,0,1,0,0,0,0,4.142857142857143,3.857142857142857,0.14285714285714285,-0.28571428571428603
CSE2612593,2026-08-02 19:12:00+00:00,Low,2,4,4,4,3,3,3,4,4,4,4,5,4,3,2,0,0,0,2,1,0,3.2857142857142856,4.0,0.7142857142857143,0.7142857142857144
CSE2612594,2026-08-02 19:13:00+00:00,Medium,3,4,3,2,4,5,4,5,5,4,4,4,3,4,2,1,1,2,0,0,0,3.5714285714285716,4.142857142857143,0.8571428571428571,0.5714285714285716
CSE2612595,2026-08-02 19:14:00+00:00,Medium,5,3,2,2,5,2,5,5,4,4,4,4,4,5,0,1,2,2,0,2,0,3.4285714285714284,4.285714285714286,1.0,0.8571428571428572
CSE2612596,2026-08-02 19:15:00+00:00,Medium,3,4,3,5,3,4,2,5,4,5,5,4,5,5,2,0,2,0,1,1,3,3.4285714285714284,4.714285714285714,1.2857142857142858,1.285714285714286
CSE2612597,2026-08-02 19:16:00+00:00,High,2,2,3,3,2,4,3,4,5,4,4,5,5,4,2,3,1,1,3,1,1,2.7142857142857144,4.428571428571429,1.7142857142857142,1.7142857142857144
CSE2612598,2026-08-02 19:17:00+00:00,Medium,3,3,4,3,3,4,2,3,3,5,5,5,4,4,0,0,1,2,2,0,2,3.142857142857143,4.142857142857143,1.0,1.0000000000000004
CSE2612599,2026-08-02 19:18:00+00:00,Medium,2,4,4,4,1,3,4,5,4,5,3,4,5,5,3,0,1,0,3,2,1,3.142857142857143,4.428571428571429,1.4285714285714286,1.285714285714286
CSE2612600,2026-08-02 19:19:00+00:00,Medium,3,4,4,3,3,5,2,4,5,4,3,5,5,5,1,1,0,0,2,0,3,3.4285714285714284,4.428571428571429,1.0,1.0000000000000004
CSE2612601,2026-08-02 19:20:00+00:00,Medium,2,4,2,5,2,3,2,3,5,4,4,4,3,5,1,1,2,0,2,0,3,2.857142857142857,4.0,1.2857142857142858,1.1428571428571428
CSE2612602,2026-08-02 19:21:00+00:00,Medium,3,5,3,3,2,4,3,5,4,4,5,3,4,4,2,0,1,2,1,0,1,3.2857142857142856,4.142857142857143,1.0,0.8571428571428577
CSE2612603,2026-08-02 19:22:00+00:00,Medium,4,1,5,4,3,3,2,4,3,5,3,4,5,4,0,2,0,0,1,2,2,3.142857142857143,4.0,1.0,0.8571428571428572
CSE2612604,2026-08-02 19:23:00+00:00,Low,3,4,2,3,2,3,4,3,5,4,4,3,3,4,0,1,2,1,1,0,0,3.0,3.7142857142857144,0.7142857142857143,0.7142857142857144
CSE2612605,2026-08-02 19:24:00+00:00,Medium,2,3,3,3,3,4,5,4,4,5,4,4,4,3,2,1,2,1,1,0,0,3.2857142857142856,4.0,1.0,0.7142857142857144
CSE2612606,2026-08-02 19:25:00+00:00,Medium,2,3,2,3,4,3,3,5,4,4,4,4,4,4,3,1,2,1,0,1,1,2.857142857142857,4.142857142857143,1.2857142857142858,1.285714285714286
CSE2612607,2026-08-02 19:26:00+00:00,Medium,4,3,3,3,4,4,3,3,5,4,3,4,5,5,0,2,1,0,0,1,2,3.4285714285714284,4.142857142857143,0.8571428571428571,0.7142857142857149
CSE2612608,2026-08-02 19:27:00+00:00,Medium,2,1,4,4,3,3,3,4,4,5,4,4,5,4,2,3,1,0,1,2,1,2.857142857142857,4.285714285714286,1.4285714285714286,1.4285714285714284
CSE2612609,2026-08-02 19:28:00+00:00,Medium,3,3,3,5,4,2,3,4,3,5,4,3,5,5,1,0,2,0,0,3,2,3.2857142857142856,4.142857142857143,1.1428571428571428,0.8571428571428577
CSE2612610,2026-08-02 19:29:00+00:00,Medium,4,1,4,3,4,1,3,3,4,3,4,5,4,4,0,3,0,1,1,3,1,2.857142857142857,3.857142857142857,1.2857142857142858,1.0
CSE2612611,2026-08-02 19:30:00+00:00,Medium,3,3,3,3,1,3,2,4,4,3,4,5,4,4,1,1,0,1,4,1,2,2.5714285714285716,4.0,1.4285714285714286,1.4285714285714284
CSE2612612,2026-08-02 19:31:00+00:00,Medium,3,4,3,1,3,3,1,3,4,4,4,4,5,4,0,0,1,3,1,2,3,2.5714285714285716,4.0,1.4285714285714286,1.4285714285714284
CSE2612613,2026-08-02 19:32:00+00:00,Medium,3,5,2,4,4,3,2,4,4,4,5,4,4,4,1,0,2,1,0,1,2,3.2857142857142856,4.142857142857143,1.0,0.8571428571428577
CSE2612614,2026-08-02 19:33:00+00:00,Medium,1,4,3,2,2,5,3,4,3,4,4,4,4,5,3,0,1,2,2,0,2,2.857142857142857,4.0,1.4285714285714286,1.1428571428571428
CSE2612615,2026-08-02 19:34:00+00:00,Medium,4,4,4,1,4,4,5,5,5,4,5,5,3,4,1,1,0,4,1,0,0,3.7142857142857144,4.428571428571429,1.0,0.7142857142857144
CSE2612616,2026-08-02 19:35:00+00:00,Medium,4,2,4,3,3,3,4,3,5,3,4,5,4,5,0,3,0,1,2,1,1,3.2857142857142856,4.142857142857143,1.1428571428571428,0.8571428571428577
CSE2612617,2026-08-02 19:36:00+00:00,Medium,3,4,4,3,4,3,4,5,4,5,5,3,4,4,2,0,1,2,0,1,0,3.5714285714285716,4.285714285714286,0.8571428571428571,0.714285714285714
CSE2612618,2026-08-02 19:37:00+00:00,Medium,2,4,4,3,4,5,4,4,5,4,5,5,4,4,2,1,0,2,1,0,0,3.7142857142857144,4.428571428571429,0.8571428571428571,0.7142857142857144
CSE2612619,2026-08-02 19:38:00+00:00,Low,4,2,4,2,3,4,5,4,3,3,4,5,4,4,0,1,0,2,2,0,0,3.4285714285714284,3.857142857142857,0.7142857142857143,0.4285714285714288
CSE2612620,2026-08-02 19:39:00+00:00,Medium,3,3,4,3,2,3,4,4,4,4,3,5,4,3,1,1,0,0,3,1,0,3.142857142857143,3.857142857142857,0.8571428571428571,0.7142857142857144
CSE2612621,2026-08-02 19:40:00+00:00,Medium,4,3,4,3,3,4,4,4,3,5,5,5,5,5,0,0,1,2,2,1,1,3.5714285714285716,4.571428571428571,1.0,0.9999999999999996
CSE2612622,2026-08-02 19:41:00+00:00,Medium,3,3,4,3,3,3,3,4,4,4,4,4,4,4,1,1,0,1,1,1,1,3.142857142857143,4.0,0.8571428571428571,0.8571428571428572
CSE2612623,2026-08-02 19:42:00+00:00,Medium,2,5,3,3,4,3,5,5,4,4,4,4,4,4,3,0,1,1,0,1,0,3.5714285714285716,4.142857142857143,0.8571428571428571,0.5714285714285716
CSE2612624,2026-08-02 19:43:00+00:00,Medium,4,4,5,3,4,1,3,5,4,5,3,4,5,4,1,0,0,0,0,4,1,3.4285714285714284,4.285714285714286,0.8571428571428571,0.8571428571428572
CSE2612625,2026-08-02 19:44:00+00:00,Medium,4,4,3,3,3,4,2,4,3,4,5,4,4,5,0,0,1,2,1,0,3,3.2857142857142856,4.142857142857143,1.0,0.8571428571428577
CSE2612626,2026-08-02 19:45:00+00:00,Medium,4,3,2,3,4,3,1,4,4,4,5,4,4,5,0,1,2,2,0,1,4,2.857142857142857,4.285714285714286,1.4285714285714286,1.4285714285714284
CSE2612627,2026-08-02 19:46:00+00:00,High,2,2,2,3,4,2,4,4,5,5,3,3,4,5,2,3,3,0,0,2,1,2.7142857142857144,4.142857142857143,1.5714285714285714,1.4285714285714288
CSE2612628,2026-08-02 19:47:00+00:00,Medium,3,1,5,5,3,5,3,4,4,5,4,3,3,5,1,3,0,0,0,0,2,3.5714285714285716,4.0,0.8571428571428571,0.4285714285714284
CSE2612629,2026-08-02 19:48:00+00:00,Low,4,4,3,3,3,5,5,3,4,4,4,3,3,4,0,0,1,1,0,0,0,3.857142857142857,3.5714285714285716,0.2857142857142857,-0.2857142857142856
CSE2612630,2026-08-02 19:49:00+00:00,Medium,4,2,3,4,5,3,4,5,5,4,4,5,4,5,1,3,1,0,0,1,1,3.5714285714285716,4.571428571428571,1.0,0.9999999999999996
CSE2612631,2026-08-02 19:50:00+00:00,Medium,3,4,3,4,3,3,2,3,4,4,4,4,5,5,0,0,1,0,1,2,3,3.142857142857143,4.142857142857143,1.0,1.0000000000000004
CSE2612632,2026-08-02 19:51:00+00:00,High,2,2,3,3,3,3,4,4,5,5,5,4,4,4,2,3,2,2,1,1,0,2.857142857142857,4.428571428571429,1.5714285714285714,1.5714285714285716
CSE2612633,2026-08-02 19:52:00+00:00,Medium,4,4,4,2,3,2,3,4,5,4,4,5,4,4,0,1,0,2,2,2,1,3.142857142857143,4.285714285714286,1.1428571428571428,1.1428571428571428
CSE2612634,2026-08-02 19:53:00+00:00,Medium,3,1,3,3,4,5,2,5,4,4,4,4,3,4,2,3,1,1,0,0,2,3.0,4.0,1.2857142857142858,1.0
CSE2612635,2026-08-02 19:54:00+00:00,Medium,2,5,2,4,4,3,3,5,4,5,4,5,4,4,3,0,3,0,1,1,1,3.2857142857142856,4.428571428571429,1.2857142857142858,1.1428571428571432
CSE2612636,2026-08-02 19:55:00+00:00,Medium,4,5,3,2,2,4,4,5,4,4,4,4,4,4,1,0,1,2,2,0,0,3.4285714285714284,4.142857142857143,0.8571428571428571,0.7142857142857149
CSE2612637,2026-08-02 19:56:00+00:00,Medium,4,3,2,3,4,3,4,5,5,4,5,5,4,4,1,2,2,2,1,1,0,3.2857142857142856,4.571428571428571,1.2857142857142858,1.2857142857142856
CSE2612638,2026-08-02 19:57:00+00:00,Low,4,4,2,4,3,3,3,4,3,3,4,5,4,4,0,0,1,0,2,1,1,3.2857142857142856,3.857142857142857,0.7142857142857143,0.5714285714285716
CSE2612639,2026-08-02 19:58:00+00:00,High,3,3,3,1,3,4,1,5,4,3,5,5,5,4,2,1,0,4,2,1,3,2.5714285714285716,4.428571428571429,1.8571428571428572,1.8571428571428572
CSE2612640,2026-08-02 19:59:00+00:00,Medium,3,4,4,5,3,3,5,5,4,5,4,5,4,4,2,0,1,0,2,1,0,3.857142857142857,4.428571428571429,0.8571428571428571,0.5714285714285716
CSE2612641,2026-08-02 20:00:00+00:00,High,2,2,2,3,2,2,4,4,5,5,5,4,4,3,2,3,3,2,2,2,0,2.4285714285714284,4.285714285714286,2.0,1.8571428571428572
CSE2612642,2026-08-02 20:01:00+00:00,Medium,2,3,3,4,3,3,3,4,3,5,4,5,4,5,2,0,2,0,2,1,2,3.0,4.285714285714286,1.2857142857142858,1.2857142857142856
CSE2612643,2026-08-02 20:02:00+00:00,Low,5,2,3,3,4,4,3,4,4,4,4,4,4,3,0,2,1,1,0,0,0,3.4285714285714284,3.857142857142857,0.5714285714285714,0.4285714285714288
CSE2612644,2026-08-02 20:03:00+00:00,Low,3,5,4,4,2,5,3,4,4,5,4,5,4,3,1,0,1,0,3,0,0,3.7142857142857144,4.142857142857143,0.7142857142857143,0.4285714285714288
CSE2612645,2026-08-02 20:04:00+00:00,Medium,3,4,1,3,3,3,2,3,5,5,4,4,4,4,0,1,4,1,1,1,2,2.7142857142857144,4.142857142857143,1.4285714285714286,1.4285714285714288
CSE2612646,2026-08-02 20:05:00+00:00,Medium,2,4,3,4,4,3,5,4,5,4,4,3,5,4,2,1,1,0,0,2,0,3.5714285714285716,4.142857142857143,0.8571428571428571,0.5714285714285716
CSE2612647,2026-08-02 20:06:00+00:00,Low,4,3,2,3,3,5,4,3,4,4,4,4,4,4,0,1,2,1,1,0,0,3.4285714285714284,3.857142857142857,0.7142857142857143,0.4285714285714288
CSE2612648,2026-08-02 20:07:00+00:00,Low,5,3,5,5,3,3,2,4,5,4,5,4,4,3,0,2,0,0,1,1,1,3.7142857142857144,4.142857142857143,0.7142857142857143,0.4285714285714288
CSE2612649,2026-08-02 20:08:00+00:00,Low,4,4,4,4,4,3,4,5,4,4,5,4,4,3,1,0,0,1,0,1,0,3.857142857142857,4.142857142857143,0.42857142857142855,0.28571428571428603
CSE2612650,2026-08-02 20:09:00+00:00,Medium,2,4,3,5,3,4,1,4,4,4,3,4,5,5,2,0,1,0,1,1,4,3.142857142857143,4.142857142857143,1.2857142857142858,1.0000000000000004
CSE2612651,2026-08-02 20:10:00+00:00,Medium,4,3,3,4,1,3,3,4,5,4,5,4,3,4,0,2,1,1,3,0,1,3.0,4.142857142857143,1.1428571428571428,1.1428571428571432
CSE2612652,2026-08-02 20:11:00+00:00,High,1,3,5,1,5,2,3,4,4,3,5,4,3,5,3,1,0,4,0,1,2,2.857142857142857,4.0,1.5714285714285714,1.1428571428571428
CSE2612653,2026-08-02 20:12:00+00:00,Medium,3,3,4,1,5,3,3,4,5,4,3,3,4,4,1,2,0,2,0,1,1,3.142857142857143,3.857142857142857,1.0,0.7142857142857144
CSE2612654,2026-08-02 20:13:00+00:00,High,4,2,2,3,1,1,2,5,4,5,5,4,4,4,1,2,3,2,3,3,2,2.142857142857143,4.428571428571429,2.2857142857142856,2.285714285714286
CSE2612655,2026-08-02 20:14:00+00:00,Low,2,5,4,3,5,4,5,4,4,4,4,4,4,5,2,0,0,1,0,0,0,4.0,4.142857142857143,0.42857142857142855,0.14285714285714324
CSE2612656,2026-08-02 20:15:00+00:00,Low,3,3,5,5,3,3,2,4,4,4,4,4,3,4,1,1,0,0,1,0,2,3.4285714285714284,3.857142857142857,0.7142857142857143,0.4285714285714288
CSE2612657,2026-08-02 20:16:00+00:00,Medium,3,2,3,3,2,3,3,5,3,4,5,3,4,4,2,1,1,2,1,1,1,2.7142857142857144,4.0,1.2857142857142858,1.2857142857142856
CSE2612658,2026-08-02 20:17:00+00:00,High,2,2,1,1,2,3,4,5,4,4,4,4,5,4,3,2,3,3,2,2,0,2.142857142857143,4.285714285714286,2.142857142857143,2.142857142857143
CSE2612659,2026-08-02 20:18:00+00:00,Medium,1,1,4,2,3,3,4,3,4,4,5,4,4,4,2,3,0,3,1,1,0,2.5714285714285716,4.0,1.4285714285714286,1.4285714285714284
CSE2612660,2026-08-02 20:19:00+00:00,Medium,2,4,3,4,2,4,3,4,4,4,4,4,5,4,2,0,1,0,2,1,1,3.142857142857143,4.142857142857143,1.0,1.0000000000000004
CSE2612661,2026-08-02 20:20:00+00:00,Low,4,3,4,3,3,4,3,4,4,4,4,4,4,5,0,1,0,1,1,0,2,3.4285714285714284,4.142857142857143,0.7142857142857143,0.7142857142857149
CSE2612662,2026-08-02 20:21:00+00:00,Medium,5,2,3,3,3,1,5,4,4,4,4,4,4,5,0,2,1,1,1,3,0,3.142857142857143,4.142857142857143,1.1428571428571428,1.0000000000000004
CSE2612663,2026-08-02 20:22:00+00:00,Medium,2,4,3,4,1,5,4,5,3,5,4,4,5,3,3,0,2,0,3,0,0,3.2857142857142856,4.142857142857143,1.1428571428571428,0.8571428571428577
CSE2612664,2026-08-02 20:23:00+00:00,Medium,3,2,4,4,3,4,3,4,5,4,4,3,5,4,1,3,0,0,0,1,1,3.2857142857142856,4.142857142857143,0.8571428571428571,0.8571428571428577
CSE2612665,2026-08-02 20:24:00+00:00,Medium,3,3,3,1,4,3,2,5,4,4,4,3,4,4,2,1,1,3,0,1,2,2.7142857142857144,4.0,1.4285714285714286,1.2857142857142856
CSE2612666,2026-08-02 20:25:00+00:00,Medium,3,4,4,4,3,2,4,5,4,3,4,4,4,5,2,0,0,0,1,2,1,3.4285714285714284,4.142857142857143,0.8571428571428571,0.7142857142857149
CSE2612667,2026-08-02 20:26:00+00:00,Medium,2,3,1,3,3,2,5,3,4,5,3,5,4,4,1,1,4,0,2,2,0,2.7142857142857144,4.0,1.4285714285714286,1.2857142857142856
CSE2612668,2026-08-02 20:27:00+00:00,Low,4,5,4,2,4,3,4,5,5,5,4,5,3,4,1,0,1,2,1,0,0,3.7142857142857144,4.428571428571429,0.7142857142857143,0.7142857142857144
CSE2612669,2026-08-02 20:28:00+00:00,Medium,4,1,4,1,4,3,3,4,3,4,4,4,4,4,0,2,0,3,0,1,1,2.857142857142857,3.857142857142857,1.0,1.0
CSE2612670,2026-08-02 20:29:00+00:00,Low,4,4,4,4,1,4,4,4,4,4,4,4,4,3,0,0,0,0,3,0,0,3.5714285714285716,3.857142857142857,0.42857142857142855,0.2857142857142856
CSE2612671,2026-08-02 20:30:00+00:00,Medium,3,4,3,4,3,4,2,5,4,3,4,4,4,5,2,0,0,0,1,0,3,3.2857142857142856,4.142857142857143,0.8571428571428571,0.8571428571428577
CSE2612672,2026-08-02 20:31:00+00:00,Medium,3,3,2,4,3,3,3,4,4,3,4,4,4,4,1,1,1,0,1,1,1,3.0,3.857142857142857,0.8571428571428571,0.8571428571428572
CSE2612673,2026-08-02 20:32:00+00:00,Medium,4,2,1,4,1,3,5,5,3,4,5,4,3,4,1,1,3,1,3,0,0,2.857142857142857,4.0,1.2857142857142858,1.1428571428571428
CSE2612674,2026-08-02 20:33:00+00:00,Medium,3,3,3,3,5,3,4,5,5,4,3,5,5,4,2,2,1,0,0,2,0,3.4285714285714284,4.428571428571429,1.0,1.0000000000000004
CSE2612675,2026-08-02 20:34:00+00:00,Medium,3,4,1,5,3,3,3,4,5,4,4,4,5,4,1,1,3,0,1,2,1,3.142857142857143,4.285714285714286,1.2857142857142858,1.1428571428571428
CSE2612676,2026-08-02 20:35:00+00:00,Low,4,4,5,3,3,4,3,5,4,3,4,3,5,4,1,0,0,1,0,1,1,3.7142857142857144,4.0,0.5714285714285714,0.2857142857142856
CSE2612677,2026-08-02 20:36:00+00:00,Medium,4,1,2,4,4,3,3,4,4,4,4,5,5,4,0,3,2,0,1,2,1,3.0,4.285714285714286,1.2857142857142858,1.2857142857142856
CSE2612678,2026-08-02 20:37:00+00:00,Medium,3,3,3,4,3,4,3,3,5,5,4,5,4,5,0,2,2,0,2,0,2,3.2857142857142856,4.428571428571429,1.1428571428571428,1.1428571428571432
CSE2612679,2026-08-02 20:38:00+00:00,Medium,3,3,4,3,3,5,5,5,5,4,4,4,4,3,2,2,0,1,1,0,0,3.7142857142857144,4.142857142857143,0.8571428571428571,0.4285714285714288
CSE2612680,2026-08-02 20:39:00+00:00,Medium,3,3,3,4,4,2,4,4,4,4,5,5,5,4,1,1,1,1,1,3,0,3.2857142857142856,4.428571428571429,1.1428571428571428,1.1428571428571432
CSE2612681,2026-08-02 20:40:00+00:00,Low,4,4,3,3,3,4,5,4,4,4,4,4,4,4,0,0,1,1,1,0,0,3.7142857142857144,4.0,0.42857142857142855,0.2857142857142856
CSE2612682,2026-08-02 20:41:00+00:00,High,4,1,3,3,4,3,2,4,5,4,4,5,5,4,0,4,1,1,1,2,2,2.857142857142857,4.428571428571429,1.5714285714285714,1.5714285714285716
CSE2612683,2026-08-02 20:42:00+00:00,Medium,4,3,4,1,4,3,4,5,3,5,3,5,4,5,1,0,1,2,1,1,1,3.2857142857142856,4.285714285714286,1.0,1.0
CSE2612684,2026-08-02 20:43:00+00:00,Medium,1,2,4,2,2,4,5,3,4,5,4,5,4,5,2,2,1,2,3,0,0,2.857142857142857,4.285714285714286,1.4285714285714286,1.4285714285714284
CSE2612685,2026-08-02 20:44:00+00:00,High,2,1,4,2,4,4,1,4,3,4,5,3,4,5,2,2,0,3,0,0,4,2.5714285714285716,4.0,1.5714285714285714,1.4285714285714284
CSE2612686,2026-08-02 20:45:00+00:00,Medium,4,4,4,2,3,2,3,3,4,4,5,5,5,5,0,0,0,3,2,3,2,3.142857142857143,4.428571428571429,1.4285714285714286,1.285714285714286
CSE2612687,2026-08-02 20:46:00+00:00,Medium,3,3,3,4,3,2,3,5,5,4,5,3,5,4,2,2,1,1,0,3,1,3.0,4.428571428571429,1.4285714285714286,1.4285714285714288
CSE2612688,2026-08-02 20:47:00+00:00,Medium,3,3,2,2,4,2,3,4,4,3,3,4,3,5,1,1,1,1,0,1,2,2.7142857142857144,3.7142857142857144,1.0,1.0
CSE2612689,2026-08-02 20:48:00+00:00,Medium,5,2,3,4,5,2,4,3,5,4,4,5,4,5,0,3,1,0,0,2,1,3.5714285714285716,4.285714285714286,1.0,0.714285714285714
CSE2612690,2026-08-02 20:49:00+00:00,Medium,5,3,1,3,4,3,3,3,4,4,4,5,4,5,0,1,3,1,1,1,2,3.142857142857143,4.142857142857143,1.2857142857142858,1.0000000000000004
CSE2612691,2026-08-02 20:50:00+00:00,Low,5,2,4,5,3,3,4,4,4,4,5,4,5,4,0,2,0,0,1,2,0,3.7142857142857144,4.285714285714286,0.7142857142857143,0.5714285714285712
CSE2612692,2026-08-02 20:51:00+00:00,Medium,1,3,5,3,2,3,3,5,3,3,5,3,3,4,4,0,0,2,1,0,1,2.857142857142857,3.7142857142857144,1.1428571428571428,0.8571428571428572
CSE2612693,2026-08-02 20:52:00+00:00,High,4,4,3,4,2,1,1,4,5,4,4,5,4,5,0,1,1,0,3,3,4,2.7142857142857144,4.428571428571429,1.7142857142857142,1.7142857142857144
CSE2612694,2026-08-02 20:53:00+00:00,High,3,3,1,4,3,1,5,4,5,4,5,4,5,4,1,2,3,1,1,4,0,2.857142857142857,4.428571428571429,1.7142857142857142,1.5714285714285716
CSE2612695,2026-08-02 20:54:00+00:00,Medium,5,4,5,2,2,3,4,5,4,5,4,4,4,5,0,0,0,2,2,1,1,3.5714285714285716,4.428571428571429,0.8571428571428571,0.8571428571428572
CSE2612696,2026-08-02 20:55:00+00:00,Medium,3,3,5,2,3,4,3,4,4,5,5,5,5,5,1,1,0,3,2,1,2,3.2857142857142856,4.714285714285714,1.4285714285714286,1.4285714285714288
CSE2612697,2026-08-02 20:56:00+00:00,High,3,5,2,1,2,2,3,4,5,4,4,5,5,4,1,0,2,3,3,3,1,2.5714285714285716,4.428571428571429,1.8571428571428572,1.8571428571428572
CSE2612698,2026-08-02 20:57:00+00:00,Medium,4,3,3,2,3,2,3,4,4,5,4,4,4,5,0,1,2,2,1,2,2,2.857142857142857,4.285714285714286,1.4285714285714286,1.4285714285714284
CSE2612699,2026-08-02 20:58:00+00:00,Low,3,4,4,5,4,5,5,4,4,4,4,5,5,4,1,0,0,0,1,0,0,4.285714285714286,4.285714285714286,0.2857142857142857,0.0
CSE2612700,2026-08-02 20:59:00+00:00,Low,4,4,3,5,2,3,4,4,4,4,4,4,4,4,0,0,1,0,2,1,0,3.5714285714285716,4.0,0.5714285714285714,0.4285714285714284
CSE2612701,2026-08-02 21:00:00+00:00,Medium,5,3,4,1,4,3,4,3,4,3,4,5,4,3,0,1,0,3,1,1,0,3.4285714285714284,3.7142857142857144,0.8571428571428571,0.28571428571428603
CSE2612702,2026-08-02 21:01:00+00:00,Medium,4,4,2,4,1,2,5,4,4,4,4,4,5,4,0,0,2,0,3,3,0,3.142857142857143,4.142857142857143,1.1428571428571428,1.0000000000000004
CSE2612703,2026-08-02 21:02:00+00:00,Low,3,3,4,2,4,3,3,3,4,4,4,4,4,3,0,1,0,2,0,1,0,3.142857142857143,3.7142857142857144,0.5714285714285714,0.5714285714285716
CSE2612704,2026-08-02 21:03:00+00:00,Medium,3,2,2,5,2,5,3,3,3,4,4,4,5,5,0,1,2,0,2,0,2,3.142857142857143,4.0,1.0,0.8571428571428572
CSE2612705,2026-08-02 21:04:00+00:00,High,3,5,1,4,1,3,1,5,4,4,4,4,4,4,2,0,3,0,3,1,3,2.5714285714285716,4.142857142857143,1.7142857142857142,1.5714285714285716
CSE2612706,2026-08-02 21:05:00+00:00,High,2,4,4,2,2,1,3,5,5,4,5,5,3,4,3,1,0,3,3,2,1,2.5714285714285716,4.428571428571429,1.8571428571428572,1.8571428571428572
CSE2612707,2026-08-02 21:06:00+00:00,Low,5,5,3,3,5,1,4,4,3,4,4,4,4,3,0,0,1,1,0,3,0,3.7142857142857144,3.7142857142857144,0.7142857142857143,0.0
CSE2612708,2026-08-02 21:07:00+00:00,Medium,2,3,5,2,4,3,2,3,4,4,4,4,5,5,1,1,0,2,0,2,3,3.0,4.142857142857143,1.2857142857142858,1.1428571428571432
CSE2612709,2026-08-02 21:08:00+00:00,Low,5,4,4,2,4,5,4,4,4,5,4,4,4,5,0,0,1,2,0,0,1,4.0,4.285714285714286,0.5714285714285714,0.2857142857142856
CSE2612710,2026-08-02 21:09:00+00:00,Low,3,4,4,5,5,4,4,4,4,4,5,5,4,4,1,0,0,0,0,0,0,4.142857142857143,4.285714285714286,0.14285714285714285,0.14285714285714235
CSE2612711,2026-08-02 21:10:00+00:00,Medium,4,4,4,4,3,3,1,5,4,4,5,4,4,4,1,0,0,1,1,1,3,3.2857142857142856,4.285714285714286,1.0,1.0
CSE2612712,2026-08-02 21:11:00+00:00,Medium,5,1,3,4,3,4,5,5,4,5,4,4,5,4,0,3,2,0,1,1,0,3.5714285714285716,4.428571428571429,1.0,0.8571428571428572
CSE2612713,2026-08-02 21:12:00+00:00,Medium,2,3,3,5,2,4,4,5,5,4,5,3,5,4,3,2,1,0,1,1,0,3.2857142857142856,4.428571428571429,1.1428571428571428,1.1428571428571432
CSE2612714,2026-08-02 21:13:00+00:00,Low,3,5,2,3,3,5,4,4,3,4,4,4,4,3,1,0,2,1,1,0,0,3.5714285714285716,3.7142857142857144,0.7142857142857143,0.1428571428571428
CSE2612715,2026-08-02 21:14:00+00:00,Medium,4,2,3,3,3,3,4,5,4,4,4,4,3,4,1,2,1,1,1,0,0,3.142857142857143,4.0,0.8571428571428571,0.8571428571428572
CSE2612716,2026-08-02 21:15:00+00:00,Medium,2,3,3,3,5,2,3,3,4,4,3,4,3,5,1,1,1,0,0,1,2,3.0,3.7142857142857144,0.8571428571428571,0.7142857142857144
CSE2612717,2026-08-02 21:16:00+00:00,Medium,5,3,3,2,3,1,3,4,3,4,5,4,4,5,0,0,1,3,1,3,2,2.857142857142857,4.142857142857143,1.4285714285714286,1.285714285714286
CSE2612718,2026-08-02 21:17:00+00:00,Low,4,4,5,2,3,3,4,5,4,4,3,4,4,4,1,0,0,1,1,1,0,3.5714285714285716,4.0,0.5714285714285714,0.4285714285714284
CSE2612719,2026-08-02 21:18:00+00:00,High,2,2,2,5,1,4,1,5,5,4,4,5,5,4,3,3,2,0,4,1,3,2.4285714285714284,4.571428571428571,2.2857142857142856,2.142857142857143
CSE2612720,2026-08-02 21:19:00+00:00,Medium,3,3,4,4,3,3,2,5,4,4,5,3,4,4,2,1,0,1,0,1,2,3.142857142857143,4.142857142857143,1.0,1.0000000000000004
CSE2612721,2026-08-02 21:20:00+00:00,Medium,5,4,4,1,4,3,3,4,4,5,4,4,4,4,0,0,1,3,0,1,1,3.4285714285714284,4.142857142857143,0.8571428571428571,0.7142857142857149
CSE2612722,2026-08-02 21:21:00+00:00,Medium,4,1,3,2,4,3,4,4,3,4,4,4,4,5,0,2,1,2,0,1,1,3.0,4.0,1.0,1.0
CSE2612723,2026-08-02 21:22:00+00:00,Medium,5,3,3,1,4,4,5,5,5,4,4,5,4,5,0,2,1,3,1,0,0,3.5714285714285716,4.571428571428571,1.0,0.9999999999999996
CSE2612724,2026-08-02 21:23:00+00:00,Low,4,3,3,3,4,4,4,4,4,3,4,4,5,4,0,1,0,1,0,1,0,3.5714285714285716,4.0,0.42857142857142855,0.4285714285714284
CSE2612725,2026-08-02 21:24:00+00:00,Medium,3,2,2,3,5,5,3,5,3,4,5,3,4,5,2,1,2,2,0,0,2,3.2857142857142856,4.142857142857143,1.2857142857142858,0.8571428571428577
CSE2612726,2026-08-02 21:25:00+00:00,Medium,4,3,4,4,2,5,2,5,4,4,5,4,5,3,1,1,0,1,2,0,1,3.4285714285714284,4.285714285714286,0.8571428571428571,0.8571428571428572
CSE2612727,2026-08-02 21:26:00+00:00,Medium,3,2,3,2,4,4,4,5,5,4,4,4,4,3,2,3,1,2,0,0,0,3.142857142857143,4.142857142857143,1.1428571428571428,1.0000000000000004
CSE2612728,2026-08-02 21:27:00+00:00,High,1,2,3,3,3,3,5,4,5,4,4,4,5,4,3,3,1,1,1,2,0,2.857142857142857,4.285714285714286,1.5714285714285714,1.4285714285714284
CSE2612729,2026-08-02 21:28:00+00:00,Medium,2,4,2,2,4,3,5,3,4,4,4,3,4,5,1,0,2,2,0,1,0,3.142857142857143,3.857142857142857,0.8571428571428571,0.7142857142857144
CSE2612730,2026-08-02 21:29:00+00:00,Medium,4,4,2,3,3,2,3,5,4,5,5,4,4,4,1,0,3,2,1,2,1,3.0,4.428571428571429,1.4285714285714286,1.4285714285714288
CSE2612731,2026-08-02 21:30:00+00:00,High,5,4,4,2,2,3,1,4,5,4,5,4,5,5,0,1,0,3,2,2,4,3.0,4.571428571428571,1.7142857142857142,1.5714285714285712
CSE2612732,2026-08-02 21:31:00+00:00,Low,4,3,3,5,3,3,4,4,4,4,4,4,4,4,0,1,1,0,1,1,0,3.5714285714285716,4.0,0.5714285714285714,0.4285714285714284
CSE2612733,2026-08-02 21:32:00+00:00,Medium,3,2,4,2,4,4,2,5,5,5,4,4,4,4,2,3,1,2,0,0,2,3.0,4.428571428571429,1.4285714285714286,1.4285714285714288
CSE2612734,2026-08-02 21:33:00+00:00,Medium,2,3,2,4,4,1,3,4,4,4,3,4,3,4,2,1,2,0,0,2,1,2.7142857142857144,3.7142857142857144,1.1428571428571428,1.0
CSE2612735,2026-08-02 21:34:00+00:00,High,1,2,3,3,1,2,2,5,4,4,3,4,4,4,4,2,1,0,3,2,2,2.0,4.0,2.0,2.0
CSE2612736,2026-08-02 21:35:00+00:00,Medium,3,3,4,3,3,5,4,5,5,4,4,4,4,5,2,2,0,1,1,0,1,3.5714285714285716,4.428571428571429,1.0,0.8571428571428572
CSE2612737,2026-08-02 21:36:00+00:00,High,3,2,3,2,1,3,1,4,4,3,4,4,4,5,1,2,0,2,3,1,4,2.142857142857143,4.0,1.8571428571428572,1.8571428571428572
CSE2612738,2026-08-02 21:37:00+00:00,Medium,3,2,3,3,4,1,3,4,4,4,5,4,3,4,1,2,1,2,0,2,1,2.7142857142857144,4.0,1.2857142857142858,1.2857142857142856
CSE2612739,2026-08-02 21:38:00+00:00,Medium,4,3,3,2,5,4,4,5,4,5,5,5,4,4,1,1,2,3,0,0,0,3.5714285714285716,4.571428571428571,1.0,0.9999999999999996
CSE2612740,2026-08-02 21:39:00+00:00,High,4,2,2,4,2,2,2,4,3,5,5,4,4,4,0,1,3,1,2,2,2,2.5714285714285716,4.142857142857143,1.5714285714285714,1.5714285714285716
CSE2612741,2026-08-02 21:40:00+00:00,Medium,4,4,2,2,4,5,1,5,3,3,4,5,4,5,1,0,1,2,1,0,4,3.142857142857143,4.142857142857143,1.2857142857142858,1.0000000000000004
CSE2612742,2026-08-02 21:41:00+00:00,Medium,5,4,2,4,4,4,4,4,5,5,5,4,5,4,0,1,3,1,0,1,0,3.857142857142857,4.571428571428571,0.8571428571428571,0.714285714285714
CSE2612743,2026-08-02 21:42:00+00:00,Low,4,5,4,2,4,3,4,5,5,4,3,5,5,4,1,0,0,1,1,2,0,3.7142857142857144,4.428571428571429,0.7142857142857143,0.7142857142857144
CSE2612744,2026-08-02 21:43:00+00:00,Medium,5,1,5,3,4,3,4,5,4,5,4,5,4,5,0,3,0,1,1,1,1,3.5714285714285716,4.571428571428571,1.0,0.9999999999999996
CSE2612745,2026-08-02 21:44:00+00:00,Medium,4,2,4,4,2,2,3,5,4,5,4,4,4,5,1,2,1,0,2,2,2,3.0,4.428571428571429,1.4285714285714286,1.4285714285714288
CSE2612746,2026-08-02 21:45:00+00:00,Medium,3,2,4,3,4,4,3,4,5,3,4,4,4,4,1,3,0,1,0,0,1,3.2857142857142856,4.0,0.8571428571428571,0.7142857142857144
CSE2612747,2026-08-02 21:46:00+00:00,Medium,3,4,4,2,3,1,5,4,4,3,5,3,3,5,1,0,0,3,0,2,0,3.142857142857143,3.857142857142857,0.8571428571428571,0.7142857142857144
CSE2612748,2026-08-02 21:47:00+00:00,Medium,3,3,3,4,5,2,4,5,4,4,5,5,4,5,2,1,1,1,0,2,1,3.4285714285714284,4.571428571428571,1.1428571428571428,1.1428571428571428
CSE2612749,2026-08-02 21:48:00+00:00,Medium,4,3,2,3,4,2,2,4,4,5,4,4,3,4,0,1,3,1,0,1,2,2.857142857142857,4.0,1.1428571428571428,1.1428571428571428
CSE2612750,2026-08-02 21:49:00+00:00,Medium,4,2,5,4,3,5,4,5,4,4,5,5,3,4,1,2,0,1,2,0,0,3.857142857142857,4.285714285714286,0.8571428571428571,0.4285714285714284
CSE2612751,2026-08-02 21:50:00+00:00,Low,4,4,3,3,4,4,3,4,3,3,4,5,3,4,0,0,0,1,1,0,1,3.5714285714285716,3.7142857142857144,0.42857142857142855,0.1428571428571428
CSE2612752,2026-08-02 21:51:00+00:00,Low,4,4,4,4,4,4,2,4,4,4,5,4,4,4,0,0,0,1,0,0,2,3.7142857142857144,4.142857142857143,0.42857142857142855,0.4285714285714288
CSE2612753,2026-08-02 21:52:00+00:00,High,1,3,3,2,4,4,3,5,5,4,3,5,3,5,4,2,1,1,1,0,2,2.857142857142857,4.285714285714286,1.5714285714285714,1.4285714285714284
CSE2612754,2026-08-02 21:53:00+00:00,Low,2,3,4,4,3,4,3,3,5,4,4,4,4,4,1,2,0,0,1,0,1,3.2857142857142856,4.0,0.7142857142857143,0.7142857142857144
CSE2612755,2026-08-02 21:54:00+00:00,High,3,1,4,4,3,1,1,5,4,4,4,5,3,5,2,3,0,0,2,2,4,2.4285714285714284,4.285714285714286,1.8571428571428572,1.8571428571428572
CSE2612756,2026-08-02 21:55:00+00:00,Medium,4,4,2,4,4,4,4,3,5,4,5,4,5,5,0,1,2,1,0,1,1,3.7142857142857144,4.428571428571429,0.8571428571428571,0.7142857142857144
CSE2612757,2026-08-02 21:56:00+00:00,Medium,1,1,4,3,3,3,4,5,4,4,4,3,4,3,4,3,0,1,0,1,0,2.7142857142857144,3.857142857142857,1.2857142857142858,1.1428571428571428
CSE2612758,2026-08-02 21:57:00+00:00,Medium,3,2,5,2,4,2,2,4,4,3,4,4,4,4,1,2,0,2,0,2,2,2.857142857142857,3.857142857142857,1.2857142857142858,1.0
CSE2612759,2026-08-02 21:58:00+00:00,Medium,4,1,3,1,4,3,3,5,4,4,4,3,3,4,1,3,1,3,0,0,1,2.7142857142857144,3.857142857142857,1.2857142857142858,1.1428571428571428
CSE2612760,2026-08-02 21:59:00+00:00,Medium,2,1,2,3,4,5,3,4,4,3,4,4,3,3,2,3,1,1,0,0,0,2.857142857142857,3.5714285714285716,1.0,0.7142857142857144
CSE2612761,2026-08-02 22:00:00+00:00,Medium,3,5,3,3,2,1,4,4,4,4,5,4,3,4,1,0,1,2,2,2,0,3.0,4.0,1.1428571428571428,1.0
CSE2612762,2026-08-02 22:01:00+00:00,Medium,2,4,3,2,3,4,3,3,4,5,3,4,5,5,1,0,2,1,1,1,2,3.0,4.142857142857143,1.1428571428571428,1.1428571428571432
CSE2612763,2026-08-02 22:02:00+00:00,Medium,1,2,4,4,3,3,3,4,5,4,5,5,3,4,3,3,0,1,2,0,1,2.857142857142857,4.285714285714286,1.4285714285714286,1.4285714285714284
CSE2612764,2026-08-02 22:03:00+00:00,Medium,5,4,3,2,4,5,3,3,5,5,5,5,4,4,0,1,2,3,1,0,1,3.7142857142857144,4.428571428571429,1.1428571428571428,0.7142857142857144
CSE2612765,2026-08-02 22:04:00+00:00,Medium,4,4,2,4,4,2,2,4,4,4,4,5,4,3,0,0,2,0,1,2,1,3.142857142857143,4.0,0.8571428571428571,0.8571428571428572
CSE2612766,2026-08-02 22:05:00+00:00,Medium,4,4,3,2,3,3,1,4,4,4,4,4,5,4,0,0,1,2,1,2,3,2.857142857142857,4.142857142857143,1.2857142857142858,1.285714285714286
CSE2612767,2026-08-02 22:06:00+00:00,Medium,3,3,3,5,3,1,4,4,4,4,4,4,4,5,1,1,1,0,1,3,1,3.142857142857143,4.142857142857143,1.1428571428571428,1.0000000000000004
CSE2612768,2026-08-02 22:07:00+00:00,Low,5,5,2,4,3,4,2,4,4,4,4,4,4,3,0,0,2,0,1,0,1,3.5714285714285716,3.857142857142857,0.5714285714285714,0.2857142857142856
CSE2612769,2026-08-02 22:08:00+00:00,Low,3,4,5,3,4,3,2,4,4,4,4,4,3,4,1,0,0,1,0,0,2,3.4285714285714284,3.857142857142857,0.5714285714285714,0.4285714285714288
CSE2612770,2026-08-02 22:09:00+00:00,Medium,2,3,3,4,3,3,1,3,4,5,5,4,5,3,1,1,2,1,1,2,2,2.7142857142857144,4.142857142857143,1.4285714285714286,1.4285714285714288
CSE2612771,2026-08-02 22:10:00+00:00,Medium,2,4,3,3,3,2,2,4,4,4,5,4,4,4,2,0,1,2,1,2,2,2.7142857142857144,4.142857142857143,1.4285714285714286,1.4285714285714288
CSE2612772,2026-08-02 22:11:00+00:00,Low,3,3,3,5,3,4,2,4,4,5,5,3,4,3,1,1,2,0,0,0,1,3.2857142857142856,4.0,0.7142857142857143,0.7142857142857144
CSE2612773,2026-08-02 22:12:00+00:00,Medium,1,5,2,4,3,4,3,4,3,5,4,5,3,4,3,0,3,0,2,0,1,3.142857142857143,4.0,1.2857142857142858,0.8571428571428572
CSE2612774,2026-08-02 22:13:00+00:00,Medium,2,2,3,3,3,5,4,4,4,5,4,3,5,5,2,2,2,1,0,0,1,3.142857142857143,4.285714285714286,1.1428571428571428,1.1428571428571428
CSE2612775,2026-08-02 22:14:00+00:00,Medium,4,3,3,2,4,2,5,4,4,5,4,4,3,5,0,1,2,2,0,1,0,3.2857142857142856,4.142857142857143,0.8571428571428571,0.8571428571428577
CSE2612776,2026-08-02 22:15:00+00:00,High,4,1,2,1,2,3,4,4,4,4,5,5,4,3,0,3,2,4,3,1,0,2.4285714285714284,4.142857142857143,1.8571428571428572,1.7142857142857149
CSE2612777,2026-08-02 22:16:00+00:00,Low,4,3,2,4,4,3,5,4,3,3,4,5,5,5,0,0,1,0,1,2,0,3.5714285714285716,4.142857142857143,0.5714285714285714,0.5714285714285716
CSE2612778,2026-08-02 22:17:00+00:00,Low,4,3,4,4,4,2,5,4,4,5,5,3,4,5,0,1,1,1,0,2,0,3.7142857142857144,4.285714285714286,0.7142857142857143,0.5714285714285712
CSE2612779,2026-08-02 22:18:00+00:00,Low,2,4,4,4,4,4,3,4,4,4,4,3,4,4,2,0,0,0,0,0,1,3.5714285714285716,3.857142857142857,0.42857142857142855,0.2857142857142856
CSE2612780,2026-08-02 22:19:00+00:00,Medium,3,2,3,5,3,3,2,4,4,4,4,5,4,4,1,2,1,0,2,1,2,3.0,4.142857142857143,1.2857142857142858,1.1428571428571432
CSE2612781,2026-08-02 22:20:00+00:00,Medium,2,2,4,3,4,5,3,3,5,4,5,5,5,4,1,3,0,2,1,0,1,3.2857142857142856,4.428571428571429,1.1428571428571428,1.1428571428571432
CSE2612782,2026-08-02 22:21:00+00:00,Medium,3,3,4,3,3,4,4,5,5,4,5,5,4,5,2,2,0,2,2,0,1,3.4285714285714284,4.714285714285714,1.2857142857142858,1.285714285714286
CSE2612783,2026-08-02 22:22:00+00:00,High,2,3,2,3,5,4,4,5,5,5,4,4,5,5,3,2,3,1,0,1,1,3.2857142857142856,4.714285714285714,1.5714285714285714,1.4285714285714288
CSE2612784,2026-08-02 22:23:00+00:00,Medium,4,1,3,3,4,3,3,5,4,3,5,4,4,4,1,3,0,2,0,1,1,3.0,4.142857142857143,1.1428571428571428,1.1428571428571432
CSE2612785,2026-08-02 22:24:00+00:00,Medium,1,5,4,3,2,4,4,4,5,3,5,3,4,4,3,0,0,2,1,0,0,3.2857142857142856,4.0,0.8571428571428571,0.7142857142857144
CSE2612786,2026-08-02 22:25:00+00:00,Medium,2,2,4,2,2,4,4,4,4,4,4,5,3,4,2,2,0,2,3,0,0,2.857142857142857,4.0,1.2857142857142858,1.1428571428571428
CSE2612787,2026-08-02 22:26:00+00:00,High,4,3,2,2,3,2,4,5,5,4,5,4,4,5,1,2,2,3,1,2,1,2.857142857142857,4.571428571428571,1.7142857142857142,1.714285714285714
CSE2612788,2026-08-02 22:27:00+00:00,Low,5,3,5,3,4,4,3,4,4,4,4,5,4,4,0,1,0,1,1,0,1,3.857142857142857,4.142857142857143,0.5714285714285714,0.28571428571428603
CSE2612789,2026-08-02 22:28:00+00:00,Medium,5,4,2,2,2,2,4,4,5,4,4,4,4,4,0,1,2,2,2,2,0,3.0,4.142857142857143,1.2857142857142858,1.1428571428571432
CSE2612790,2026-08-02 22:29:00+00:00,Medium,4,2,3,3,4,2,3,3,3,5,4,4,3,4,0,1,2,1,0,1,1,3.0,3.7142857142857144,0.8571428571428571,0.7142857142857144
CSE2612791,2026-08-02 22:30:00+00:00,Medium,3,3,5,3,5,2,4,4,5,3,5,4,4,5,1,2,0,2,0,2,1,3.5714285714285716,4.285714285714286,1.1428571428571428,0.714285714285714
CSE2612792,2026-08-02 22:31:00+00:00,Medium,2,3,1,4,3,4,3,4,5,4,4,4,5,3,2,2,3,0,1,1,0,2.857142857142857,4.142857142857143,1.2857142857142858,1.285714285714286
CSE2612793,2026-08-02 22:32:00+00:00,High,2,2,2,2,4,1,3,5,4,3,4,4,5,5,3,2,1,2,0,4,2,2.2857142857142856,4.285714285714286,2.0,2.0
CSE2612794,2026-08-02 22:33:00+00:00,Medium,1,3,4,3,1,2,3,3,4,4,4,4,3,3,2,1,0,1,3,1,0,2.4285714285714284,3.5714285714285716,1.1428571428571428,1.1428571428571432
CSE2612795,2026-08-02 22:34:00+00:00,Medium,2,4,4,2,2,3,5,5,4,4,5,3,4,4,3,0,0,3,1,1,0,3.142857142857143,4.142857142857143,1.1428571428571428,1.0000000000000004
CSE2612796,2026-08-02 22:35:00+00:00,Low,4,4,4,4,5,5,4,5,3,5,5,4,4,4,1,0,1,1,0,0,0,4.285714285714286,4.285714285714286,0.42857142857142855,0.0
CSE2612797,2026-08-02 22:36:00+00:00,High,2,2,4,4,1,2,3,4,5,4,5,4,5,5,2,3,0,1,3,3,2,2.5714285714285716,4.571428571428571,2.0,1.9999999999999996
CSE2612798,2026-08-02 22:37:00+00:00,Medium,3,1,5,5,2,4,3,5,5,4,4,4,4,4,2,4,0,0,2,0,1,3.2857142857142856,4.285714285714286,1.2857142857142858,1.0
CSE2612799,2026-08-02 22:38:00+00:00,Low,5,4,4,4,5,4,1,4,5,4,5,4,5,3,0,1,0,1,0,1,2,3.857142857142857,4.285714285714286,0.7142857142857143,0.4285714285714284
CSE2612800,2026-08-02 22:39:00+00:00,High,2,2,3,2,4,2,2,4,4,3,5,4,4,5,2,2,0,3,0,2,3,2.4285714285714284,4.142857142857143,1.7142857142857142,1.7142857142857149
CSE2612801,2026-08-02 22:40:00+00:00,Medium,1,1,3,3,4,4,4,5,4,4,4,4,5,4,4,3,1,1,0,1,0,2.857142857142857,4.285714285714286,1.4285714285714286,1.4285714285714284
CSE2612802,2026-08-02 22:41:00+00:00,Medium,3,3,4,1,4,2,4,4,4,4,5,5,3,5,1,1,0,4,1,1,1,3.0,4.285714285714286,1.2857142857142858,1.2857142857142856
CSE2612803,2026-08-02 22:42:00+00:00,Medium,2,2,3,3,5,3,3,5,5,4,4,3,4,4,3,3,1,1,0,1,1,3.0,4.142857142857143,1.4285714285714286,1.1428571428571432
CSE2612804,2026-08-02 22:43:00+00:00,Low,4,4,3,2,4,3,4,4,4,5,4,5,3,4,0,0,2,2,1,0,0,3.4285714285714284,4.142857142857143,0.7142857142857143,0.7142857142857149
CSE2612805,2026-08-02 22:44:00+00:00,High,2,1,3,5,3,1,4,4,4,5,5,5,5,5,2,3,2,0,2,4,1,2.7142857142857144,4.714285714285714,2.0,2.0
CSE2612806,2026-08-02 22:45:00+00:00,Low,4,4,2,4,4,3,3,4,4,4,5,4,3,4,0,0,2,1,0,0,1,3.4285714285714284,4.0,0.5714285714285714,0.5714285714285716
CSE2612807,2026-08-02 22:46:00+00:00,Low,5,5,5,4,3,3,3,4,5,3,4,4,3,5,0,0,0,0,1,0,2,4.0,4.0,0.42857142857142855,0.0
CSE2612808,2026-08-02 22:47:00+00:00,High,4,1,2,1,3,3,4,5,5,4,5,4,5,5,1,4,2,4,1,2,1,2.5714285714285716,4.714285714285714,2.142857142857143,2.142857142857143
CSE2612809,2026-08-02 22:48:00+00:00,Medium,5,3,1,2,3,3,3,5,4,4,5,4,4,4,0,1,3,3,1,1,1,2.857142857142857,4.285714285714286,1.4285714285714286,1.4285714285714284
CSE2612810,2026-08-02 22:49:00+00:00,Medium,4,4,1,5,3,4,2,5,4,5,4,4,4,4,1,0,4,0,1,0,2,3.2857142857142856,4.285714285714286,1.1428571428571428,1.0
CSE2612811,2026-08-02 22:50:00+00:00,Low,4,5,5,3,2,3,3,4,3,5,4,3,4,3,0,0,0,1,1,1,0,3.5714285714285716,3.7142857142857144,0.42857142857142855,0.1428571428571428
CSE2612812,2026-08-02 22:51:00+00:00,Medium,2,3,3,4,2,4,5,4,4,5,4,4,4,4,2,1,2,0,2,0,0,3.2857142857142856,4.142857142857143,1.0,0.8571428571428577
CSE2612813,2026-08-02 22:52:00+00:00,Low,4,3,2,5,4,3,4,4,4,4,5,5,3,5,0,1,2,0,1,0,1,3.5714285714285716,4.285714285714286,0.7142857142857143,0.714285714285714
CSE2612814,2026-08-02 22:53:00+00:00,Medium,5,3,3,4,4,1,5,4,4,4,3,4,5,4,0,1,1,0,0,4,0,3.5714285714285716,4.0,0.8571428571428571,0.4285714285714284
CSE2612815,2026-08-02 22:54:00+00:00,Medium,4,3,5,4,2,2,4,5,4,3,4,5,4,4,1,1,0,0,3,2,0,3.4285714285714284,4.142857142857143,1.0,0.7142857142857149
CSE2612816,2026-08-02 22:55:00+00:00,Low,5,3,2,5,5,5,5,5,4,3,5,3,4,4,0,1,1,0,0,0,0,4.285714285714286,4.0,0.2857142857142857,-0.2857142857142856
CSE2612817,2026-08-02 22:56:00+00:00,Medium,3,5,3,4,5,4,3,4,5,5,5,5,4,5,1,0,2,1,0,0,2,3.857142857142857,4.714285714285714,0.8571428571428571,0.8571428571428572
CSE2612818,2026-08-02 22:57:00+00:00,Low,3,4,5,4,3,4,4,5,4,5,4,4,4,5,2,0,0,0,1,0,1,3.857142857142857,4.428571428571429,0.5714285714285714,0.5714285714285716
CSE2612819,2026-08-02 22:58:00+00:00,High,3,4,2,1,4,2,2,5,4,4,5,4,3,4,2,0,2,4,0,1,2,2.5714285714285716,4.142857142857143,1.5714285714285714,1.5714285714285716
CSE2612820,2026-08-02 22:59:00+00:00,Medium,4,1,3,3,4,3,2,4,4,4,3,4,4,4,0,3,1,0,0,1,2,2.857142857142857,3.857142857142857,1.0,1.0
CSE2612821,2026-08-02 23:00:00+00:00,High,4,1,2,3,5,1,2,3,4,4,5,4,3,4,0,3,2,2,0,2,2,2.5714285714285716,3.857142857142857,1.5714285714285714,1.2857142857142856
CSE2612822,2026-08-02 23:01:00+00:00,Medium,2,4,2,5,2,4,3,4,4,4,3,5,5,5,2,0,2,0,3,1,2,3.142857142857143,4.285714285714286,1.4285714285714286,1.1428571428571428
CSE2612823,2026-08-02 23:02:00+00:00,Medium,4,3,3,3,3,3,4,5,4,5,4,3,3,5,1,1,2,1,0,0,1,3.2857142857142856,4.142857142857143,0.8571428571428571,0.8571428571428577
CSE2612824,2026-08-02 23:03:00+00:00,Medium,2,3,3,4,3,4,3,4,5,5,5,4,4,4,2,2,2,1,1,0,1,3.142857142857143,4.428571428571429,1.2857142857142858,1.285714285714286
CSE2612825,2026-08-02 23:04:00+00:00,Medium,3,4,4,2,4,1,3,5,3,4,4,5,4,3,2,0,0,2,1,3,0,3.0,4.0,1.1428571428571428,1.0
CSE2612826,2026-08-02 23:05:00+00:00,Low,4,5,4,3,5,3,5,4,4,5,4,5,3,5,0,0,1,1,0,0,0,4.142857142857143,4.285714285714286,0.2857142857142857,0.14285714285714235
CSE2612827,2026-08-02 23:06:00+00:00,High,2,3,1,3,1,2,1,5,4,5,4,4,4,4,3,1,4,1,3,2,3,1.8571428571428572,4.285714285714286,2.4285714285714284,2.4285714285714284
CSE2612828,2026-08-02 23:07:00+00:00,Low,4,2,3,3,4,3,3,4,3,4,5,4,3,4,0,1,1,2,0,0,1,3.142857142857143,3.857142857142857,0.7142857142857143,0.7142857142857144
CSE2612829,2026-08-02 23:08:00+00:00,Low,3,5,3,3,1,3,4,3,4,3,4,4,4,3,0,0,0,1,3,1,0,3.142857142857143,3.5714285714285716,0.7142857142857143,0.4285714285714288
CSE2612830,2026-08-02 23:09:00+00:00,Medium,4,3,3,5,5,2,3,5,5,5,4,4,5,5,1,2,2,0,0,3,2,3.5714285714285716,4.714285714285714,1.4285714285714286,1.1428571428571428
CSE2612831,2026-08-02 23:10:00+00:00,Medium,4,4,2,5,1,3,5,5,4,3,4,4,5,4,1,0,1,0,3,2,0,3.4285714285714284,4.142857142857143,1.0,0.7142857142857149
CSE2612832,2026-08-02 23:11:00+00:00,Medium,3,2,4,2,3,3,4,5,4,4,4,5,4,4,2,2,0,2,2,1,0,3.0,4.285714285714286,1.2857142857142858,1.2857142857142856
CSE2612833,2026-08-02 23:12:00+00:00,Medium,3,2,3,4,4,2,3,5,5,4,4,3,5,4,2,3,1,0,0,3,1,3.0,4.285714285714286,1.4285714285714286,1.2857142857142856
CSE2612834,2026-08-02 23:13:00+00:00,Medium,1,3,3,3,3,4,3,5,4,4,5,5,4,3,4,1,1,2,2,0,0,2.857142857142857,4.285714285714286,1.4285714285714286,1.4285714285714284
CSE2612835,2026-08-02 23:14:00+00:00,Low,4,5,4,3,4,3,2,4,4,4,4,5,3,4,0,0,0,1,1,0,2,3.5714285714285716,4.0,0.5714285714285714,0.4285714285714284
CSE2612836,2026-08-02 23:15:00+00:00,Low,3,3,4,5,4,3,4,5,5,3,5,4,3,4,2,2,0,0,0,0,0,3.7142857142857144,4.142857142857143,0.5714285714285714,0.4285714285714288
CSE2612837,2026-08-02 23:16:00+00:00,Low,4,2,5,4,4,3,4,5,4,5,4,4,3,3,1,2,0,0,0,0,0,3.7142857142857144,4.0,0.42857142857142855,0.2857142857142856
CSE2612838,2026-08-02 23:17:00+00:00,Low,3,4,3,5,4,3,4,5,4,4,3,4,5,4,2,0,1,0,0,2,0,3.7142857142857144,4.142857142857143,0.7142857142857143,0.4285714285714288
CSE2612839,2026-08-02 23:18:00+00:00,Low,3,3,5,3,3,3,5,4,4,4,3,5,4,5,1,1,0,0,2,1,0,3.5714285714285716,4.142857142857143,0.7142857142857143,0.5714285714285716
CSE2612840,2026-08-02 23:19:00+00:00,Medium,3,3,3,4,4,4,3,5,5,5,4,4,3,5,2,2,2,0,0,0,2,3.4285714285714284,4.428571428571429,1.1428571428571428,1.0000000000000004
CSE2612841,2026-08-02 23:20:00+00:00,High,3,4,2,3,1,3,2,5,5,4,4,4,5,4,2,1,2,1,3,2,2,2.5714285714285716,4.428571428571429,1.8571428571428572,1.8571428571428572
CSE2612842,2026-08-02 23:21:00+00:00,Low,4,3,3,5,4,3,4,5,4,4,4,4,5,4,1,1,1,0,0,2,0,3.7142857142857144,4.285714285714286,0.7142857142857143,0.5714285714285712
CSE2612843,2026-08-02 23:22:00+00:00,Medium,2,3,4,1,4,3,3,4,4,4,4,5,5,3,2,1,0,3,1,2,0,2.857142857142857,4.142857142857143,1.2857142857142858,1.285714285714286
CSE2612844,2026-08-02 23:23:00+00:00,Medium,3,3,4,4,2,4,1,5,3,4,5,4,5,3,2,0,0,1,2,1,2,3.0,4.142857142857143,1.1428571428571428,1.1428571428571432
CSE2612845,2026-08-02 23:24:00+00:00,High,3,1,4,1,1,4,3,3,4,4,4,4,4,5,0,3,0,3,3,0,2,2.4285714285714284,4.0,1.5714285714285714,1.5714285714285716
CSE2612846,2026-08-02 23:25:00+00:00,Medium,2,3,5,4,4,3,3,4,3,5,5,4,4,5,2,0,0,1,0,1,2,3.4285714285714284,4.285714285714286,0.8571428571428571,0.8571428571428572
CSE2612847,2026-08-02 23:26:00+00:00,Medium,4,3,3,5,3,3,2,5,4,4,5,4,4,4,1,1,1,0,1,1,2,3.2857142857142856,4.285714285714286,1.0,1.0
CSE2612848,2026-08-02 23:27:00+00:00,Low,5,3,4,5,4,3,2,5,4,4,5,5,4,3,0,1,0,0,1,1,1,3.7142857142857144,4.285714285714286,0.5714285714285714,0.5714285714285712
CSE2612849,2026-08-02 23:28:00+00:00,Low,3,4,4,5,4,5,5,5,3,5,4,4,4,4,2,0,1,0,0,0,0,4.285714285714286,4.142857142857143,0.42857142857142855,-0.14285714285714235
CSE2612850,2026-08-02 23:29:00+00:00,Medium,2,3,5,3,4,3,2,4,3,4,4,4,5,4,2,0,0,1,0,2,2,3.142857142857143,4.0,1.0,0.8571428571428572
CSE2612851,2026-08-02 23:30:00+00:00,Medium,3,2,5,3,3,5,3,4,3,5,5,4,4,5,1,1,0,2,1,0,2,3.4285714285714284,4.285714285714286,1.0,0.8571428571428572
CSE2612852,2026-08-02 23:31:00+00:00,Low,3,2,4,4,4,3,3,4,3,4,4,3,3,4,1,1,0,0,0,0,1,3.2857142857142856,3.5714285714285716,0.42857142857142855,0.28571428571428603
CSE2612853,2026-08-02 23:32:00+00:00,Medium,3,4,4,2,2,2,3,4,4,4,4,5,4,4,1,0,0,2,3,2,1,2.857142857142857,4.142857142857143,1.2857142857142858,1.285714285714286
CSE2612854,2026-08-02 23:33:00+00:00,High,3,1,2,3,4,3,2,5,4,3,5,5,5,4,2,3,1,2,1,2,2,2.5714285714285716,4.428571428571429,1.8571428571428572,1.8571428571428572
CSE2612855,2026-08-02 23:34:00+00:00,Medium,3,1,2,3,4,3,4,3,3,4,5,5,4,5,0,2,2,2,1,1,1,2.857142857142857,4.142857142857143,1.2857142857142858,1.285714285714286
CSE2612856,2026-08-02 23:35:00+00:00,Low,4,2,5,4,4,5,3,4,4,4,4,5,4,5,0,2,0,0,1,0,2,3.857142857142857,4.285714285714286,0.7142857142857143,0.4285714285714284
CSE2612857,2026-08-02 23:36:00+00:00,Low,2,3,3,5,5,4,2,4,3,3,3,4,4,3,2,0,0,0,0,0,1,3.4285714285714284,3.4285714285714284,0.42857142857142855,0.0
CSE2612858,2026-08-02 23:37:00+00:00,Medium,3,3,3,3,4,3,4,3,5,4,4,5,4,5,0,2,1,1,1,1,1,3.2857142857142856,4.285714285714286,1.0,1.0
CSE2612859,2026-08-02 23:38:00+00:00,Medium,3,3,1,5,3,4,2,3,5,4,4,3,4,4,0,2,3,0,0,0,2,3.0,3.857142857142857,1.0,0.8571428571428572
CSE2612860,2026-08-02 23:39:00+00:00,Low,4,4,5,3,3,5,3,5,3,4,4,3,4,5,1,0,0,1,0,0,2,3.857142857142857,4.0,0.5714285714285714,0.1428571428571428
CSE2612861,2026-08-02 23:40:00+00:00,Low,4,5,4,4,3,4,3,5,5,4,5,4,4,4,1,0,0,1,1,0,1,3.857142857142857,4.428571428571429,0.5714285714285714,0.5714285714285716
CSE2612862,2026-08-02 23:41:00+00:00,Medium,4,2,3,3,4,3,3,4,5,3,4,5,4,3,0,3,0,1,1,1,0,3.142857142857143,4.0,0.8571428571428571,0.8571428571428572
CSE2612863,2026-08-02 23:42:00+00:00,Medium,3,4,4,1,2,3,4,4,4,3,4,3,5,4,1,0,0,3,1,2,0,3.0,3.857142857142857,1.0,0.8571428571428572
CSE2612864,2026-08-02 23:43:00+00:00,Low,2,5,5,4,3,4,1,4,5,5,4,3,4,4,2,0,0,0,0,0,3,3.4285714285714284,4.142857142857143,0.7142857142857143,0.7142857142857149
CSE2612865,2026-08-02 23:44:00+00:00,Medium,3,3,5,3,3,3,3,5,4,4,4,4,5,4,2,1,0,1,1,2,1,3.2857142857142856,4.285714285714286,1.1428571428571428,1.0
CSE2612866,2026-08-02 23:45:00+00:00,Medium,2,4,3,2,3,4,3,5,4,4,4,4,4,4,3,0,1,2,1,0,1,3.0,4.142857142857143,1.1428571428571428,1.1428571428571432
CSE2612867,2026-08-02 23:46:00+00:00,Medium,5,4,3,3,2,4,2,4,4,3,4,4,5,5,0,0,0,1,2,1,3,3.2857142857142856,4.142857142857143,1.0,0.8571428571428577
CSE2612868,2026-08-02 23:47:00+00:00,Medium,3,4,4,2,1,5,5,4,3,4,4,4,4,4,1,0,0,2,3,0,0,3.4285714285714284,3.857142857142857,0.8571428571428571,0.4285714285714288
CSE2612869,2026-08-02 23:48:00+00:00,Medium,3,3,4,4,3,3,2,4,4,4,4,4,5,4,1,1,0,0,1,2,2,3.142857142857143,4.142857142857143,1.0,1.0000000000000004
CSE2612870,2026-08-02 23:49:00+00:00,Medium,3,2,3,3,4,2,2,3,4,4,5,4,4,5,0,2,1,2,0,2,3,2.7142857142857144,4.142857142857143,1.4285714285714286,1.4285714285714288
CSE2612871,2026-08-02 23:50:00+00:00,High,2,3,3,3,2,2,3,4,4,4,4,5,4,4,2,1,1,1,3,2,1,2.5714285714285716,4.142857142857143,1.5714285714285714,1.5714285714285716
CSE2612872,2026-08-02 23:51:00+00:00,Medium,4,4,2,3,1,4,4,4,4,4,4,4,4,4,0,0,2,1,3,0,0,3.142857142857143,4.0,0.8571428571428571,0.8571428571428572
CSE2612873,2026-08-02 23:52:00+00:00,Medium,2,4,5,3,4,2,3,5,4,4,4,4,4,4,3,0,0,1,0,2,1,3.2857142857142856,4.142857142857143,1.0,0.8571428571428577
CSE2612874,2026-08-02 23:53:00+00:00,High,1,3,5,1,2,4,3,4,3,4,5,3,5,5,3,0,0,4,1,1,2,2.7142857142857144,4.142857142857143,1.5714285714285714,1.4285714285714288
CSE2612875,2026-08-02 23:54:00+00:00,High,1,4,2,3,2,3,1,3,5,5,4,4,4,4,2,1,3,1,2,1,3,2.2857142857142856,4.142857142857143,1.8571428571428572,1.8571428571428577
CSE2612876,2026-08-02 23:55:00+00:00,Medium,3,3,2,4,4,3,3,4,4,5,4,4,3,4,1,1,3,0,0,0,1,3.142857142857143,4.0,0.8571428571428571,0.8571428571428572
CSE2612877,2026-08-02 23:56:00+00:00,Medium,3,5,4,4,1,1,3,5,4,3,5,4,4,4,2,0,0,1,3,3,1,3.0,4.142857142857143,1.4285714285714286,1.1428571428571432
CSE2612878,2026-08-02 23:57:00+00:00,Medium,3,4,4,4,3,3,3,4,4,4,5,5,4,4,1,0,0,1,2,1,1,3.4285714285714284,4.285714285714286,0.8571428571428571,0.8571428571428572
CSE2612879,2026-08-02 23:58:00+00:00,Medium,2,4,3,2,2,3,5,5,4,4,5,3,4,4,3,0,1,3,1,1,0,3.0,4.142857142857143,1.2857142857142858,1.1428571428571432
CSE2612880,2026-08-02 23:59:00+00:00,Medium,5,4,3,3,3,2,2,3,5,4,4,4,5,4,0,1,1,1,1,3,2,3.142857142857143,4.142857142857143,1.2857142857142858,1.0000000000000004
CSE2612881,2026-08-03 00:00:00+00:00,Low,2,2,4,4,3,4,4,3,4,4,3,5,4,4,1,2,0,0,2,0,0,3.2857142857142856,3.857142857142857,0.7142857142857143,0.5714285714285716
CSE2612882,2026-08-03 00:01:00+00:00,Low,3,4,4,2,4,4,5,3,5,3,4,4,4,4,0,1,0,2,0,0,0,3.7142857142857144,3.857142857142857,0.42857142857142855,0.1428571428571428
CSE2612883,2026-08-03 00:02:00+00:00,Medium,4,3,4,2,3,3,3,4,5,5,5,5,3,3,0,2,1,3,2,0,0,3.142857142857143,4.285714285714286,1.1428571428571428,1.1428571428571428
CSE2612884,2026-08-03 00:03:00+00:00,Medium,2,4,5,2,3,2,4,5,4,5,3,4,4,5,3,0,0,1,1,2,1,3.142857142857143,4.285714285714286,1.1428571428571428,1.1428571428571428
CSE2612885,2026-08-03 00:04:00+00:00,Medium,3,3,3,3,4,4,3,5,4,4,5,5,4,4,2,1,1,2,1,0,1,3.2857142857142856,4.428571428571429,1.1428571428571428,1.1428571428571432
CSE2612886,2026-08-03 00:05:00+00:00,High,3,1,2,2,3,3,5,4,4,4,4,4,5,4,1,3,2,2,1,2,0,2.7142857142857144,4.142857142857143,1.5714285714285714,1.4285714285714288
CSE2612887,2026-08-03 00:06:00+00:00,Medium,4,5,2,3,3,4,3,4,4,4,4,5,4,5,0,0,2,1,2,0,2,3.4285714285714284,4.285714285714286,1.0,0.8571428571428572
CSE2612888,2026-08-03 00:07:00+00:00,Low,5,4,4,4,4,2,3,3,4,4,4,4,4,5,0,0,0,0,0,2,2,3.7142857142857144,4.0,0.5714285714285714,0.2857142857142856
CSE2612889,2026-08-03 00:08:00+00:00,Low,4,4,3,4,4,3,4,4,4,4,3,5,5,4,0,0,1,0,1,2,0,3.7142857142857144,4.142857142857143,0.5714285714285714,0.4285714285714288
CSE2612890,2026-08-03 00:09:00+00:00,Medium,4,3,3,4,3,3,3,5,5,5,3,3,4,4,1,2,2,0,0,1,1,3.2857142857142856,4.142857142857143,1.0,0.8571428571428577
CSE2612891,2026-08-03 00:10:00+00:00,Low,4,5,4,3,2,3,4,4,4,4,4,4,4,4,0,0,0,1,2,1,0,3.5714285714285716,4.0,0.5714285714285714,0.4285714285714284
CSE2612892,2026-08-03 00:11:00+00:00,High,2,2,1,4,4,1,1,3,3,5,4,5,4,4,1,1,4,0,1,3,3,2.142857142857143,4.0,1.8571428571428572,1.8571428571428572
CSE2612893,2026-08-03 00:12:00+00:00,Medium,2,5,3,3,2,2,4,4,5,5,4,4,4,4,2,0,2,1,2,2,0,3.0,4.285714285714286,1.2857142857142858,1.2857142857142856
CSE2612894,2026-08-03 00:13:00+00:00,Medium,1,5,4,1,2,5,4,4,3,3,3,3,4,4,3,0,0,2,1,0,0,3.142857142857143,3.4285714285714284,0.8571428571428571,0.2857142857142856
CSE2612895,2026-08-03 00:14:00+00:00,Medium,3,3,5,3,2,4,1,3,4,4,3,4,5,4,0,1,0,0,2,1,3,3.0,3.857142857142857,1.0,0.8571428571428572
CSE2612896,2026-08-03 00:15:00+00:00,Medium,3,2,3,2,3,3,4,4,5,5,4,4,4,4,1,3,2,2,1,1,0,2.857142857142857,4.285714285714286,1.4285714285714286,1.4285714285714284
CSE2612897,2026-08-03 00:16:00+00:00,Medium,2,3,3,2,4,4,4,5,4,4,4,5,5,4,3,1,1,2,1,1,0,3.142857142857143,4.428571428571429,1.2857142857142858,1.285714285714286
CSE2612898,2026-08-03 00:17:00+00:00,Medium,4,2,3,5,3,3,4,5,5,3,5,4,5,3,1,3,0,0,1,2,0,3.4285714285714284,4.285714285714286,1.0,0.8571428571428572
CSE2612899,2026-08-03 00:18:00+00:00,Medium,3,3,1,4,4,3,3,3,5,3,4,4,4,4,0,2,2,0,0,1,1,3.0,3.857142857142857,0.8571428571428571,0.8571428571428572
CSE2612900,2026-08-03 00:19:00+00:00,Medium,3,4,4,2,3,4,3,5,4,4,5,4,4,4,2,0,0,3,1,0,1,3.2857142857142856,4.285714285714286,1.0,1.0
CSE2612901,2026-08-03 00:20:00+00:00,Medium,2,5,2,3,3,4,4,5,4,3,4,4,5,4,3,0,1,1,1,1,0,3.2857142857142856,4.142857142857143,1.0,0.8571428571428577
CSE2612902,2026-08-03 00:21:00+00:00,Medium,3,2,3,2,2,3,2,3,5,3,4,3,5,4,0,3,0,2,1,2,2,2.4285714285714284,3.857142857142857,1.4285714285714286,1.4285714285714288
CSE2612903,2026-08-03 00:22:00+00:00,Medium,2,4,4,1,3,4,4,3,4,5,5,5,4,4,1,0,1,4,2,0,0,3.142857142857143,4.285714285714286,1.1428571428571428,1.1428571428571428
CSE2612904,2026-08-03 00:23:00+00:00,Medium,1,4,4,2,3,5,2,5,4,4,4,4,5,5,4,0,0,2,1,0,3,3.0,4.428571428571429,1.4285714285714286,1.4285714285714288
CSE2612905,2026-08-03 00:24:00+00:00,Medium,2,4,3,2,4,2,4,4,3,5,3,4,4,4,2,0,2,1,0,2,0,3.0,3.857142857142857,1.0,0.8571428571428572
CSE2612906,2026-08-03 00:25:00+00:00,Low,2,5,4,5,4,3,4,5,4,4,4,5,4,4,3,0,0,0,1,1,0,3.857142857142857,4.285714285714286,0.7142857142857143,0.4285714285714284
CSE2612907,2026-08-03 00:26:00+00:00,Medium,3,1,3,5,2,4,4,4,4,5,4,5,4,5,1,3,2,0,3,0,1,3.142857142857143,4.428571428571429,1.4285714285714286,1.285714285714286
CSE2612908,2026-08-03 00:27:00+00:00,Medium,3,3,2,3,2,4,4,3,4,5,4,4,4,4,0,1,3,1,2,0,0,3.0,4.0,1.0,1.0
CSE2612909,2026-08-03 00:28:00+00:00,Medium,3,5,3,2,3,2,5,4,4,5,4,4,4,4,1,0,2,2,1,2,0,3.2857142857142856,4.142857142857143,1.1428571428571428,0.8571428571428577
CSE2612910,2026-08-03 00:29:00+00:00,Medium,3,3,4,2,2,3,3,4,4,4,4,4,4,5,1,1,0,2,2,1,2,2.857142857142857,4.142857142857143,1.2857142857142858,1.285714285714286
CSE2612911,2026-08-03 00:30:00+00:00,Low,3,4,3,3,5,4,3,4,4,4,5,4,4,4,1,0,1,2,0,0,1,3.5714285714285716,4.142857142857143,0.7142857142857143,0.5714285714285716
CSE2612912,2026-08-03 00:31:00+00:00,Medium,4,4,1,3,5,3,1,4,4,4,4,4,4,4,0,0,3,1,0,1,3,3.0,4.0,1.1428571428571428,1.0
CSE2612913,2026-08-03 00:32:00+00:00,Low,5,2,5,3,4,4,4,4,3,3,4,4,4,4,0,1,0,1,0,0,0,3.857142857142857,3.7142857142857144,0.2857142857142857,-0.1428571428571428
CSE2612914,2026-08-03 00:33:00+00:00,Low,5,3,3,5,2,3,4,3,4,4,4,4,4,4,0,1,1,0,2,1,0,3.5714285714285716,3.857142857142857,0.7142857142857143,0.2857142857142856
CSE2612915,2026-08-03 00:34:00+00:00,Medium,2,2,3,4,3,4,4,4,5,4,4,5,4,4,2,3,1,0,2,0,0,3.142857142857143,4.285714285714286,1.1428571428571428,1.1428571428571428
CSE2612916,2026-08-03 00:35:00+00:00,High,3,2,5,5,5,1,1,5,5,5,3,4,4,4,2,3,0,0,0,3,3,3.142857142857143,4.285714285714286,1.5714285714285714,1.1428571428571428
CSE2612917,2026-08-03 00:36:00+00:00,Medium,3,5,1,2,3,3,2,4,5,4,3,4,3,4,1,0,3,1,1,0,2,2.7142857142857144,3.857142857142857,1.1428571428571428,1.1428571428571428
CSE2612918,2026-08-03 00:37:00+00:00,Medium,1,4,4,3,4,3,3,5,3,4,4,4,5,4,4,0,0,1,0,2,1,3.142857142857143,4.142857142857143,1.1428571428571428,1.0000000000000004
CSE2612919,2026-08-03 00:38:00+00:00,Medium,2,3,3,3,3,4,5,3,5,5,4,4,3,3,1,2,2,1,1,0,0,3.2857142857142856,3.857142857142857,1.0,0.5714285714285716
CSE2612920,2026-08-03 00:39:00+00:00,Low,2,2,4,4,4,4,4,5,3,4,4,4,4,4,3,1,0,0,0,0,0,3.4285714285714284,4.0,0.5714285714285714,0.5714285714285716
CSE2612921,2026-08-03 00:40:00+00:00,Low,5,5,3,3,4,3,4,4,5,4,4,5,4,5,0,0,1,1,1,1,1,3.857142857142857,4.428571428571429,0.7142857142857143,0.5714285714285716
CSE2612922,2026-08-03 00:41:00+00:00,Medium,2,3,3,4,2,3,4,4,3,4,4,4,4,5,2,0,1,0,2,1,1,3.0,4.0,1.0,1.0
CSE2612923,2026-08-03 00:42:00+00:00,Medium,2,4,4,4,1,2,5,5,3,4,5,4,4,5,3,0,0,1,3,2,0,3.142857142857143,4.285714285714286,1.2857142857142858,1.1428571428571428
CSE2612924,2026-08-03 00:43:00+00:00,Medium,5,4,1,3,3,2,4,4,4,5,3,4,4,5,0,0,4,0,1,2,1,3.142857142857143,4.142857142857143,1.1428571428571428,1.0000000000000004
CSE2612925,2026-08-03 00:44:00+00:00,Medium,2,4,4,1,4,2,3,4,3,5,4,4,4,4,2,0,1,3,0,2,1,2.857142857142857,4.0,1.2857142857142858,1.1428571428571428
CSE2612926,2026-08-03 00:45:00+00:00,Medium,4,3,3,3,1,2,4,3,4,5,3,4,3,4,0,1,2,0,3,1,0,2.857142857142857,3.7142857142857144,1.0,0.8571428571428572
CSE2612927,2026-08-03 00:46:00+00:00,Low,5,5,3,3,3,5,3,5,5,4,5,4,5,4,0,0,1,2,1,0,1,3.857142857142857,4.571428571428571,0.7142857142857143,0.714285714285714
CSE2612928,2026-08-03 00:47:00+00:00,Low,3,3,3,4,2,5,4,3,4,4,4,3,3,5,0,1,1,0,1,0,1,3.4285714285714284,3.7142857142857144,0.5714285714285714,0.28571428571428603
CSE2612929,2026-08-03 00:48:00+00:00,Low,3,4,2,3,5,4,4,5,4,3,5,5,4,4,2,0,1,2,0,0,0,3.5714285714285716,4.285714285714286,0.7142857142857143,0.714285714285714
CSE2612930,2026-08-03 00:49:00+00:00,Medium,3,1,3,3,5,5,5,4,4,4,5,3,5,4,1,3,1,2,0,0,0,3.5714285714285716,4.142857142857143,1.0,0.5714285714285716
CSE2612931,2026-08-03 00:50:00+00:00,Low,3,4,4,5,3,3,2,4,4,4,4,3,4,4,1,0,0,0,0,1,2,3.4285714285714284,3.857142857142857,0.5714285714285714,0.4285714285714288
CSE2612932,2026-08-03 00:51:00+00:00,High,1,4,4,1,3,2,1,4,4,5,4,4,4,3,3,0,1,3,1,2,2,2.2857142857142856,4.0,1.7142857142857142,1.7142857142857144
CSE2612933,2026-08-03 00:52:00+00:00,Medium,4,4,1,4,3,2,3,4,4,5,5,4,4,4,0,0,4,1,1,2,1,3.0,4.285714285714286,1.2857142857142858,1.2857142857142856
CSE2612934,2026-08-03 00:53:00+00:00,High,3,3,3,3,2,2,4,5,4,4,4,4,5,5,2,1,1,1,2,3,1,2.857142857142857,4.428571428571429,1.5714285714285714,1.5714285714285716
CSE2612935,2026-08-03 00:54:00+00:00,Medium,3,3,3,1,4,4,2,5,4,5,4,3,4,4,2,1,2,3,0,0,2,2.857142857142857,4.142857142857143,1.4285714285714286,1.285714285714286
CSE2612936,2026-08-03 00:55:00+00:00,High,1,2,5,3,3,3,4,5,5,4,4,5,4,5,4,3,0,1,2,1,1,3.0,4.571428571428571,1.7142857142857142,1.5714285714285712
CSE2612937,2026-08-03 00:56:00+00:00,Low,5,4,4,4,3,4,3,4,5,4,4,4,4,4,0,1,0,0,1,0,1,3.857142857142857,4.142857142857143,0.42857142857142855,0.28571428571428603
CSE2612938,2026-08-03 00:57:00+00:00,Medium,4,4,2,3,2,3,3,5,5,4,4,4,4,3,1,1,2,1,2,1,0,3.0,4.142857142857143,1.1428571428571428,1.1428571428571432
CSE2612939,2026-08-03 00:58:00+00:00,High,3,5,3,4,3,1,1,5,4,5,5,4,5,5,2,0,2,1,1,4,4,2.857142857142857,4.714285714285714,2.0,1.8571428571428572
CSE2612940,2026-08-03 00:59:00+00:00,Medium,3,2,4,4,2,4,5,3,5,4,3,4,5,4,0,3,0,0,2,1,0,3.4285714285714284,4.0,0.8571428571428571,0.5714285714285716
CSE2612941,2026-08-03 01:00:00+00:00,Medium,2,4,2,4,5,3,3,5,4,4,5,4,4,3,3,0,2,1,0,1,0,3.2857142857142856,4.142857142857143,1.0,0.8571428571428577
CSE2612942,2026-08-03 01:01:00+00:00,Medium,5,1,4,4,2,4,4,4,5,4,3,4,3,3,0,4,0,0,2,0,0,3.4285714285714284,3.7142857142857144,0.8571428571428571,0.28571428571428603
CSE2612943,2026-08-03 01:02:00+00:00,Medium,2,2,4,1,3,4,4,4,4,3,4,4,5,3,2,2,0,3,1,1,0,2.857142857142857,3.857142857142857,1.2857142857142858,1.0
CSE2612944,2026-08-03 01:03:00+00:00,Medium,4,5,3,1,3,2,4,4,5,5,4,4,3,4,0,0,2,3,1,1,0,3.142857142857143,4.142857142857143,1.0,1.0000000000000004
CSE2612945,2026-08-03 01:04:00+00:00,Low,3,3,4,5,4,3,3,3,5,3,4,4,4,4,0,2,0,0,0,1,1,3.5714285714285716,3.857142857142857,0.5714285714285714,0.2857142857142856
CSE2612946,2026-08-03 01:05:00+00:00,Medium,2,4,4,1,3,3,4,5,4,4,4,4,3,5,3,0,0,3,1,0,1,3.0,4.142857142857143,1.1428571428571428,1.1428571428571432
CSE2612947,2026-08-03 01:06:00+00:00,Medium,3,3,2,3,3,4,3,5,5,4,4,4,4,3,2,2,2,1,1,0,0,3.0,4.142857142857143,1.1428571428571428,1.1428571428571432
CSE2612948,2026-08-03 01:07:00+00:00,Medium,1,4,4,2,4,4,3,4,4,5,5,5,4,4,3,0,1,3,1,0,1,3.142857142857143,4.428571428571429,1.2857142857142858,1.285714285714286
CSE2612949,2026-08-03 01:08:00+00:00,Medium,4,4,3,3,3,2,3,5,4,4,4,5,4,4,1,0,1,1,2,2,1,3.142857142857143,4.285714285714286,1.1428571428571428,1.1428571428571428
CSE2612950,2026-08-03 01:09:00+00:00,Medium,2,3,4,3,1,5,4,4,5,5,4,3,5,5,2,2,1,1,2,0,1,3.142857142857143,4.428571428571429,1.2857142857142858,1.285714285714286
CSE2612951,2026-08-03 01:10:00+00:00,High,4,3,1,2,2,4,3,5,5,5,4,5,3,4,1,2,4,2,3,0,1,2.7142857142857144,4.428571428571429,1.8571428571428572,1.7142857142857144
CSE2612952,2026-08-03 01:11:00+00:00,Medium,4,3,4,1,1,3,4,4,4,5,4,4,5,4,0,1,1,3,3,2,0,2.857142857142857,4.285714285714286,1.4285714285714286,1.4285714285714284
CSE2612953,2026-08-03 01:12:00+00:00,Medium,3,1,3,5,2,3,4,4,4,4,4,4,4,5,1,3,1,0,2,1,1,3.0,4.142857142857143,1.2857142857142858,1.1428571428571432
CSE2612954,2026-08-03 01:13:00+00:00,Medium,4,3,3,3,3,1,4,5,4,3,4,4,5,4,1,1,0,1,1,4,0,3.0,4.142857142857143,1.1428571428571428,1.1428571428571432
CSE2612955,2026-08-03 01:14:00+00:00,Medium,4,4,4,3,3,5,1,3,4,4,5,4,3,5,0,0,0,2,1,0,4,3.4285714285714284,4.0,1.0,0.5714285714285716
CSE2612956,2026-08-03 01:15:00+00:00,Medium,4,1,1,4,4,4,4,5,4,4,4,5,4,3,1,3,3,0,1,0,0,3.142857142857143,4.142857142857143,1.1428571428571428,1.0000000000000004
CSE2612957,2026-08-03 01:16:00+00:00,High,4,1,2,3,3,2,4,5,4,4,5,3,5,4,1,3,2,2,0,3,0,2.7142857142857144,4.285714285714286,1.5714285714285714,1.5714285714285712
CSE2612958,2026-08-03 01:17:00+00:00,Medium,4,1,2,2,1,5,3,4,4,4,4,4,4,3,0,3,2,2,3,0,0,2.5714285714285716,3.857142857142857,1.4285714285714286,1.2857142857142856
CSE2612959,2026-08-03 01:18:00+00:00,Medium,4,2,2,4,2,2,2,4,4,5,5,3,4,3,0,2,3,1,1,2,1,2.5714285714285716,4.0,1.4285714285714286,1.4285714285714284
CSE2612960,2026-08-03 01:19:00+00:00,Low,5,3,3,5,5,4,2,5,4,5,4,4,3,3,0,1,2,0,0,0,1,3.857142857142857,4.0,0.5714285714285714,0.1428571428571428
CSE2612961,2026-08-03 01:20:00+00:00,High,4,4,2,2,5,2,3,4,5,5,5,4,5,4,0,1,3,3,0,3,1,3.142857142857143,4.571428571428571,1.5714285714285714,1.4285714285714284
CSE2612962,2026-08-03 01:21:00+00:00,Medium,3,1,3,3,2,3,3,4,4,4,4,4,4,4,1,3,1,1,2,1,1,2.5714285714285716,4.0,1.4285714285714286,1.4285714285714284
CSE2612963,2026-08-03 01:22:00+00:00,Medium,3,2,3,4,4,4,4,4,4,4,5,5,4,4,1,2,1,1,1,0,0,3.4285714285714284,4.285714285714286,0.8571428571428571,0.8571428571428572
CSE2612964,2026-08-03 01:23:00+00:00,Low,4,3,5,3,4,4,4,4,5,3,3,5,5,4,0,2,0,0,1,1,0,3.857142857142857,4.142857142857143,0.5714285714285714,0.28571428571428603
CSE2612965,2026-08-03 01:24:00+00:00,Medium,4,3,3,4,4,4,2,4,3,5,4,5,4,5,0,0,2,0,1,0,3,3.4285714285714284,4.285714285714286,0.8571428571428571,0.8571428571428572
CSE2612966,2026-08-03 01:25:00+00:00,Medium,1,4,2,4,2,4,4,4,5,4,5,4,4,5,3,1,2,1,2,0,1,3.0,4.428571428571429,1.4285714285714286,1.4285714285714288
CSE2612967,2026-08-03 01:26:00+00:00,Low,4,2,4,3,4,5,4,4,4,3,4,4,5,4,0,2,0,1,0,0,0,3.7142857142857144,4.0,0.42857142857142855,0.2857142857142856
CSE2612968,2026-08-03 01:27:00+00:00,Medium,3,2,5,3,1,3,2,4,4,4,4,3,4,4,1,2,0,1,2,1,2,2.7142857142857144,3.857142857142857,1.2857142857142858,1.1428571428571428
CSE2612969,2026-08-03 01:28:00+00:00,Low,4,5,2,2,4,4,4,4,5,4,4,4,3,5,0,0,2,2,0,0,1,3.5714285714285716,4.142857142857143,0.7142857142857143,0.5714285714285716
CSE2612970,2026-08-03 01:29:00+00:00,Medium,3,2,5,4,4,1,2,4,4,5,5,5,4,4,1,2,0,1,1,3,2,3.0,4.428571428571429,1.4285714285714286,1.4285714285714288
CSE2612971,2026-08-03 01:30:00+00:00,High,1,4,2,1,2,2,4,5,4,5,5,3,4,4,4,0,3,4,1,2,0,2.2857142857142856,4.285714285714286,2.0,2.0
CSE2612972,2026-08-03 01:31:00+00:00,Medium,3,4,3,4,2,1,2,5,5,4,3,4,3,3,2,1,1,0,2,2,1,2.7142857142857144,3.857142857142857,1.2857142857142858,1.1428571428571428
CSE2612973,2026-08-03 01:32:00+00:00,Medium,5,3,3,3,1,2,3,4,4,4,4,3,5,5,0,1,1,1,2,3,2,2.857142857142857,4.142857142857143,1.4285714285714286,1.285714285714286
CSE2612974,2026-08-03 01:33:00+00:00,High,3,1,4,1,3,2,3,4,4,4,5,5,4,4,1,3,0,4,2,2,1,2.4285714285714284,4.285714285714286,1.8571428571428572,1.8571428571428572
CSE2612975,2026-08-03 01:34:00+00:00,Medium,2,4,3,3,2,5,3,4,4,3,5,5,5,3,2,0,0,2,3,0,0,3.142857142857143,4.142857142857143,1.0,1.0000000000000004
CSE2612976,2026-08-03 01:35:00+00:00,Medium,3,2,4,2,4,1,4,4,5,4,3,4,4,5,1,3,0,1,0,3,1,2.857142857142857,4.142857142857143,1.2857142857142858,1.285714285714286
CSE2612977,2026-08-03 01:36:00+00:00,Medium,3,4,3,3,2,2,4,5,4,4,4,4,3,4,2,0,1,1,2,1,0,3.0,4.0,1.0,1.0
CSE2612978,2026-08-03 01:37:00+00:00,Low,4,5,4,3,3,4,3,4,4,5,4,3,5,5,0,0,1,1,0,1,2,3.7142857142857144,4.285714285714286,0.7142857142857143,0.5714285714285712
CSE2612979,2026-08-03 01:38:00+00:00,Medium,2,3,5,5,4,3,2,5,5,4,4,4,4,4,3,2,0,0,0,1,2,3.4285714285714284,4.285714285714286,1.1428571428571428,0.8571428571428572
CSE2612980,2026-08-03 01:39:00+00:00,Low,4,3,2,2,4,3,4,5,3,4,3,4,4,4,1,0,2,1,0,1,0,3.142857142857143,3.857142857142857,0.7142857142857143,0.7142857142857144
CSE2612981,2026-08-03 01:40:00+00:00,Medium,5,3,2,4,4,3,4,5,5,4,3,5,4,4,0,2,2,0,1,1,0,3.5714285714285716,4.285714285714286,0.8571428571428571,0.714285714285714
CSE2612982,2026-08-03 01:41:00+00:00,High,3,5,1,4,1,3,2,5,4,4,3,5,5,4,2,0,3,0,4,2,2,2.7142857142857144,4.285714285714286,1.8571428571428572,1.5714285714285712
CSE2612983,2026-08-03 01:42:00+00:00,High,1,2,2,4,1,3,4,4,4,4,4,4,5,4,3,2,2,0,3,2,0,2.4285714285714284,4.142857142857143,1.7142857142857142,1.7142857142857149
CSE2612984,2026-08-03 01:43:00+00:00,Medium,1,3,4,4,2,4,3,4,5,4,5,3,5,4,3,2,0,1,1,1,1,3.0,4.285714285714286,1.2857142857142858,1.2857142857142856
CSE2612985,2026-08-03 01:44:00+00:00,Medium,2,2,4,4,3,4,2,5,3,4,4,5,4,4,3,1,0,0,2,0,2,3.0,4.142857142857143,1.1428571428571428,1.1428571428571432
CSE2612986,2026-08-03 01:45:00+00:00,Medium,4,4,3,2,4,3,3,5,5,4,5,4,3,4,1,1,1,3,0,0,1,3.2857142857142856,4.285714285714286,1.0,1.0
CSE2612987,2026-08-03 01:46:00+00:00,Low,3,3,4,3,3,3,5,3,4,4,4,4,5,4,0,1,0,1,1,2,0,3.4285714285714284,4.0,0.7142857142857143,0.5714285714285716
CSE2612988,2026-08-03 01:47:00+00:00,Medium,2,1,4,3,3,3,4,5,4,4,4,4,5,4,3,3,0,1,1,2,0,2.857142857142857,4.285714285714286,1.4285714285714286,1.4285714285714284
CSE2612989,2026-08-03 01:48:00+00:00,Medium,3,3,4,4,2,3,5,4,4,4,5,5,4,4,1,1,0,1,3,1,0,3.4285714285714284,4.285714285714286,1.0,0.8571428571428572
CSE2612990,2026-08-03 01:49:00+00:00,Medium,4,2,3,3,2,3,1,4,5,3,3,4,4,4,0,3,0,0,2,1,3,2.5714285714285716,3.857142857142857,1.2857142857142858,1.2857142857142856
CSE2612991,2026-08-03 01:50:00+00:00,High,5,1,1,3,1,3,2,5,4,4,3,3,4,5,0,3,3,0,2,1,3,2.2857142857142856,4.0,1.7142857142857142,1.7142857142857144
CSE2612992,2026-08-03 01:51:00+00:00,Medium,4,3,4,2,4,2,4,3,4,3,4,5,3,5,0,1,0,2,1,1,1,3.2857142857142856,3.857142857142857,0.8571428571428571,0.5714285714285716
CSE2612993,2026-08-03 01:52:00+00:00,Medium,3,2,3,4,3,4,3,5,4,4,3,3,4,5,2,2,1,0,0,0,2,3.142857142857143,4.0,1.0,0.8571428571428572
CSE2612994,2026-08-03 01:53:00+00:00,High,3,4,2,5,3,1,1,4,5,4,5,4,5,5,1,1,2,0,1,4,4,2.7142857142857144,4.571428571428571,1.8571428571428572,1.8571428571428568
CSE2612995,2026-08-03 01:54:00+00:00,High,2,4,1,3,3,2,4,4,4,5,4,5,4,4,2,0,4,1,2,2,0,2.7142857142857144,4.285714285714286,1.5714285714285714,1.5714285714285712
CSE2612996,2026-08-03 01:55:00+00:00,Medium,4,5,3,2,5,5,2,3,4,5,5,5,3,5,0,0,2,3,0,0,3,3.7142857142857144,4.285714285714286,1.1428571428571428,0.5714285714285712
CSE2612997,2026-08-03 01:56:00+00:00,Medium,1,4,3,5,4,3,3,3,3,4,4,4,4,5,2,0,1,0,0,1,2,3.2857142857142856,3.857142857142857,0.8571428571428571,0.5714285714285716
CSE2612998,2026-08-03 01:57:00+00:00,Medium,3,1,3,5,5,3,5,4,4,5,4,5,4,5,1,3,2,0,0,1,0,3.5714285714285716,4.428571428571429,1.0,0.8571428571428572
CSE2612999,2026-08-03 01:58:00+00:00,Medium,4,2,4,3,4,2,5,3,4,5,5,4,4,3,0,2,1,2,0,2,0,3.4285714285714284,4.0,1.0,0.5714285714285716
CSE2613000,2026-08-03 01:59:00+00:00,Low,4,3,3,4,3,4,3,4,4,4,3,4,5,3,0,1,1,0,1,1,0,3.4285714285714284,3.857142857142857,0.5714285714285714,0.4285714285714288
CSE2613001,2026-08-03 02:00:00+00:00,Low,3,3,3,4,4,3,4,4,4,4,4,3,4,5,1,1,1,0,0,1,1,3.4285714285714284,4.0,0.7142857142857143,0.5714285714285716
CSE2613002,2026-08-03 02:01:00+00:00,Low,2,5,3,3,3,4,4,5,3,4,4,3,4,4,3,0,1,1,0,0,0,3.4285714285714284,3.857142857142857,0.7142857142857143,0.4285714285714288
CSE2613003,2026-08-03 02:02:00+00:00,Medium,4,3,3,1,3,4,3,4,3,5,4,5,5,4,0,0,2,3,2,1,1,3.0,4.285714285714286,1.2857142857142858,1.2857142857142856
CSE2613004,2026-08-03 02:03:00+00:00,Low,3,5,4,3,3,3,5,4,4,3,4,3,4,4,1,0,0,1,0,1,0,3.7142857142857144,3.7142857142857144,0.42857142857142855,0.0
CSE2613005,2026-08-03 02:04:00+00:00,Low,1,4,5,4,4,4,3,4,4,5,4,4,3,4,3,0,0,0,0,0,1,3.5714285714285716,4.0,0.5714285714285714,0.4285714285714284
CSE2613006,2026-08-03 02:05:00+00:00,Medium,3,5,4,3,3,3,2,4,5,5,4,5,4,4,1,0,1,1,2,1,2,3.2857142857142856,4.428571428571429,1.1428571428571428,1.1428571428571432
CSE2613007,2026-08-03 02:06:00+00:00,High,3,2,5,2,3,3,1,5,5,4,5,4,5,5,2,3,0,3,1,2,4,2.7142857142857144,4.714285714285714,2.142857142857143,2.0
CSE2613008,2026-08-03 02:07:00+00:00,Low,4,4,5,4,3,4,2,4,5,4,4,4,4,4,0,1,0,0,1,0,2,3.7142857142857144,4.142857142857143,0.5714285714285714,0.4285714285714288
CSE2613009,2026-08-03 02:08:00+00:00,Medium,3,4,3,2,2,3,3,5,4,5,3,4,3,4,2,0,2,1,2,0,1,2.857142857142857,4.0,1.1428571428571428,1.1428571428571428
CSE2613010,2026-08-03 02:09:00+00:00,Medium,3,2,1,3,5,5,2,4,4,4,4,4,4,4,1,2,3,1,0,0,2,3.0,4.0,1.2857142857142858,1.0
CSE2613011,2026-08-03 02:10:00+00:00,Medium,4,2,5,4,3,2,3,3,4,5,4,5,4,5,0,2,0,0,2,2,2,3.2857142857142856,4.285714285714286,1.1428571428571428,1.0
CSE2613012,2026-08-03 02:11:00+00:00,Low,3,5,3,2,3,2,3,3,5,4,4,3,4,3,0,0,1,2,0,2,0,3.0,3.7142857142857144,0.7142857142857143,0.7142857142857144
CSE2613013,2026-08-03 02:12:00+00:00,Low,4,3,4,3,2,4,5,4,4,4,4,4,4,4,0,1,0,1,2,0,0,3.5714285714285716,4.0,0.5714285714285714,0.4285714285714284
CSE2613014,2026-08-03 02:13:00+00:00,High,4,2,3,3,1,3,2,5,4,5,4,5,4,5,1,2,2,1,4,1,3,2.5714285714285716,4.571428571428571,2.0,1.9999999999999996
CSE2613015,2026-08-03 02:14:00+00:00,Medium,3,3,2,4,4,2,3,5,4,4,3,3,4,4,2,1,2,0,0,2,1,3.0,3.857142857142857,1.1428571428571428,0.8571428571428572
CSE2613016,2026-08-03 02:15:00+00:00,Medium,4,3,5,5,3,3,3,4,5,3,4,4,5,5,0,2,0,0,1,2,2,3.7142857142857144,4.285714285714286,1.0,0.5714285714285712
CSE2613017,2026-08-03 02:16:00+00:00,Medium,5,4,4,4,3,3,3,4,5,5,5,5,5,5,0,1,1,1,2,2,2,3.7142857142857144,4.857142857142857,1.2857142857142858,1.1428571428571423
CSE2613018,2026-08-03 02:17:00+00:00,Medium,3,3,4,1,3,5,2,5,4,4,3,5,4,5,2,1,0,2,2,0,3,3.0,4.285714285714286,1.4285714285714286,1.2857142857142856
CSE2613019,2026-08-03 02:18:00+00:00,Medium,2,3,3,4,1,4,3,4,5,4,3,4,4,4,2,2,1,0,3,0,1,2.857142857142857,4.0,1.2857142857142858,1.1428571428571428
CSE2613020,2026-08-03 02:19:00+00:00,Medium,4,3,1,2,5,3,4,4,4,4,4,5,3,4,0,1,3,2,0,0,0,3.142857142857143,4.0,0.8571428571428571,0.8571428571428572
CSE2613021,2026-08-03 02:20:00+00:00,Medium,2,2,4,5,4,4,3,4,4,4,4,4,4,5,2,2,0,0,0,0,2,3.4285714285714284,4.142857142857143,0.8571428571428571,0.7142857142857149
CSE2613022,2026-08-03 02:21:00+00:00,Medium,5,2,4,3,2,2,3,4,5,4,3,5,3,5,0,3,0,0,3,1,2,3.0,4.142857142857143,1.2857142857142858,1.1428571428571432
CSE2613023,2026-08-03 02:22:00+00:00,Low,3,4,4,4,4,5,4,5,5,5,5,4,5,4,2,1,1,1,0,0,0,4.0,4.714285714285714,0.7142857142857143,0.7142857142857144
CSE2613024,2026-08-03 02:23:00+00:00,Medium,4,2,3,4,3,4,3,5,4,5,4,3,3,5,1,2,2,0,0,0,2,3.2857142857142856,4.142857142857143,1.0,0.8571428571428577
CSE2613025,2026-08-03 02:24:00+00:00,Medium,3,5,1,5,3,4,2,5,4,4,3,5,3,5,2,0,3,0,2,0,3,3.2857142857142856,4.142857142857143,1.4285714285714286,0.8571428571428577
CSE2613026,2026-08-03 02:25:00+00:00,Medium,3,4,3,2,3,4,3,4,4,5,4,4,5,5,1,0,2,2,1,1,2,3.142857142857143,4.428571428571429,1.2857142857142858,1.285714285714286
CSE2613027,2026-08-03 02:26:00+00:00,Medium,3,3,4,3,3,4,5,4,5,5,4,5,4,5,1,2,1,1,2,0,0,3.5714285714285716,4.571428571428571,1.0,0.9999999999999996
CSE2613028,2026-08-03 02:27:00+00:00,Low,5,3,2,4,3,3,4,5,3,4,4,4,4,5,0,0,2,0,1,1,1,3.4285714285714284,4.142857142857143,0.7142857142857143,0.7142857142857149
CSE2613029,2026-08-03 02:28:00+00:00,Medium,1,2,4,3,3,3,2,4,4,4,3,4,5,4,3,2,0,0,1,2,2,2.5714285714285716,4.0,1.4285714285714286,1.4285714285714284
CSE2613030,2026-08-03 02:29:00+00:00,High,1,4,4,3,3,1,5,5,5,5,4,4,5,4,4,1,1,1,1,4,0,3.0,4.571428571428571,1.7142857142857142,1.5714285714285712
CSE2613031,2026-08-03 02:30:00+00:00,Low,4,4,3,2,4,3,4,5,5,3,3,4,4,4,1,1,0,1,0,1,0,3.4285714285714284,4.0,0.5714285714285714,0.5714285714285716
CSE2613032,2026-08-03 02:31:00+00:00,Medium,2,3,4,2,3,4,3,3,4,5,4,4,4,3,1,1,1,2,1,0,0,3.0,3.857142857142857,0.8571428571428571,0.8571428571428572
CSE2613033,2026-08-03 02:32:00+00:00,Medium,3,1,2,4,4,4,3,3,4,4,5,4,4,3,0,3,2,1,0,0,0,3.0,3.857142857142857,0.8571428571428571,0.8571428571428572
CSE2613034,2026-08-03 02:33:00+00:00,Medium,2,3,2,4,4,3,2,4,4,4,5,5,3,4,2,1,2,1,1,0,2,2.857142857142857,4.142857142857143,1.2857142857142858,1.285714285714286
CSE2613035,2026-08-03 02:34:00+00:00,High,1,3,4,3,1,2,3,4,5,4,5,4,4,4,3,2,0,2,3,2,1,2.4285714285714284,4.285714285714286,1.8571428571428572,1.8571428571428572
CSE2613036,2026-08-03 02:35:00+00:00,Medium,4,4,3,4,2,2,5,4,5,5,4,5,4,3,0,1,2,0,3,2,0,3.4285714285714284,4.285714285714286,1.1428571428571428,0.8571428571428572
CSE2613037,2026-08-03 02:36:00+00:00,Medium,4,2,5,4,2,4,2,3,5,4,5,5,5,4,0,3,0,1,3,1,2,3.2857142857142856,4.428571428571429,1.4285714285714286,1.1428571428571432
CSE2613038,2026-08-03 02:37:00+00:00,Low,2,3,3,4,4,3,3,3,4,3,3,4,4,4,1,1,0,0,0,1,1,3.142857142857143,3.5714285714285716,0.5714285714285714,0.4285714285714288
CSE2613039,2026-08-03 02:38:00+00:00,Low,3,4,3,5,5,2,4,5,4,4,3,4,4,4,2,0,1,0,0,2,0,3.7142857142857144,4.0,0.7142857142857143,0.2857142857142856
CSE2613040,2026-08-03 02:39:00+00:00,Medium,4,3,2,3,3,3,3,4,5,4,4,5,5,4,0,2,2,1,2,2,1,3.0,4.428571428571429,1.4285714285714286,1.4285714285714288
CSE2613041,2026-08-03 02:40:00+00:00,High,1,1,3,3,4,3,2,5,5,4,5,4,4,4,4,4,1,2,0,1,2,2.4285714285714284,4.428571428571429,2.0,2.0000000000000004
CSE2613042,2026-08-03 02:41:00+00:00,Medium,3,2,1,4,4,4,2,5,4,3,3,4,4,3,2,2,2,0,0,0,1,2.857142857142857,3.7142857142857144,1.0,0.8571428571428572
CSE2613043,2026-08-03 02:42:00+00:00,Low,4,3,4,3,3,3,3,4,5,5,4,3,3,4,0,2,1,1,0,0,1,3.2857142857142856,4.0,0.7142857142857143,0.7142857142857144
CSE2613044,2026-08-03 02:43:00+00:00,Medium,4,4,3,4,5,3,2,5,5,5,5,4,4,5,1,1,2,1,0,1,3,3.5714285714285716,4.714285714285714,1.2857142857142858,1.1428571428571428
CSE2613045,2026-08-03 02:44:00+00:00,Medium,3,3,3,3,3,5,3,4,5,4,4,4,4,4,1,2,1,1,1,0,1,3.2857142857142856,4.142857142857143,1.0,0.8571428571428577
CSE2613046,2026-08-03 02:45:00+00:00,Low,3,3,2,4,5,4,2,3,4,4,4,4,4,4,0,1,2,0,0,0,2,3.2857142857142856,3.857142857142857,0.7142857142857143,0.5714285714285716
CSE2613047,2026-08-03 02:46:00+00:00,Low,4,3,4,4,4,4,4,4,5,3,5,4,3,5,0,2,0,1,0,0,1,3.857142857142857,4.142857142857143,0.5714285714285714,0.28571428571428603
CSE2613048,2026-08-03 02:47:00+00:00,High,4,3,1,5,1,3,1,5,4,4,5,3,4,4,1,1,3,0,2,1,3,2.5714285714285716,4.142857142857143,1.5714285714285714,1.5714285714285716
CSE2613049,2026-08-03 02:48:00+00:00,Low,4,4,4,2,3,5,4,3,4,4,4,3,3,4,0,0,0,2,0,0,0,3.7142857142857144,3.5714285714285716,0.2857142857142857,-0.1428571428571428
CSE2613050,2026-08-03 02:49:00+00:00,Low,2,3,3,5,4,4,3,5,4,3,4,3,4,4,3,1,0,0,0,0,1,3.4285714285714284,3.857142857142857,0.7142857142857143,0.4285714285714288
CSE2613051,2026-08-03 02:50:00+00:00,Medium,1,3,4,3,4,2,4,3,4,5,3,4,4,4,2,1,1,0,0,2,0,3.0,3.857142857142857,0.8571428571428571,0.8571428571428572
CSE2613052,2026-08-03 02:51:00+00:00,Medium,4,3,3,2,2,3,3,4,3,4,4,5,5,4,0,0,1,2,3,2,1,2.857142857142857,4.142857142857143,1.2857142857142858,1.285714285714286
CSE2613053,2026-08-03 02:52:00+00:00,Low,2,4,3,4,5,4,4,3,5,5,4,4,4,4,1,1,2,0,0,0,0,3.7142857142857144,4.142857142857143,0.5714285714285714,0.4285714285714288
CSE2613054,2026-08-03 02:53:00+00:00,Medium,4,5,3,3,1,4,1,3,4,4,4,4,4,4,0,0,1,1,3,0,3,3.0,3.857142857142857,1.1428571428571428,0.8571428571428572
CSE2613055,2026-08-03 02:54:00+00:00,High,4,3,2,1,2,4,1,4,5,4,4,4,4,4,0,2,2,3,2,0,3,2.4285714285714284,4.142857142857143,1.7142857142857142,1.7142857142857149
CSE2613056,2026-08-03 02:55:00+00:00,Medium,5,3,1,5,5,4,3,4,5,4,4,4,5,4,0,2,3,0,0,1,1,3.7142857142857144,4.285714285714286,1.0,0.5714285714285712
CSE2613057,2026-08-03 02:56:00+00:00,High,3,1,3,1,3,3,2,4,4,4,5,5,5,4,1,3,1,4,2,2,2,2.2857142857142856,4.428571428571429,2.142857142857143,2.1428571428571432
CSE2613058,2026-08-03 02:57:00+00:00,Low,5,4,1,5,5,4,5,5,4,4,4,4,4,3,0,0,3,0,0,0,0,4.142857142857143,4.0,0.42857142857142855,-0.14285714285714324
CSE2613059,2026-08-03 02:58:00+00:00,Medium,3,4,3,4,4,3,1,3,5,4,5,3,4,4,0,1,1,1,0,1,3,3.142857142857143,4.0,1.0,0.8571428571428572
CSE2613060,2026-08-03 02:59:00+00:00,Medium,3,5,3,3,4,2,2,5,4,4,4,3,4,4,2,0,1,1,0,2,2,3.142857142857143,4.0,1.1428571428571428,0.8571428571428572
CSE2613061,2026-08-03 03:00:00+00:00,Medium,5,2,4,4,1,2,3,4,3,4,5,4,5,5,0,1,0,1,3,3,2,3.0,4.285714285714286,1.4285714285714286,1.2857142857142856
CSE2613062,2026-08-03 03:01:00+00:00,Medium,1,4,3,3,2,4,4,5,3,4,4,5,4,4,4,0,1,1,3,0,0,3.0,4.142857142857143,1.2857142857142858,1.1428571428571432
CSE2613063,2026-08-03 03:02:00+00:00,Medium,3,4,4,3,2,4,4,3,4,5,4,5,4,5,0,0,1,1,3,0,1,3.4285714285714284,4.285714285714286,0.8571428571428571,0.8571428571428572
CSE2613064,2026-08-03 03:03:00+00:00,Medium,3,2,4,2,3,3,4,5,4,5,4,3,3,5,2,2,1,2,0,0,1,3.0,4.142857142857143,1.1428571428571428,1.1428571428571432
CSE2613065,2026-08-03 03:04:00+00:00,Medium,4,3,3,2,3,4,1,4,5,4,4,4,3,3,0,2,1,2,1,0,2,2.857142857142857,3.857142857142857,1.1428571428571428,1.0
CSE2613066,2026-08-03 03:05:00+00:00,Medium,5,2,4,4,4,2,5,4,5,4,5,4,5,4,0,3,0,1,0,3,0,3.7142857142857144,4.428571428571429,1.0,0.7142857142857144
CSE2613067,2026-08-03 03:06:00+00:00,Low,4,5,5,4,4,5,3,3,4,4,4,4,5,4,0,0,0,0,0,0,1,4.285714285714286,4.0,0.14285714285714285,-0.2857142857142856
CSE2613068,2026-08-03 03:07:00+00:00,Low,4,3,5,5,3,3,2,4,4,4,5,4,3,5,0,1,0,0,1,0,3,3.5714285714285716,4.142857142857143,0.7142857142857143,0.5714285714285716
CSE2613069,2026-08-03 03:08:00+00:00,Medium,4,2,1,4,3,1,4,4,5,3,3,4,3,3,0,3,2,0,1,2,0,2.7142857142857144,3.5714285714285716,1.1428571428571428,0.8571428571428572
CSE2613070,2026-08-03 03:09:00+00:00,Medium,3,4,3,1,4,2,2,4,4,4,4,5,4,3,1,0,1,3,1,2,1,2.7142857142857144,4.0,1.2857142857142858,1.2857142857142856
CSE2613071,2026-08-03 03:10:00+00:00,High,3,3,1,2,3,4,4,5,5,4,5,3,5,4,2,2,3,3,0,1,0,2.857142857142857,4.428571428571429,1.5714285714285714,1.5714285714285716
CSE2613072,2026-08-03 03:11:00+00:00,Medium,3,4,3,3,1,3,3,4,5,4,4,4,4,4,1,1,1,1,3,1,1,2.857142857142857,4.142857142857143,1.2857142857142858,1.285714285714286
CSE2613073,2026-08-03 03:12:00+00:00,Medium,3,3,2,5,3,3,3,4,5,4,4,4,4,4,1,2,2,0,1,1,1,3.142857142857143,4.142857142857143,1.1428571428571428,1.0000000000000004
CSE2613074,2026-08-03 03:13:00+00:00,Medium,4,2,4,3,4,3,3,4,5,4,4,4,4,5,0,3,0,1,0,1,2,3.2857142857142856,4.285714285714286,1.0,1.0
CSE2613075,2026-08-03 03:14:00+00:00,Medium,2,4,3,3,5,4,2,4,4,5,5,4,3,4,2,0,2,2,0,0,2,3.2857142857142856,4.142857142857143,1.1428571428571428,0.8571428571428577
CSE2613076,2026-08-03 03:15:00+00:00,Medium,4,3,3,3,2,3,2,4,4,5,4,4,4,3,0,1,2,1,2,1,1,2.857142857142857,4.0,1.1428571428571428,1.1428571428571428
CSE2613077,2026-08-03 03:16:00+00:00,Medium,3,5,5,1,3,3,1,3,3,4,4,4,4,4,0,0,0,3,1,1,3,3.0,3.7142857142857144,1.1428571428571428,0.7142857142857144
CSE2613078,2026-08-03 03:17:00+00:00,Medium,4,4,4,4,1,5,2,4,4,4,5,4,4,4,0,0,0,1,3,0,2,3.4285714285714284,4.142857142857143,0.8571428571428571,0.7142857142857149
CSE2613079,2026-08-03 03:18:00+00:00,Medium,4,5,4,2,3,2,3,5,5,5,4,5,5,4,1,0,1,2,2,3,1,3.2857142857142856,4.714285714285714,1.4285714285714286,1.4285714285714288
CSE2613080,2026-08-03 03:19:00+00:00,Medium,1,3,3,3,3,3,4,5,3,4,3,4,4,4,4,0,1,0,1,1,0,2.857142857142857,3.857142857142857,1.0,1.0
CSE2613081,2026-08-03 03:20:00+00:00,Low,4,2,4,5,5,3,4,4,4,4,4,4,4,5,0,2,0,0,0,1,1,3.857142857142857,4.142857142857143,0.5714285714285714,0.28571428571428603
CSE2613082,2026-08-03 03:21:00+00:00,Medium,4,2,3,4,4,3,2,4,5,4,5,4,4,3,0,3,1,1,0,1,1,3.142857142857143,4.142857142857143,1.0,1.0000000000000004
CSE2613083,2026-08-03 03:22:00+00:00,Medium,3,3,2,5,2,3,3,4,3,4,4,4,5,5,1,0,2,0,2,2,2,3.0,4.142857142857143,1.2857142857142858,1.1428571428571432
CSE2613084,2026-08-03 03:23:00+00:00,Medium,3,3,1,3,2,4,2,3,4,4,4,5,4,4,0,1,3,1,3,0,2,2.5714285714285716,4.0,1.4285714285714286,1.4285714285714284
CSE2613085,2026-08-03 03:24:00+00:00,High,3,2,3,3,2,3,3,4,5,4,3,5,4,5,1,3,1,0,3,1,2,2.7142857142857144,4.285714285714286,1.5714285714285714,1.5714285714285712
CSE2613086,2026-08-03 03:25:00+00:00,Medium,5,1,1,3,4,4,4,4,4,5,4,3,3,5,0,3,4,1,0,0,1,3.142857142857143,4.0,1.2857142857142858,0.8571428571428572
CSE2613087,2026-08-03 03:26:00+00:00,High,3,4,2,5,3,1,3,4,5,5,4,5,5,4,1,1,3,0,2,4,1,3.0,4.571428571428571,1.7142857142857142,1.5714285714285712
CSE2613088,2026-08-03 03:27:00+00:00,Medium,5,2,3,3,1,3,2,4,3,4,4,3,4,3,0,1,1,1,2,1,1,2.7142857142857144,3.5714285714285716,1.0,0.8571428571428572
CSE2613089,2026-08-03 03:28:00+00:00,Medium,3,5,4,4,1,3,3,4,5,5,3,4,4,4,1,0,1,0,3,1,1,3.2857142857142856,4.142857142857143,1.0,0.8571428571428577
CSE2613090,2026-08-03 03:29:00+00:00,Medium,3,3,2,4,3,4,2,5,5,3,4,3,4,4,2,2,1,0,0,0,2,3.0,4.0,1.0,1.0
CSE2613091,2026-08-03 03:30:00+00:00,High,2,3,3,3,1,4,4,5,5,4,5,5,4,4,3,2,1,2,4,0,0,2.857142857142857,4.571428571428571,1.7142857142857142,1.714285714285714
CSE2613092,2026-08-03 03:31:00+00:00,High,3,3,2,4,2,2,3,5,5,4,4,4,4,4,2,2,2,0,2,2,1,2.7142857142857144,4.285714285714286,1.5714285714285714,1.5714285714285712
CSE2613093,2026-08-03 03:32:00+00:00,High,1,3,2,3,2,3,3,4,5,5,4,5,3,5,3,2,3,1,3,0,2,2.4285714285714284,4.428571428571429,2.0,2.0000000000000004
CSE2613094,2026-08-03 03:33:00+00:00,Medium,2,4,2,2,4,4,3,4,4,5,4,4,4,4,2,0,3,2,0,0,1,3.0,4.142857142857143,1.1428571428571428,1.1428571428571432
CSE2613095,2026-08-03 03:34:00+00:00,Medium,2,5,4,3,4,4,3,5,4,4,5,4,4,4,3,0,0,2,0,0,1,3.5714285714285716,4.285714285714286,0.8571428571428571,0.714285714285714
CSE2613096,2026-08-03 03:35:00+00:00,Medium,4,1,2,3,5,4,3,3,4,3,4,4,3,4,0,3,1,1,0,0,1,3.142857142857143,3.5714285714285716,0.8571428571428571,0.4285714285714288
CSE2613097,2026-08-03 03:36:00+00:00,Medium,4,3,3,1,2,3,3,5,3,4,4,4,4,4,1,0,1,3,2,1,1,2.7142857142857144,4.0,1.2857142857142858,1.2857142857142856
CSE2613098,2026-08-03 03:37:00+00:00,Low,2,5,4,5,4,3,4,4,4,4,4,5,4,5,2,0,0,0,1,1,1,3.857142857142857,4.285714285714286,0.7142857142857143,0.4285714285714284
CSE2613099,2026-08-03 03:38:00+00:00,Medium,3,4,3,3,5,4,3,4,4,5,4,4,5,4,1,0,2,1,0,1,1,3.5714285714285716,4.285714285714286,0.8571428571428571,0.714285714285714
CSE2613100,2026-08-03 03:39:00+00:00,High,1,4,4,2,3,1,3,4,4,4,5,5,5,5,3,0,0,3,2,4,2,2.5714285714285716,4.571428571428571,2.0,1.9999999999999996
CSE2613101,2026-08-03 03:40:00+00:00,Medium,1,4,5,3,3,5,2,5,5,4,4,4,3,5,4,1,0,1,1,0,3,3.2857142857142856,4.285714285714286,1.4285714285714286,1.0
CSE2613102,2026-08-03 03:41:00+00:00,Medium,4,4,5,3,3,3,2,5,3,3,4,4,4,4,1,0,0,1,1,1,2,3.4285714285714284,3.857142857142857,0.8571428571428571,0.4285714285714288
CSE2613103,2026-08-03 03:42:00+00:00,Medium,4,4,3,3,5,4,3,4,3,5,5,4,5,4,0,0,2,2,0,1,1,3.7142857142857144,4.285714285714286,0.8571428571428571,0.5714285714285712
CSE2613104,2026-08-03 03:43:00+00:00,Medium,3,3,4,4,3,3,2,5,4,4,5,5,5,4,2,1,0,1,2,2,2,3.142857142857143,4.571428571428571,1.4285714285714286,1.4285714285714284
CSE2613105,2026-08-03 03:44:00+00:00,High,3,4,1,3,1,3,2,5,4,4,5,5,5,5,2,0,3,2,4,2,3,2.4285714285714284,4.714285714285714,2.2857142857142856,2.285714285714286
CSE2613106,2026-08-03 03:45:00+00:00,High,2,3,3,4,2,3,1,4,4,5,5,5,5,5,2,1,2,1,3,2,4,2.5714285714285716,4.714285714285714,2.142857142857143,2.142857142857143
CSE2613107,2026-08-03 03:46:00+00:00,Medium,3,3,5,2,5,4,1,5,5,3,5,4,4,4,2,2,0,3,0,0,3,3.2857142857142856,4.285714285714286,1.4285714285714286,1.0
CSE2613108,2026-08-03 03:47:00+00:00,Medium,5,4,3,4,2,3,4,4,5,5,3,4,4,4,0,1,2,0,2,1,0,3.5714285714285716,4.142857142857143,0.8571428571428571,0.5714285714285716
CSE2613109,2026-08-03 03:48:00+00:00,Low,2,4,4,3,5,2,3,4,4,4,3,4,4,4,2,0,0,0,0,2,1,3.2857142857142856,3.857142857142857,0.7142857142857143,0.5714285714285716
CSE2613110,2026-08-03 03:49:00+00:00,High,4,3,4,3,3,1,1,4,4,5,4,5,4,4,0,1,1,1,2,3,3,2.7142857142857144,4.285714285714286,1.5714285714285714,1.5714285714285712
CSE2613111,2026-08-03 03:50:00+00:00,Low,2,3,4,5,4,5,4,4,4,5,4,4,5,4,2,1,1,0,0,0,0,3.857142857142857,4.285714285714286,0.5714285714285714,0.4285714285714284
CSE2613112,2026-08-03 03:51:00+00:00,Low,3,4,4,4,1,3,4,4,4,5,4,4,3,4,1,0,1,0,3,0,0,3.2857142857142856,4.0,0.7142857142857143,0.7142857142857144
CSE2613113,2026-08-03 03:52:00+00:00,Medium,4,3,1,2,5,3,3,4,3,4,4,4,3,4,0,0,3,2,0,0,1,3.0,3.7142857142857144,0.8571428571428571,0.7142857142857144
CSE2613114,2026-08-03 03:53:00+00:00,Medium,3,4,2,3,3,4,2,4,5,5,5,3,4,4,1,1,3,2,0,0,2,3.0,4.285714285714286,1.2857142857142858,1.2857142857142856
CSE2613115,2026-08-03 03:54:00+00:00,Medium,3,4,3,4,4,2,4,4,4,5,4,4,4,5,1,0,2,0,0,2,1,3.4285714285714284,4.285714285714286,0.8571428571428571,0.8571428571428572
CSE2613116,2026-08-03 03:55:00+00:00,Medium,2,4,3,1,4,5,4,4,3,4,4,4,4,3,2,0,1,3,0,0,0,3.2857142857142856,3.7142857142857144,0.8571428571428571,0.4285714285714288
CSE2613117,2026-08-03 03:56:00+00:00,Medium,4,4,4,3,3,5,4,4,5,5,4,5,3,5,0,1,1,1,2,0,1,3.857142857142857,4.428571428571429,0.8571428571428571,0.5714285714285716
CSE2613118,2026-08-03 03:57:00+00:00,Medium,4,5,2,3,5,2,2,4,5,5,4,4,4,5,0,0,3,1,0,2,3,3.2857142857142856,4.428571428571429,1.2857142857142858,1.1428571428571432
CSE2613119,2026-08-03 03:58:00+00:00,High,3,3,2,3,1,4,1,5,4,5,4,3,4,4,2,1,3,1,2,0,3,2.4285714285714284,4.142857142857143,1.7142857142857142,1.7142857142857149
CSE2613120,2026-08-03 03:59:00+00:00,Medium,3,5,5,2,2,3,2,4,4,4,4,4,5,3,1,0,0,2,2,2,1,3.142857142857143,4.0,1.1428571428571428,0.8571428571428572
CSE2613121,2026-08-03 04:00:00+00:00,Low,3,4,4,3,4,4,4,4,5,4,4,4,4,4,1,1,0,1,0,0,0,3.7142857142857144,4.142857142857143,0.42857142857142855,0.4285714285714288
CSE2613122,2026-08-03 04:01:00+00:00,Low,4,3,2,4,4,4,4,4,4,4,5,4,3,4,0,1,2,1,0,0,0,3.5714285714285716,4.0,0.5714285714285714,0.4285714285714284
CSE2613123,2026-08-03 04:02:00+00:00,Low,3,4,3,4,4,4,1,4,4,4,3,4,4,4,1,0,1,0,0,0,3,3.2857142857142856,3.857142857142857,0.7142857142857143,0.5714285714285716
CSE2613124,2026-08-03 04:03:00+00:00,Medium,3,3,4,4,3,3,1,4,4,4,5,4,5,4,1,1,0,1,1,2,3,3.0,4.285714285714286,1.2857142857142858,1.2857142857142856
CSE2613125,2026-08-03 04:04:00+00:00,Medium,3,2,3,4,3,2,3,4,3,4,4,5,3,5,1,1,1,0,2,1,2,2.857142857142857,4.0,1.1428571428571428,1.1428571428571428
CSE2613126,2026-08-03 04:05:00+00:00,Medium,1,1,3,5,3,3,4,5,4,4,5,4,3,5,4,3,1,0,1,0,1,2.857142857142857,4.285714285714286,1.4285714285714286,1.4285714285714284
CSE2613127,2026-08-03 04:06:00+00:00,Medium,3,4,5,4,4,2,2,5,4,5,3,3,4,4,2,0,0,0,0,2,2,3.4285714285714284,4.0,0.8571428571428571,0.5714285714285716
CSE2613128,2026-08-03 04:07:00+00:00,Medium,5,2,4,4,5,1,3,5,5,4,3,4,5,4,0,3,0,0,0,4,1,3.4285714285714284,4.285714285714286,1.1428571428571428,0.8571428571428572
CSE2613129,2026-08-03 04:08:00+00:00,Low,5,2,4,5,5,4,5,3,4,4,5,4,4,5,0,2,0,0,0,0,0,4.285714285714286,4.142857142857143,0.2857142857142857,-0.14285714285714235
CSE2613130,2026-08-03 04:09:00+00:00,Low,3,4,2,4,4,4,4,4,4,5,3,5,4,4,1,0,3,0,1,0,0,3.5714285714285716,4.142857142857143,0.7142857142857143,0.5714285714285716
CSE2613131,2026-08-03 04:10:00+00:00,Low,4,3,4,4,3,5,3,5,3,5,4,4,4,5,1,0,1,0,1,0,2,3.7142857142857144,4.285714285714286,0.7142857142857143,0.5714285714285712
CSE2613132,2026-08-03 04:11:00+00:00,Low,4,3,1,4,4,4,3,4,4,4,4,3,4,4,0,1,3,0,0,0,1,3.2857142857142856,3.857142857142857,0.7142857142857143,0.5714285714285716
CSE2613133,2026-08-03 04:12:00+00:00,Medium,4,1,4,5,3,3,3,3,5,4,4,4,4,4,0,4,0,0,1,1,1,3.2857142857142856,4.0,1.0,0.7142857142857144
CSE2613134,2026-08-03 04:13:00+00:00,Medium,4,3,2,3,3,5,2,4,5,5,3,5,3,4,0,2,3,0,2,0,2,3.142857142857143,4.142857142857143,1.2857142857142858,1.0000000000000004
CSE2613135,2026-08-03 04:14:00+00:00,Low,3,3,5,4,5,3,4,4,3,4,4,5,5,5,1,0,0,0,0,2,1,3.857142857142857,4.285714285714286,0.5714285714285714,0.4285714285714284
CSE2613136,2026-08-03 04:15:00+00:00,Medium,5,4,3,4,3,2,4,5,5,4,4,4,4,5,0,1,1,0,1,2,1,3.5714285714285716,4.428571428571429,0.8571428571428571,0.8571428571428572
CSE2613137,2026-08-03 04:16:00+00:00,Medium,4,2,1,4,3,3,4,4,4,4,5,5,5,4,0,2,3,1,2,2,0,3.0,4.428571428571429,1.4285714285714286,1.4285714285714288
CSE2613138,2026-08-03 04:17:00+00:00,Medium,1,4,3,4,3,3,4,4,5,3,4,4,4,4,3,1,0,0,1,1,0,3.142857142857143,4.0,0.8571428571428571,0.8571428571428572
CSE2613139,2026-08-03 04:18:00+00:00,Low,3,3,4,4,4,3,5,4,4,3,4,3,4,3,1,1,0,0,0,1,0,3.7142857142857144,3.5714285714285716,0.42857142857142855,-0.1428571428571428
CSE2613140,2026-08-03 04:19:00+00:00,High,4,4,1,2,1,4,2,3,4,4,5,5,3,4,0,0,3,3,4,0,2,2.5714285714285716,4.0,1.7142857142857142,1.4285714285714284
CSE2613141,2026-08-03 04:20:00+00:00,Low,2,3,4,2,5,4,4,3,4,4,3,3,3,4,1,1,0,1,0,0,0,3.4285714285714284,3.4285714285714284,0.42857142857142855,0.0
CSE2613142,2026-08-03 04:21:00+00:00,Medium,3,3,4,3,2,2,2,4,4,4,3,4,5,4,1,1,0,0,2,3,2,2.7142857142857144,4.0,1.2857142857142858,1.2857142857142856
CSE2613143,2026-08-03 04:22:00+00:00,High,4,3,3,2,3,2,3,4,4,5,4,4,5,5,0,1,2,2,1,3,2,2.857142857142857,4.428571428571429,1.5714285714285714,1.5714285714285716
CSE2613144,2026-08-03 04:23:00+00:00,Low,2,2,5,4,3,5,5,3,3,4,3,4,4,5,1,1,0,0,1,0,0,3.7142857142857144,3.7142857142857144,0.42857142857142855,0.0
CSE2613145,2026-08-03 04:24:00+00:00,Medium,2,2,3,3,2,3,4,3,4,5,4,4,4,4,1,2,2,1,2,1,0,2.7142857142857144,4.0,1.2857142857142858,1.2857142857142856
CSE2613146,2026-08-03 04:25:00+00:00,Low,4,3,3,3,3,3,3,4,4,4,4,3,3,4,0,1,1,1,0,0,1,3.142857142857143,3.7142857142857144,0.5714285714285714,0.5714285714285716
CSE2613147,2026-08-03 04:26:00+00:00,Low,3,4,3,5,3,2,5,3,3,4,4,4,4,4,0,0,1,0,1,2,0,3.5714285714285716,3.7142857142857144,0.5714285714285714,0.1428571428571428
CSE2613148,2026-08-03 04:27:00+00:00,Medium,3,4,4,1,3,4,3,4,5,5,4,4,4,3,1,1,1,3,1,0,0,3.142857142857143,4.142857142857143,1.0,1.0000000000000004
CSE2613149,2026-08-03 04:28:00+00:00,High,3,2,4,2,3,3,1,4,4,4,5,5,3,5,1,2,0,3,2,0,4,2.5714285714285716,4.285714285714286,1.7142857142857142,1.714285714285714
CSE2613150,2026-08-03 04:29:00+00:00,Low,4,3,3,4,4,5,3,3,3,3,5,3,5,3,0,0,0,1,0,0,0,3.7142857142857144,3.5714285714285716,0.14285714285714285,-0.1428571428571428
CSE2613151,2026-08-03 04:30:00+00:00,Medium,4,3,5,5,2,3,1,3,4,5,4,5,5,4,0,1,0,0,3,2,3,3.2857142857142856,4.285714285714286,1.2857142857142858,1.0
CSE2613152,2026-08-03 04:31:00+00:00,Low,3,4,3,3,5,3,4,4,4,4,4,4,3,4,1,0,1,1,0,0,0,3.5714285714285716,3.857142857142857,0.42857142857142855,0.2857142857142856
CSE2613153,2026-08-03 04:32:00+00:00,Medium,3,3,4,3,3,3,4,4,4,5,4,4,5,4,1,1,1,1,1,2,0,3.2857142857142856,4.285714285714286,1.0,1.0
CSE2613154,2026-08-03 04:33:00+00:00,Medium,4,3,3,2,3,2,5,4,4,5,4,4,5,4,0,1,2,2,1,3,0,3.142857142857143,4.285714285714286,1.2857142857142858,1.1428571428571428
CSE2613155,2026-08-03 04:34:00+00:00,High,4,3,3,2,2,4,3,3,5,4,4,5,5,5,0,2,1,2,3,1,2,3.0,4.428571428571429,1.5714285714285714,1.4285714285714288
CSE2613156,2026-08-03 04:35:00+00:00,Medium,4,2,3,3,3,3,3,3,5,4,4,4,5,3,0,3,1,1,1,2,0,3.0,4.0,1.1428571428571428,1.0
CSE2613157,2026-08-03 04:36:00+00:00,High,1,4,3,4,3,3,2,5,5,4,4,4,4,5,4,1,1,0,1,1,3,2.857142857142857,4.428571428571429,1.5714285714285714,1.5714285714285716
CSE2613158,2026-08-03 04:37:00+00:00,Medium,5,3,3,4,4,3,3,3,5,4,4,5,4,5,0,2,1,0,1,1,2,3.5714285714285716,4.285714285714286,1.0,0.714285714285714
CSE2613159,2026-08-03 04:38:00+00:00,High,1,3,3,3,2,3,2,5,5,5,3,4,4,3,4,2,2,0,2,1,1,2.4285714285714284,4.142857142857143,1.7142857142857142,1.7142857142857149
CSE2613160,2026-08-03 04:39:00+00:00,Medium,3,3,2,3,3,2,4,4,5,4,3,4,5,4,1,2,2,0,1,3,0,2.857142857142857,4.142857142857143,1.2857142857142858,1.285714285714286
CSE2613161,2026-08-03 04:40:00+00:00,Medium,2,4,2,3,3,3,3,5,5,4,4,3,3,4,3,1,2,1,0,0,1,2.857142857142857,4.0,1.1428571428571428,1.1428571428571428
CSE2613162,2026-08-03 04:41:00+00:00,Low,5,4,3,4,3,3,3,4,3,4,4,4,5,4,0,0,1,0,1,2,1,3.5714285714285716,4.0,0.7142857142857143,0.4285714285714284
CSE2613163,2026-08-03 04:42:00+00:00,Medium,4,4,3,4,1,4,3,4,5,5,5,4,4,5,0,1,2,1,3,0,2,3.2857142857142856,4.571428571428571,1.2857142857142858,1.2857142857142856
CSE2613164,2026-08-03 04:43:00+00:00,Low,3,4,3,4,3,5,4,4,4,4,5,4,4,5,1,0,1,1,1,0,1,3.7142857142857144,4.285714285714286,0.7142857142857143,0.5714285714285712
CSE2613165,2026-08-03 04:44:00+00:00,Medium,3,2,4,4,2,3,4,5,4,4,5,5,4,5,2,2,0,1,3,1,1,3.142857142857143,4.571428571428571,1.4285714285714286,1.4285714285714284
CSE2613166,2026-08-03 04:45:00+00:00,High,2,2,2,2,3,4,2,5,5,4,4,4,3,4,3,3,2,2,1,0,2,2.4285714285714284,4.142857142857143,1.8571428571428572,1.7142857142857149
CSE2613167,2026-08-03 04:46:00+00:00,Low,5,1,4,4,4,5,4,4,4,4,4,5,4,4,0,3,0,0,1,0,0,3.857142857142857,4.142857142857143,0.5714285714285714,0.28571428571428603
CSE2613168,2026-08-03 04:47:00+00:00,Medium,3,4,4,4,3,4,3,5,4,5,4,3,5,5,2,0,1,0,0,1,2,3.5714285714285716,4.428571428571429,0.8571428571428571,0.8571428571428572
CSE2613169,2026-08-03 04:48:00+00:00,Low,3,3,4,3,4,4,4,5,4,4,5,4,4,4,2,1,0,2,0,0,0,3.5714285714285716,4.285714285714286,0.7142857142857143,0.714285714285714
CSE2613170,2026-08-03 04:49:00+00:00,Medium,2,3,2,4,5,1,3,3,3,4,4,3,4,4,1,0,2,0,0,3,1,2.857142857142857,3.5714285714285716,1.0,0.7142857142857144
CSE2613171,2026-08-03 04:50:00+00:00,Medium,4,1,1,3,5,3,4,4,5,4,4,4,3,5,0,4,3,1,0,0,1,3.0,4.142857142857143,1.2857142857142858,1.1428571428571432
CSE2613172,2026-08-03 04:51:00+00:00,High,1,1,4,3,3,1,3,3,5,4,5,5,5,4,2,4,0,2,2,4,1,2.2857142857142856,4.428571428571429,2.142857142857143,2.1428571428571432
CSE2613173,2026-08-03 04:52:00+00:00,Medium,3,2,3,4,3,4,4,5,4,4,4,5,4,4,2,2,1,0,2,0,0,3.2857142857142856,4.285714285714286,1.0,1.0
CSE2613174,2026-08-03 04:53:00+00:00,Medium,4,4,3,4,4,2,1,3,3,5,3,5,4,4,0,0,2,0,1,2,3,3.142857142857143,3.857142857142857,1.1428571428571428,0.7142857142857144
CSE2613175,2026-08-03 04:54:00+00:00,High,4,1,3,1,4,3,2,4,5,4,3,5,5,4,0,4,1,2,1,2,2,2.5714285714285716,4.285714285714286,1.7142857142857142,1.714285714285714
CSE2613176,2026-08-03 04:55:00+00:00,Low,3,3,4,4,4,3,3,5,3,4,4,3,3,4,2,0,0,0,0,0,1,3.4285714285714284,3.7142857142857144,0.42857142857142855,0.28571428571428603
CSE2613177,2026-08-03 04:56:00+00:00,Low,3,4,3,2,5,3,4,4,4,4,3,4,4,4,1,0,1,1,0,1,0,3.4285714285714284,3.857142857142857,0.5714285714285714,0.4285714285714288
CSE2613178,2026-08-03 04:57:00+00:00,Medium,3,4,3,2,4,2,3,5,3,4,5,3,4,4,2,0,1,3,0,2,1,3.0,4.0,1.2857142857142858,1.0
CSE2613179,2026-08-03 04:58:00+00:00,Low,5,4,3,1,4,3,4,5,4,4,3,4,4,4,0,0,1,2,0,1,0,3.4285714285714284,4.0,0.5714285714285714,0.5714285714285716
CSE2613180,2026-08-03 04:59:00+00:00,Medium,2,3,3,4,3,3,3,5,3,4,4,3,4,4,3,0,1,0,0,1,1,3.0,3.857142857142857,0.8571428571428571,0.8571428571428572
CSE2613181,2026-08-03 05:00:00+00:00,Low,4,2,3,3,4,5,4,5,4,4,4,4,4,3,1,2,1,1,0,0,0,3.5714285714285716,4.0,0.7142857142857143,0.4285714285714284
CSE2613182,2026-08-03 05:01:00+00:00,Medium,3,3,3,3,2,5,3,5,3,4,5,4,4,4,2,0,1,2,2,0,1,3.142857142857143,4.142857142857143,1.1428571428571428,1.0000000000000004
CSE2613183,2026-08-03 05:02:00+00:00,Medium,4,5,2,3,3,2,4,5,3,5,4,3,4,4,1,0,3,1,0,2,0,3.2857142857142856,4.0,1.0,0.7142857142857144
CSE2613184,2026-08-03 05:03:00+00:00,Low,4,4,3,4,3,3,4,5,5,5,3,3,4,3,1,1,2,0,0,1,0,3.5714285714285716,4.0,0.7142857142857143,0.4285714285714284
CSE2613185,2026-08-03 05:04:00+00:00,Medium,3,5,1,2,3,2,3,4,4,4,4,5,3,4,1,0,3,2,2,1,1,2.7142857142857144,4.0,1.4285714285714286,1.2857142857142856
CSE2613186,2026-08-03 05:05:00+00:00,Medium,4,1,4,3,3,3,4,5,5,4,4,4,5,4,1,4,0,1,1,2,0,3.142857142857143,4.428571428571429,1.2857142857142858,1.285714285714286
CSE2613187,2026-08-03 05:06:00+00:00,Medium,3,3,5,3,3,5,2,5,4,4,4,4,4,5,2,1,0,1,1,0,3,3.4285714285714284,4.285714285714286,1.1428571428571428,0.8571428571428572
CSE2613188,2026-08-03 05:07:00+00:00,High,1,3,1,4,2,2,4,4,4,5,5,4,5,4,3,1,4,1,2,3,0,2.4285714285714284,4.428571428571429,2.0,2.0000000000000004
CSE2613189,2026-08-03 05:08:00+00:00,Medium,3,2,2,3,2,3,4,5,3,4,4,4,4,4,2,1,2,1,2,1,0,2.7142857142857144,4.0,1.2857142857142858,1.2857142857142856
CSE2613190,2026-08-03 05:09:00+00:00,Low,3,3,4,2,5,5,4,4,4,4,4,4,4,4,1,1,0,2,0,0,0,3.7142857142857144,4.0,0.5714285714285714,0.2857142857142856
CSE2613191,2026-08-03 05:10:00+00:00,Medium,3,2,3,3,3,2,4,4,4,4,4,4,4,3,1,2,1,1,1,2,0,2.857142857142857,3.857142857142857,1.1428571428571428,1.0
CSE2613192,2026-08-03 05:11:00+00:00,Low,3,3,3,5,2,4,4,4,3,3,4,4,4,4,1,0,0,0,2,0,0,3.4285714285714284,3.7142857142857144,0.42857142857142855,0.28571428571428603
CSE2613193,2026-08-03 05:12:00+00:00,Medium,4,2,3,2,3,2,3,4,4,3,4,4,4,3,0,2,0,2,1,2,0,2.7142857142857144,3.7142857142857144,1.0,1.0
CSE2613194,2026-08-03 05:13:00+00:00,Low,3,4,5,3,5,4,4,4,4,4,4,4,4,4,1,0,0,1,0,0,0,4.0,4.0,0.2857142857142857,0.0
CSE2613195,2026-08-03 05:14:00+00:00,Low,5,3,2,4,4,3,2,4,3,4,4,3,5,3,0,0,2,0,0,2,1,3.2857142857142856,3.7142857142857144,0.7142857142857143,0.4285714285714288
CSE2613196,2026-08-03 05:15:00+00:00,Low,3,3,4,4,4,3,3,4,3,4,4,3,5,5,1,0,0,0,0,2,2,3.4285714285714284,4.0,0.7142857142857143,0.5714285714285716
CSE2613197,2026-08-03 05:16:00+00:00,Medium,4,3,3,4,1,5,3,5,4,4,5,4,3,4,1,1,1,1,3,0,1,3.2857142857142856,4.142857142857143,1.1428571428571428,0.8571428571428577
CSE2613198,2026-08-03 05:17:00+00:00,High,3,5,2,2,2,2,3,3,4,5,4,4,5,5,0,0,3,2,2,3,2,2.7142857142857144,4.285714285714286,1.7142857142857142,1.5714285714285712
CSE2613199,2026-08-03 05:18:00+00:00,Medium,4,3,4,4,3,1,4,5,3,5,3,4,5,5,1,0,1,0,1,4,1,3.2857142857142856,4.285714285714286,1.1428571428571428,1.0
CSE2613200,2026-08-03 05:19:00+00:00,Low,4,4,4,4,4,3,3,4,4,4,4,4,5,4,0,0,0,0,0,2,1,3.7142857142857144,4.142857142857143,0.42857142857142855,0.4285714285714288
CSE2613201,2026-08-03 05:20:00+00:00,Medium,1,4,3,1,4,3,2,4,5,3,4,5,4,3,3,1,0,3,1,1,1,2.5714285714285716,4.0,1.4285714285714286,1.4285714285714284
CSE2613202,2026-08-03 05:21:00+00:00,Medium,3,1,5,5,5,4,1,5,4,4,4,4,5,4,2,3,0,0,0,1,3,3.4285714285714284,4.285714285714286,1.2857142857142858,0.8571428571428572
CSE2613203,2026-08-03 05:22:00+00:00,Medium,4,2,4,3,3,2,4,4,4,5,5,4,5,3,0,2,1,2,1,3,0,3.142857142857143,4.285714285714286,1.2857142857142858,1.1428571428571428
CSE2613204,2026-08-03 05:23:00+00:00,Medium,4,1,4,3,1,4,4,4,4,3,5,4,4,3,0,3,0,2,3,0,0,3.0,3.857142857142857,1.1428571428571428,0.8571428571428572
CSE2613205,2026-08-03 05:24:00+00:00,Low,4,4,4,3,4,4,3,5,3,4,5,3,4,3,1,0,0,2,0,0,0,3.7142857142857144,3.857142857142857,0.42857142857142855,0.1428571428571428
CSE2613206,2026-08-03 05:25:00+00:00,Medium,3,3,1,4,4,4,5,4,5,5,5,3,4,4,1,2,4,1,0,0,0,3.4285714285714284,4.285714285714286,1.1428571428571428,0.8571428571428572
CSE2613207,2026-08-03 05:26:00+00:00,Medium,4,4,2,3,4,4,2,3,4,5,5,4,4,4,0,0,3,2,0,0,2,3.2857142857142856,4.142857142857143,1.0,0.8571428571428577
CSE2613208,2026-08-03 05:27:00+00:00,Low,4,4,2,4,4,5,3,4,4,4,5,3,5,4,0,0,2,1,0,0,1,3.7142857142857144,4.142857142857143,0.5714285714285714,0.4285714285714288
CSE2613209,2026-08-03 05:28:00+00:00,Low,4,3,2,5,3,3,4,4,4,4,4,5,3,4,0,1,2,0,2,0,0,3.4285714285714284,4.0,0.7142857142857143,0.5714285714285716
CSE2613210,2026-08-03 05:29:00+00:00,Low,3,3,3,3,4,3,5,3,5,4,3,4,4,3,0,2,1,0,0,1,0,3.4285714285714284,3.7142857142857144,0.5714285714285714,0.28571428571428603
CSE2613211,2026-08-03 05:30:00+00:00,Medium,2,3,4,4,4,2,2,4,5,4,4,4,4,5,2,2,0,0,0,2,3,3.0,4.285714285714286,1.2857142857142858,1.2857142857142856
CSE2613212,2026-08-03 05:31:00+00:00,Low,5,4,2,3,3,4,3,4,4,4,4,4,4,3,0,0,2,1,1,0,0,3.4285714285714284,3.857142857142857,0.5714285714285714,0.4285714285714288
CSE2613213,2026-08-03 05:32:00+00:00,Medium,4,5,1,2,5,4,2,4,3,3,4,3,4,4,0,0,2,2,0,0,2,3.2857142857142856,3.5714285714285716,0.8571428571428571,0.28571428571428603
CSE2613214,2026-08-03 05:33:00+00:00,Medium,3,2,3,1,4,3,4,5,3,5,5,4,4,4,2,1,2,4,0,1,0,2.857142857142857,4.285714285714286,1.4285714285714286,1.4285714285714284
CSE2613215,2026-08-03 05:34:00+00:00,Low,4,4,3,4,4,2,2,4,3,3,3,4,5,4,0,0,0,0,0,3,2,3.2857142857142856,3.7142857142857144,0.7142857142857143,0.4285714285714288
CSE2613216,2026-08-03 05:35:00+00:00,Medium,4,4,5,4,4,2,2,4,4,4,5,5,5,4,0,0,0,1,1,3,2,3.5714285714285716,4.428571428571429,1.0,0.8571428571428572
CSE2613217,2026-08-03 05:36:00+00:00,Medium,3,3,3,4,1,3,3,4,5,4,3,3,4,4,1,2,1,0,2,1,1,2.857142857142857,3.857142857142857,1.1428571428571428,1.0
CSE2613218,2026-08-03 05:37:00+00:00,Medium,3,4,4,2,4,2,3,5,4,5,4,3,4,5,2,0,1,2,0,2,2,3.142857142857143,4.285714285714286,1.2857142857142858,1.1428571428571428
CSE2613219,2026-08-03 05:38:00+00:00,High,2,3,2,2,2,4,3,5,4,4,4,3,4,5,3,1,2,2,1,0,2,2.5714285714285716,4.142857142857143,1.5714285714285714,1.5714285714285716
CSE2613220,2026-08-03 05:39:00+00:00,Low,3,5,3,3,3,4,2,5,3,4,3,3,4,4,2,0,1,0,0,0,2,3.2857142857142856,3.7142857142857144,0.7142857142857143,0.4285714285714288
CSE2613221,2026-08-03 05:40:00+00:00,Medium,2,3,3,2,2,2,5,4,4,3,4,3,4,4,2,1,0,2,1,2,0,2.7142857142857144,3.7142857142857144,1.1428571428571428,1.0
CSE2613222,2026-08-03 05:41:00+00:00,High,3,4,4,1,3,3,3,5,4,4,5,5,5,5,2,0,0,4,2,2,2,3.0,4.714285714285714,1.7142857142857142,1.7142857142857144
CSE2613223,2026-08-03 05:42:00+00:00,Medium,5,2,4,1,3,2,5,5,3,4,5,4,4,5,0,1,0,4,1,2,0,3.142857142857143,4.285714285714286,1.1428571428571428,1.1428571428571428
CSE2613224,2026-08-03 05:43:00+00:00,Medium,3,2,3,4,4,5,2,4,4,4,5,4,4,4,1,2,1,1,0,0,2,3.2857142857142856,4.142857142857143,1.0,0.8571428571428577
CSE2613225,2026-08-03 05:44:00+00:00,Medium,2,3,3,3,4,3,2,5,5,4,4,4,4,4,3,2,1,1,0,1,2,2.857142857142857,4.285714285714286,1.4285714285714286,1.4285714285714284
CSE2613226,2026-08-03 05:45:00+00:00,Medium,3,3,4,4,4,2,3,4,4,4,5,3,5,3,1,1,0,1,0,3,0,3.2857142857142856,4.0,0.8571428571428571,0.7142857142857144
CSE2613227,2026-08-03 05:46:00+00:00,Medium,3,3,5,4,3,3,1,4,4,4,4,4,4,4,1,1,0,0,1,1,3,3.142857142857143,4.0,1.0,0.8571428571428572
CSE2613228,2026-08-03 05:47:00+00:00,Medium,2,3,3,4,4,4,1,5,5,4,3,3,5,4,3,2,1,0,0,1,3,3.0,4.142857142857143,1.4285714285714286,1.1428571428571432
CSE2613229,2026-08-03 05:48:00+00:00,Medium,3,3,3,2,2,1,4,5,3,5,3,3,4,3,2,0,2,1,1,3,0,2.5714285714285716,3.7142857142857144,1.2857142857142858,1.1428571428571428
CSE2613230,2026-08-03 05:49:00+00:00,Medium,2,5,3,4,3,3,3,4,4,4,4,5,4,4,2,0,1,0,2,1,1,3.2857142857142856,4.142857142857143,1.0,0.8571428571428577
CSE2613231,2026-08-03 05:50:00+00:00,High,3,1,4,1,2,3,1,4,3,4,5,3,4,5,1,2,0,4,1,1,4,2.142857142857143,4.0,1.8571428571428572,1.8571428571428572
CSE2613232,2026-08-03 05:51:00+00:00,Low,2,2,4,4,4,5,1,3,4,4,4,4,4,3,1,2,0,0,0,0,2,3.142857142857143,3.7142857142857144,0.7142857142857143,0.5714285714285716
CSE2613233,2026-08-03 05:52:00+00:00,Medium,3,3,3,4,3,2,3,3,4,4,5,4,5,4,0,1,1,1,1,3,1,3.0,4.142857142857143,1.1428571428571428,1.1428571428571432
CSE2613234,2026-08-03 05:53:00+00:00,Medium,1,3,5,4,3,5,3,5,4,4,4,4,4,4,4,1,0,0,1,0,1,3.4285714285714284,4.142857142857143,1.0,0.7142857142857149
CSE2613235,2026-08-03 05:54:00+00:00,Medium,3,2,3,4,3,4,3,4,4,4,4,4,3,4,1,2,1,0,1,0,1,3.142857142857143,3.857142857142857,0.8571428571428571,0.7142857142857144
CSE2613236,2026-08-03 05:55:00+00:00,Medium,5,4,3,4,4,3,3,5,5,5,4,4,5,4,0,1,2,0,0,2,1,3.7142857142857144,4.571428571428571,0.8571428571428571,0.8571428571428568
CSE2613237,2026-08-03 05:56:00+00:00,Low,5,3,1,4,3,4,5,4,3,4,4,4,3,4,0,0,3,0,1,0,0,3.5714285714285716,3.7142857142857144,0.5714285714285714,0.1428571428571428
CSE2613238,2026-08-03 05:57:00+00:00,Medium,3,4,3,2,3,4,3,4,5,5,4,4,5,4,1,1,2,2,1,1,1,3.142857142857143,4.428571428571429,1.2857142857142858,1.285714285714286
CSE2613239,2026-08-03 05:58:00+00:00,Medium,3,4,2,4,3,5,4,4,5,5,5,5,5,4,1,1,3,1,2,0,0,3.5714285714285716,4.714285714285714,1.1428571428571428,1.1428571428571428
CSE2613240,2026-08-03 05:59:00+00:00,Medium,3,4,3,3,5,2,4,5,4,4,5,3,3,4,2,0,1,2,0,1,0,3.4285714285714284,4.0,0.8571428571428571,0.5714285714285716
CSE2613241,2026-08-03 06:00:00+00:00,Medium,3,3,5,3,3,3,2,5,4,4,4,4,4,4,2,1,0,1,1,1,2,3.142857142857143,4.142857142857143,1.1428571428571428,1.0000000000000004
CSE2613242,2026-08-03 06:01:00+00:00,Medium,5,4,3,4,3,1,3,3,5,4,5,5,4,4,0,1,1,1,2,3,1,3.2857142857142856,4.285714285714286,1.2857142857142858,1.0
CSE2613243,2026-08-03 06:02:00+00:00,High,2,3,2,1,2,3,3,4,3,5,5,4,4,3,2,0,3,4,2,1,0,2.2857142857142856,4.0,1.7142857142857142,1.7142857142857144
CSE2613244,2026-08-03 06:03:00+00:00,Low,4,1,5,3,5,4,3,4,3,4,3,4,4,3,0,2,0,0,0,0,0,3.5714285714285716,3.5714285714285716,0.2857142857142857,0.0
CSE2613245,2026-08-03 06:04:00+00:00,Medium,5,4,3,2,1,4,3,3,4,4,4,3,5,3,0,0,1,2,2,1,0,3.142857142857143,3.7142857142857144,0.8571428571428571,0.5714285714285716
CSE2613246,2026-08-03 06:05:00+00:00,Medium,2,3,3,3,4,4,4,4,4,5,4,5,4,4,2,1,2,1,1,0,0,3.2857142857142856,4.285714285714286,1.0,1.0
CSE2613247,2026-08-03 06:06:00+00:00,Medium,4,3,3,4,1,4,3,4,3,4,3,5,4,5,0,0,1,0,4,0,2,3.142857142857143,4.0,1.0,0.8571428571428572
CSE2613248,2026-08-03 06:07:00+00:00,Medium,5,2,2,3,2,4,4,4,4,5,4,4,4,4,0,2,3,1,2,0,0,3.142857142857143,4.142857142857143,1.1428571428571428,1.0000000000000004
CSE2613249,2026-08-03 06:08:00+00:00,Medium,4,1,2,4,4,2,3,4,3,4,5,3,4,5,0,2,2,1,0,2,2,2.857142857142857,4.0,1.2857142857142858,1.1428571428571428
CSE2613250,2026-08-03 06:09:00+00:00,High,1,3,3,3,1,1,3,4,5,5,4,4,4,5,3,2,2,1,3,3,2,2.142857142857143,4.428571428571429,2.2857142857142856,2.285714285714286
CSE2613251,2026-08-03 06:10:00+00:00,Medium,3,2,4,4,3,3,4,5,4,5,5,5,4,5,2,2,1,1,2,1,1,3.2857142857142856,4.714285714285714,1.4285714285714286,1.4285714285714288
CSE2613252,2026-08-03 06:11:00+00:00,Medium,4,2,3,3,3,2,1,4,3,3,5,4,4,5,0,1,0,2,1,2,4,2.5714285714285716,4.0,1.4285714285714286,1.4285714285714284
CSE2613253,2026-08-03 06:12:00+00:00,Medium,4,4,2,4,4,2,3,4,3,4,5,4,5,4,0,0,2,1,0,3,1,3.2857142857142856,4.142857142857143,1.0,0.8571428571428577
CSE2613254,2026-08-03 06:13:00+00:00,Medium,3,3,2,2,4,3,5,4,3,5,4,5,4,3,1,0,3,2,1,1,0,3.142857142857143,4.0,1.1428571428571428,0.8571428571428572
CSE2613255,2026-08-03 06:14:00+00:00,Low,4,4,4,4,4,3,5,5,4,4,3,5,3,5,1,0,0,0,1,0,0,4.0,4.142857142857143,0.2857142857142857,0.14285714285714324
CSE2613256,2026-08-03 06:15:00+00:00,Medium,2,2,4,4,3,5,4,4,4,4,3,5,5,5,2,2,0,0,2,0,1,3.4285714285714284,4.285714285714286,1.0,0.8571428571428572
CSE2613257,2026-08-03 06:16:00+00:00,Low,4,4,5,5,5,4,3,4,5,3,4,4,4,4,0,1,0,0,0,0,1,4.285714285714286,4.0,0.2857142857142857,-0.2857142857142856
CSE2613258,2026-08-03 06:17:00+00:00,Low,1,5,4,5,3,3,3,5,4,4,4,3,3,4,4,0,0,0,0,0,1,3.4285714285714284,3.857142857142857,0.7142857142857143,0.4285714285714288
CSE2613259,2026-08-03 06:18:00+00:00,Low,5,5,3,4,4,3,3,4,4,4,4,4,5,4,0,0,1,0,0,2,1,3.857142857142857,4.142857142857143,0.5714285714285714,0.28571428571428603
CSE2613260,2026-08-03 06:19:00+00:00,Medium,1,3,5,3,2,3,5,4,5,4,3,3,4,5,3,2,0,0,1,1,0,3.142857142857143,4.0,1.0,0.8571428571428572
CSE2613261,2026-08-03 06:20:00+00:00,Medium,5,3,3,4,2,4,4,3,4,5,4,4,5,5,0,1,2,0,2,1,1,3.5714285714285716,4.285714285714286,1.0,0.714285714285714
CSE2613262,2026-08-03 06:21:00+00:00,Low,3,2,4,4,4,4,4,3,4,4,4,3,4,4,0,2,0,0,0,0,0,3.5714285714285716,3.7142857142857144,0.2857142857142857,0.1428571428571428
CSE2613263,2026-08-03 06:22:00+00:00,Medium,5,2,3,4,4,3,4,5,5,5,5,5,5,5,0,3,2,1,1,2,1,3.5714285714285716,5.0,1.4285714285714286,1.4285714285714284
CSE2613264,2026-08-03 06:23:00+00:00,High,2,3,2,4,5,1,5,5,5,4,5,4,4,3,3,2,2,1,0,3,0,3.142857142857143,4.285714285714286,1.5714285714285714,1.1428571428571428
CSE2613265,2026-08-03 06:24:00+00:00,Medium,3,1,4,3,3,4,3,4,4,4,4,4,4,4,1,3,0,1,1,0,1,3.0,4.0,1.0,1.0
CSE2613266,2026-08-03 06:25:00+00:00,Low,5,4,3,4,5,4,3,4,5,4,4,4,4,4,0,1,1,0,0,0,1,4.0,4.142857142857143,0.42857142857142855,0.14285714285714324
CSE2613267,2026-08-03 06:26:00+00:00,Medium,1,4,3,5,4,2,5,4,5,4,4,4,3,5,3,1,1,0,0,1,0,3.4285714285714284,4.142857142857143,0.8571428571428571,0.7142857142857149
CSE2613268,2026-08-03 06:27:00+00:00,Low,3,3,4,2,2,4,4,3,5,4,3,3,3,5,0,2,0,1,1,0,1,3.142857142857143,3.7142857142857144,0.7142857142857143,0.5714285714285716
CSE2613269,2026-08-03 06:28:00+00:00,Medium,3,3,5,5,4,2,4,4,5,4,4,5,4,4,1,2,0,0,1,2,0,3.7142857142857144,4.285714285714286,0.8571428571428571,0.5714285714285712
CSE2613270,2026-08-03 06:29:00+00:00,Medium,3,3,4,4,3,3,1,4,4,4,5,5,4,5,1,1,0,1,2,1,4,3.0,4.428571428571429,1.4285714285714286,1.4285714285714288
CSE2613271,2026-08-03 06:30:00+00:00,Medium,3,3,2,3,2,3,3,5,4,4,4,4,3,3,2,1,2,1,2,0,0,2.7142857142857144,3.857142857142857,1.1428571428571428,1.1428571428571428
CSE2613272,2026-08-03 06:31:00+00:00,Medium,4,3,3,4,3,3,1,4,4,4,4,4,5,5,0,1,1,0,1,2,4,3.0,4.285714285714286,1.2857142857142858,1.2857142857142856
CSE2613273,2026-08-03 06:32:00+00:00,Medium,2,4,2,3,3,5,4,5,4,5,4,4,3,4,3,0,3,1,1,0,0,3.2857142857142856,4.142857142857143,1.1428571428571428,0.8571428571428577
CSE2613274,2026-08-03 06:33:00+00:00,Medium,5,3,4,3,3,4,2,4,4,4,5,5,4,4,0,1,0,2,2,0,2,3.4285714285714284,4.285714285714286,1.0,0.8571428571428572
CSE2613275,2026-08-03 06:34:00+00:00,Low,4,4,4,3,3,3,4,4,4,4,5,4,4,4,0,0,0,2,1,1,0,3.5714285714285716,4.142857142857143,0.5714285714285714,0.5714285714285716
CSE2613276,2026-08-03 06:35:00+00:00,Medium,3,3,4,2,4,2,3,3,4,4,3,3,5,5,0,1,0,1,0,3,2,3.0,3.857142857142857,1.0,0.8571428571428572
CSE2613277,2026-08-03 06:36:00+00:00,Medium,3,4,2,2,3,4,3,4,4,4,4,4,5,5,1,0,2,2,1,1,2,3.0,4.285714285714286,1.2857142857142858,1.2857142857142856
CSE2613278,2026-08-03 06:37:00+00:00,Medium,3,1,5,2,4,3,3,4,5,4,4,4,4,4,1,4,0,2,0,1,1,3.0,4.142857142857143,1.2857142857142858,1.1428571428571432
CSE2613279,2026-08-03 06:38:00+00:00,Medium,3,2,3,2,4,1,4,4,4,4,3,5,3,4,1,2,1,1,1,2,0,2.7142857142857144,3.857142857142857,1.1428571428571428,1.1428571428571428
CSE2613280,2026-08-03 06:39:00+00:00,Low,3,5,5,4,4,3,3,4,5,4,4,5,5,4,1,0,0,0,1,2,1,3.857142857142857,4.428571428571429,0.7142857142857143,0.5714285714285716
CSE2613281,2026-08-03 06:40:00+00:00,Medium,4,3,5,2,3,3,1,4,3,5,4,4,4,5,0,0,0,2,1,1,4,3.0,4.142857142857143,1.1428571428571428,1.1428571428571432
CSE2613282,2026-08-03 06:41:00+00:00,Low,3,5,4,5,4,3,3,4,4,3,4,5,4,4,1,0,0,0,1,1,1,3.857142857142857,4.0,0.5714285714285714,0.1428571428571428
CSE2613283,2026-08-03 06:42:00+00:00,High,3,4,3,3,2,4,2,4,4,5,5,5,4,5,1,0,2,2,3,0,3,3.0,4.571428571428571,1.5714285714285714,1.5714285714285712
CSE2613284,2026-08-03 06:43:00+00:00,Medium,3,3,3,2,3,3,5,5,4,5,5,4,4,4,2,1,2,3,1,1,0,3.142857142857143,4.428571428571429,1.4285714285714286,1.285714285714286
CSE2613285,2026-08-03 06:44:00+00:00,Low,2,4,4,4,2,4,4,4,4,4,4,4,4,4,2,0,0,0,2,0,0,3.4285714285714284,4.0,0.5714285714285714,0.5714285714285716
CSE2613286,2026-08-03 06:45:00+00:00,Medium,4,4,3,4,2,2,2,3,4,3,4,4,4,5,0,0,0,0,2,2,3,3.0,3.857142857142857,1.0,0.8571428571428572
CSE2613287,2026-08-03 06:46:00+00:00,Low,1,5,3,4,3,4,3,3,3,3,4,5,3,4,2,0,0,0,2,0,1,3.2857142857142856,3.5714285714285716,0.7142857142857143,0.28571428571428603
CSE2613288,2026-08-03 06:47:00+00:00,High,2,3,3,2,2,3,4,3,4,5,3,5,5,5,1,1,2,1,3,2,1,2.7142857142857144,4.285714285714286,1.5714285714285714,1.5714285714285712
CSE2613289,2026-08-03 06:48:00+00:00,Medium,2,4,3,4,1,3,3,4,3,4,4,4,5,3,2,0,1,0,3,2,0,2.857142857142857,3.857142857142857,1.1428571428571428,1.0
CSE2613290,2026-08-03 06:49:00+00:00,Medium,2,3,4,2,3,3,4,4,5,3,3,4,3,5,2,2,0,1,1,0,1,3.0,3.857142857142857,1.0,0.8571428571428572
CSE2613291,2026-08-03 06:50:00+00:00,High,3,5,1,4,4,5,1,5,4,5,5,4,4,5,2,0,4,1,0,0,4,3.2857142857142856,4.571428571428571,1.5714285714285714,1.2857142857142856
CSE2613292,2026-08-03 06:51:00+00:00,Medium,4,4,1,4,3,3,3,3,4,3,4,4,5,5,0,0,2,0,1,2,2,3.142857142857143,4.0,1.0,0.8571428571428572
CSE2613293,2026-08-03 06:52:00+00:00,High,4,1,3,4,1,3,3,4,5,4,5,5,5,4,0,4,1,1,4,2,1,2.7142857142857144,4.571428571428571,1.8571428571428572,1.8571428571428568
CSE2613294,2026-08-03 06:53:00+00:00,Medium,4,2,3,3,4,2,4,4,5,4,4,5,3,5,0,3,1,1,1,1,1,3.142857142857143,4.285714285714286,1.1428571428571428,1.1428571428571428
CSE2613295,2026-08-03 06:54:00+00:00,Medium,4,4,3,3,2,2,5,3,4,4,5,4,4,4,0,0,1,2,2,2,0,3.2857142857142856,4.0,1.0,0.7142857142857144
CSE2613296,2026-08-03 06:55:00+00:00,High,2,4,2,3,2,2,2,4,5,3,4,4,4,4,2,1,1,1,2,2,2,2.4285714285714284,4.0,1.5714285714285714,1.5714285714285716
CSE2613297,2026-08-03 06:56:00+00:00,Medium,3,4,3,2,3,3,2,4,5,4,3,4,4,5,1,1,1,1,1,1,3,2.857142857142857,4.142857142857143,1.2857142857142858,1.285714285714286
CSE2613298,2026-08-03 06:57:00+00:00,Medium,2,5,4,4,4,2,2,4,3,4,4,5,5,4,2,0,0,0,1,3,2,3.2857142857142856,4.142857142857143,1.1428571428571428,0.8571428571428577
CSE2613299,2026-08-03 06:58:00+00:00,Medium,3,3,4,3,3,2,5,4,5,4,5,4,5,4,1,2,0,2,1,3,0,3.2857142857142856,4.428571428571429,1.2857142857142858,1.1428571428571432
CSE2613300,2026-08-03 06:59:00+00:00,Medium,3,3,3,5,2,3,5,5,4,4,4,4,3,5,2,1,1,0,2,0,0,3.4285714285714284,4.142857142857143,0.8571428571428571,0.7142857142857149
CSE2613301,2026-08-03 07:00:00+00:00,High,1,3,1,4,3,3,3,5,5,5,4,4,4,4,4,2,4,0,1,1,1,2.5714285714285716,4.428571428571429,1.8571428571428572,1.8571428571428572
CSE2613302,2026-08-03 07:01:00+00:00,Medium,3,2,4,2,4,3,5,4,5,3,5,5,5,4,1,3,0,3,1,2,0,3.2857142857142856,4.428571428571429,1.4285714285714286,1.1428571428571432
CSE2613303,2026-08-03 07:02:00+00:00,Medium,3,3,4,1,3,3,4,4,4,5,5,3,4,4,1,1,1,4,0,1,0,3.0,4.142857142857143,1.1428571428571428,1.1428571428571432
CSE2613304,2026-08-03 07:03:00+00:00,High,2,2,2,2,1,4,4,5,4,4,4,3,5,4,3,2,2,2,2,1,0,2.4285714285714284,4.142857142857143,1.7142857142857142,1.7142857142857149
CSE2613305,2026-08-03 07:04:00+00:00,Medium,3,3,3,3,3,3,2,5,4,4,4,4,5,4,2,1,1,1,1,2,2,2.857142857142857,4.285714285714286,1.4285714285714286,1.4285714285714284
CSE2613306,2026-08-03 07:05:00+00:00,Medium,4,3,4,4,2,1,1,4,4,4,4,5,4,4,0,1,0,0,3,3,3,2.7142857142857144,4.142857142857143,1.4285714285714286,1.4285714285714288
CSE2613307,2026-08-03 07:06:00+00:00,Medium,3,3,2,4,3,3,4,5,4,4,4,4,5,3,2,1,2,0,1,2,0,3.142857142857143,4.142857142857143,1.1428571428571428,1.0000000000000004
CSE2613308,2026-08-03 07:07:00+00:00,Medium,3,4,5,3,2,4,3,4,4,5,3,5,4,5,1,0,0,0,3,0,2,3.4285714285714284,4.285714285714286,0.8571428571428571,0.8571428571428572
CSE2613309,2026-08-03 07:08:00+00:00,Low,4,3,3,3,3,3,4,4,4,3,4,5,4,3,0,1,0,1,2,1,0,3.2857142857142856,3.857142857142857,0.7142857142857143,0.5714285714285716
CSE2613310,2026-08-03 07:09:00+00:00,Medium,5,4,5,3,4,3,1,4,5,4,4,4,5,4,0,1,0,1,0,2,3,3.5714285714285716,4.285714285714286,1.0,0.714285714285714
CSE2613311,2026-08-03 07:10:00+00:00,Medium,3,4,5,3,4,1,5,4,3,5,5,5,4,5,1,0,0,2,1,3,0,3.5714285714285716,4.428571428571429,1.0,0.8571428571428572
CSE2613312,2026-08-03 07:11:00+00:00,Low,3,3,4,3,3,4,4,5,4,3,3,5,4,4,2,1,0,0,2,0,0,3.4285714285714284,4.0,0.7142857142857143,0.5714285714285716
CSE2613313,2026-08-03 07:12:00+00:00,Medium,4,3,5,3,3,4,3,5,4,4,4,4,5,4,1,1,0,1,1,1,1,3.5714285714285716,4.285714285714286,0.8571428571428571,0.714285714285714
CSE2613314,2026-08-03 07:13:00+00:00,Medium,3,3,3,2,4,3,4,4,4,4,4,5,4,4,1,1,1,2,1,1,0,3.142857142857143,4.142857142857143,1.0,1.0000000000000004
CSE2613315,2026-08-03 07:14:00+00:00,Medium,4,4,4,5,2,4,3,5,3,5,3,5,4,5,1,0,1,0,3,0,2,3.7142857142857144,4.285714285714286,1.0,0.5714285714285712
CSE2613316,2026-08-03 07:15:00+00:00,Medium,5,3,3,3,4,4,2,5,4,4,5,4,4,5,0,1,1,2,0,0,3,3.4285714285714284,4.428571428571429,1.0,1.0000000000000004
CSE2613317,2026-08-03 07:16:00+00:00,Medium,1,3,2,4,3,2,3,3,4,4,3,4,4,4,2,1,2,0,1,2,1,2.5714285714285716,3.7142857142857144,1.2857142857142858,1.1428571428571428
CSE2613318,2026-08-03 07:17:00+00:00,Low,4,5,4,1,2,4,5,4,5,4,3,4,5,4,0,0,0,2,2,1,0,3.5714285714285716,4.142857142857143,0.7142857142857143,0.5714285714285716
CSE2613319,2026-08-03 07:18:00+00:00,Medium,3,4,3,1,5,3,4,3,5,4,5,4,4,5,0,1,1,4,0,1,1,3.2857142857142856,4.285714285714286,1.1428571428571428,1.0
CSE2613320,2026-08-03 07:19:00+00:00,Medium,1,4,3,4,4,3,2,5,4,4,4,4,4,5,4,0,1,0,0,1,3,3.0,4.285714285714286,1.2857142857142858,1.2857142857142856
CSE2613321,2026-08-03 07:20:00+00:00,Medium,4,2,3,2,3,3,5,3,4,3,4,4,4,4,0,2,0,2,1,1,0,3.142857142857143,3.7142857142857144,0.8571428571428571,0.5714285714285716
CSE2613322,2026-08-03 07:21:00+00:00,High,3,3,2,3,5,1,3,4,5,4,5,4,4,4,1,2,2,2,0,3,1,2.857142857142857,4.285714285714286,1.5714285714285714,1.4285714285714284
CSE2613323,2026-08-03 07:22:00+00:00,Low,4,5,3,3,3,5,2,4,5,4,4,4,4,4,0,0,1,1,1,0,2,3.5714285714285716,4.142857142857143,0.7142857142857143,0.5714285714285716
CSE2613324,2026-08-03 07:23:00+00:00,Medium,3,2,4,2,3,4,3,4,5,4,3,4,3,5,1,3,0,1,1,0,2,3.0,4.0,1.1428571428571428,1.0
CSE2613325,2026-08-03 07:24:00+00:00,Medium,4,4,2,4,3,4,4,4,4,4,3,5,5,5,0,0,2,0,2,1,1,3.5714285714285716,4.285714285714286,0.8571428571428571,0.714285714285714
CSE2613326,2026-08-03 07:25:00+00:00,Medium,4,3,4,3,3,5,2,5,3,5,5,3,3,4,1,0,1,2,0,0,2,3.4285714285714284,4.0,0.8571428571428571,0.5714285714285716
CSE2613327,2026-08-03 07:26:00+00:00,High,3,2,2,5,3,3,4,3,5,5,4,5,5,5,0,3,3,0,2,2,1,3.142857142857143,4.571428571428571,1.5714285714285714,1.4285714285714284
CSE2613328,2026-08-03 07:27:00+00:00,Medium,4,3,1,4,3,4,1,4,3,4,4,4,4,3,0,0,3,0,1,0,2,2.857142857142857,3.7142857142857144,0.8571428571428571,0.8571428571428572
CSE2613329,2026-08-03 07:28:00+00:00,High,1,3,1,3,3,3,2,4,4,3,5,4,4,5,3,1,2,2,1,1,3,2.2857142857142856,4.142857142857143,1.8571428571428572,1.8571428571428577
CSE2613330,2026-08-03 07:29:00+00:00,High,2,4,1,4,1,4,1,4,5,4,4,5,4,4,2,1,3,0,4,0,3,2.4285714285714284,4.285714285714286,1.8571428571428572,1.8571428571428572
CSE2613331,2026-08-03 07:30:00+00:00,High,3,4,2,4,3,1,2,3,4,5,4,5,4,5,0,0,3,0,2,3,3,2.7142857142857144,4.285714285714286,1.5714285714285714,1.5714285714285712
CSE2613332,2026-08-03 07:31:00+00:00,Medium,5,1,3,4,3,3,3,3,3,4,4,5,4,3,0,2,1,0,2,1,0,3.142857142857143,3.7142857142857144,0.8571428571428571,0.5714285714285716
CSE2613333,2026-08-03 07:32:00+00:00,Low,4,5,4,4,5,4,3,4,5,4,4,4,5,4,0,0,0,0,0,1,1,4.142857142857143,4.285714285714286,0.2857142857142857,0.14285714285714235
CSE2613334,2026-08-03 07:33:00+00:00,High,4,2,3,3,1,4,2,4,5,4,4,4,4,5,0,3,1,1,3,0,3,2.7142857142857144,4.285714285714286,1.5714285714285714,1.5714285714285712
CSE2613335,2026-08-03 07:34:00+00:00,Medium,3,4,2,2,3,3,5,4,5,4,4,3,4,4,1,1,2,2,0,1,0,3.142857142857143,4.0,1.0,0.8571428571428572
CSE2613336,2026-08-03 07:35:00+00:00,High,1,4,3,2,1,2,4,4,5,4,5,4,4,4,3,1,1,3,3,2,0,2.4285714285714284,4.285714285714286,1.8571428571428572,1.8571428571428572
CSE2613337,2026-08-03 07:36:00+00:00,Medium,3,1,2,3,4,2,3,4,3,4,3,4,4,3,1,2,2,0,0,2,0,2.5714285714285716,3.5714285714285716,1.0,1.0
CSE2613338,2026-08-03 07:37:00+00:00,Low,4,3,5,4,4,4,4,4,4,3,3,4,4,3,0,1,0,0,0,0,0,4.0,3.5714285714285716,0.14285714285714285,-0.4285714285714284
CSE2613339,2026-08-03 07:38:00+00:00,Medium,4,4,3,3,4,4,3,4,5,4,5,5,4,4,0,1,1,2,1,0,1,3.5714285714285716,4.428571428571429,0.8571428571428571,0.8571428571428572
CSE2613340,2026-08-03 07:39:00+00:00,Medium,3,4,2,3,3,4,4,5,4,5,5,5,4,3,2,0,3,2,2,0,0,3.2857142857142856,4.428571428571429,1.2857142857142858,1.1428571428571432
CSE2613341,2026-08-03 07:40:00+00:00,Medium,4,4,4,4,3,3,3,5,5,4,5,4,4,4,1,1,0,1,1,1,1,3.5714285714285716,4.428571428571429,0.8571428571428571,0.8571428571428572
CSE2613342,2026-08-03 07:41:00+00:00,Medium,4,4,2,4,4,1,2,4,4,5,4,4,4,5,0,0,3,0,0,3,3,3.0,4.285714285714286,1.2857142857142858,1.2857142857142856
CSE2613343,2026-08-03 07:42:00+00:00,Medium,1,1,3,4,3,4,4,4,5,4,4,4,4,5,3,4,1,0,1,0,1,2.857142857142857,4.285714285714286,1.4285714285714286,1.4285714285714284
CSE2613344,2026-08-03 07:43:00+00:00,Medium,3,5,3,4,3,4,3,4,5,5,4,4,3,5,1,0,2,0,1,0,2,3.5714285714285716,4.285714285714286,0.8571428571428571,0.714285714285714
CSE2613345,2026-08-03 07:44:00+00:00,Medium,1,1,4,5,5,3,3,4,3,4,5,4,5,5,3,2,0,0,0,2,2,3.142857142857143,4.285714285714286,1.2857142857142858,1.1428571428571428
CSE2613346,2026-08-03 07:45:00+00:00,Low,5,3,3,5,5,4,5,5,4,4,4,3,4,4,0,1,1,0,0,0,0,4.285714285714286,4.0,0.2857142857142857,-0.2857142857142856
CSE2613347,2026-08-03 07:46:00+00:00,High,1,1,3,5,4,3,3,5,3,5,5,5,4,4,4,2,2,0,1,1,1,2.857142857142857,4.428571428571429,1.5714285714285714,1.5714285714285716
CSE2613348,2026-08-03 07:47:00+00:00,High,2,4,3,3,2,1,2,4,3,4,3,5,4,5,2,0,1,0,3,3,3,2.4285714285714284,4.0,1.7142857142857142,1.5714285714285716
CSE2613349,2026-08-03 07:48:00+00:00,Medium,3,2,3,3,2,3,3,4,4,5,3,5,4,3,1,2,2,0,3,1,0,2.7142857142857144,4.0,1.2857142857142858,1.2857142857142856
CSE2613350,2026-08-03 07:49:00+00:00,High,4,1,2,2,1,5,3,4,5,4,5,3,5,4,0,4,2,3,2,0,1,2.5714285714285716,4.285714285714286,1.7142857142857142,1.714285714285714
CSE2613351,2026-08-03 07:50:00+00:00,High,2,3,4,2,1,3,4,5,5,3,5,5,4,3,3,2,0,3,4,1,0,2.7142857142857144,4.285714285714286,1.8571428571428572,1.5714285714285712
CSE2613352,2026-08-03 07:51:00+00:00,Medium,2,2,3,4,2,4,3,4,5,5,4,4,4,4,2,3,2,0,2,0,1,2.857142857142857,4.285714285714286,1.4285714285714286,1.4285714285714284
CSE2613353,2026-08-03 07:52:00+00:00,Medium,3,2,3,3,4,2,3,4,3,4,5,4,4,3,1,1,1,2,0,2,0,2.857142857142857,3.857142857142857,1.0,1.0
CSE2613354,2026-08-03 07:53:00+00:00,Medium,3,3,4,3,2,2,2,4,4,4,5,5,4,3,1,1,0,2,3,2,1,2.7142857142857144,4.142857142857143,1.4285714285714286,1.4285714285714288
CSE2613355,2026-08-03 07:54:00+00:00,Low,2,5,5,4,2,3,4,5,4,4,4,4,3,4,3,0,0,0,2,0,0,3.5714285714285716,4.0,0.7142857142857143,0.4285714285714284
CSE2613356,2026-08-03 07:55:00+00:00,Medium,4,1,3,4,1,3,3,3,5,3,4,4,4,5,0,4,0,0,3,1,2,2.7142857142857144,4.0,1.4285714285714286,1.2857142857142856
CSE2613357,2026-08-03 07:56:00+00:00,High,3,2,3,3,3,3,3,5,5,5,5,5,5,3,2,3,2,2,2,2,0,2.857142857142857,4.714285714285714,1.8571428571428572,1.8571428571428572
CSE2613358,2026-08-03 07:57:00+00:00,Medium,5,3,3,3,3,3,4,5,4,4,5,5,3,4,0,1,1,2,2,0,0,3.4285714285714284,4.285714285714286,0.8571428571428571,0.8571428571428572
CSE2613359,2026-08-03 07:58:00+00:00,Medium,4,2,3,4,3,3,4,3,4,5,4,4,5,4,0,2,2,0,1,2,0,3.2857142857142856,4.142857142857143,1.0,0.8571428571428577
CSE2613360,2026-08-03 07:59:00+00:00,Medium,4,3,3,3,2,2,3,5,4,4,5,4,3,4,1,1,1,2,2,1,1,2.857142857142857,4.142857142857143,1.2857142857142858,1.285714285714286
CSE2613361,2026-08-03 08:00:00+00:00,Low,4,4,4,5,4,2,3,4,4,5,5,5,4,3,0,0,1,0,1,2,0,3.7142857142857144,4.285714285714286,0.5714285714285714,0.5714285714285712
CSE2613362,2026-08-03 08:01:00+00:00,Low,3,5,3,5,3,4,4,3,4,3,4,4,3,5,0,0,0,0,1,0,1,3.857142857142857,3.7142857142857144,0.2857142857142857,-0.1428571428571428
CSE2613363,2026-08-03 08:02:00+00:00,Medium,2,5,3,4,3,4,3,4,4,4,5,5,3,3,2,0,1,1,2,0,0,3.4285714285714284,4.0,0.8571428571428571,0.5714285714285716
CSE2613364,2026-08-03 08:03:00+00:00,Low,3,4,3,4,2,3,4,3,4,4,4,4,4,5,0,0,1,0,2,1,1,3.2857142857142856,4.0,0.7142857142857143,0.7142857142857144
CSE2613365,2026-08-03 08:04:00+00:00,Medium,3,3,3,3,4,3,4,4,5,5,4,4,5,4,1,2,2,1,0,2,0,3.2857142857142856,4.428571428571429,1.1428571428571428,1.1428571428571432
CSE2613366,2026-08-03 08:05:00+00:00,Low,4,4,3,5,3,5,2,4,5,3,5,4,5,4,0,1,0,0,1,0,2,3.7142857142857144,4.285714285714286,0.5714285714285714,0.5714285714285712
CSE2613367,2026-08-03 08:06:00+00:00,Medium,4,5,3,3,3,4,2,5,4,4,4,4,4,4,1,0,1,1,1,0,2,3.4285714285714284,4.142857142857143,0.8571428571428571,0.7142857142857149
CSE2613368,2026-08-03 08:07:00+00:00,Medium,1,3,4,2,4,4,4,5,4,4,5,4,4,5,4,1,0,3,0,0,1,3.142857142857143,4.428571428571429,1.2857142857142858,1.285714285714286
CSE2613369,2026-08-03 08:08:00+00:00,Medium,3,3,3,5,3,5,3,5,4,4,5,4,4,4,2,1,1,0,1,0,1,3.5714285714285716,4.285714285714286,0.8571428571428571,0.714285714285714
CSE2613370,2026-08-03 08:09:00+00:00,Medium,4,3,3,2,3,3,2,4,4,4,4,5,4,4,0,1,1,2,2,1,2,2.857142857142857,4.142857142857143,1.2857142857142858,1.285714285714286
CSE2613371,2026-08-03 08:10:00+00:00,Medium,2,3,2,3,4,3,5,4,4,4,4,5,4,4,2,1,2,1,1,1,0,3.142857142857143,4.142857142857143,1.1428571428571428,1.0000000000000004
CSE2613372,2026-08-03 08:11:00+00:00,High,3,1,3,3,3,4,4,4,5,4,5,5,5,3,1,4,1,2,2,1,0,3.0,4.428571428571429,1.5714285714285714,1.4285714285714288
CSE2613373,2026-08-03 08:12:00+00:00,Medium,3,3,4,4,2,2,4,4,4,4,4,5,4,3,1,1,0,0,3,2,0,3.142857142857143,4.0,1.0,0.8571428571428572
CSE2613374,2026-08-03 08:13:00+00:00,Medium,2,2,2,4,5,5,3,5,4,4,5,4,5,4,3,2,2,1,0,0,1,3.2857142857142856,4.428571428571429,1.2857142857142858,1.1428571428571432
CSE2613375,2026-08-03 08:14:00+00:00,Medium,4,3,3,3,3,2,2,4,5,5,4,4,4,4,0,2,2,1,1,2,2,2.857142857142857,4.285714285714286,1.4285714285714286,1.4285714285714284
CSE2613376,2026-08-03 08:15:00+00:00,Low,4,4,4,3,4,4,4,4,5,4,5,4,3,4,0,1,0,2,0,0,0,3.857142857142857,4.142857142857143,0.42857142857142855,0.28571428571428603
CSE2613377,2026-08-03 08:16:00+00:00,Medium,3,2,3,3,3,2,5,4,5,5,4,4,4,4,1,3,2,1,1,2,0,3.0,4.285714285714286,1.4285714285714286,1.2857142857142856
CSE2613378,2026-08-03 08:17:00+00:00,Medium,3,4,5,1,2,4,3,3,5,5,4,3,3,4,0,1,0,3,1,0,1,3.142857142857143,3.857142857142857,0.8571428571428571,0.7142857142857144
CSE2613379,2026-08-03 08:18:00+00:00,Medium,3,5,2,5,4,2,3,4,4,4,5,4,5,5,1,0,2,0,0,3,2,3.4285714285714284,4.428571428571429,1.1428571428571428,1.0000000000000004
CSE2613380,2026-08-03 08:19:00+00:00,High,2,3,3,2,2,3,2,5,3,4,5,4,4,4,3,0,1,3,2,1,2,2.4285714285714284,4.142857142857143,1.7142857142857142,1.7142857142857149
CSE2613381,2026-08-03 08:20:00+00:00,Low,3,3,3,5,4,4,3,4,3,5,5,5,3,4,1,0,2,0,1,0,1,3.5714285714285716,4.142857142857143,0.7142857142857143,0.5714285714285716
CSE2613382,2026-08-03 08:21:00+00:00,Medium,3,3,4,2,4,2,2,3,4,3,4,4,4,5,0,1,0,2,0,2,3,2.857142857142857,3.857142857142857,1.1428571428571428,1.0
CSE2613383,2026-08-03 08:22:00+00:00,Medium,3,3,5,4,2,2,5,5,5,5,4,4,4,5,2,2,0,0,2,2,0,3.4285714285714284,4.571428571428571,1.1428571428571428,1.1428571428571428
CSE2613384,2026-08-03 08:23:00+00:00,Medium,3,4,3,3,2,3,1,4,5,4,4,4,4,4,1,1,1,1,2,1,3,2.7142857142857144,4.142857142857143,1.4285714285714286,1.4285714285714288
CSE2613385,2026-08-03 08:24:00+00:00,Medium,4,5,3,2,4,2,5,4,5,3,5,4,5,3,0,0,0,3,0,3,0,3.5714285714285716,4.142857142857143,0.8571428571428571,0.5714285714285716
CSE2613386,2026-08-03 08:25:00+00:00,High,2,3,2,3,1,4,4,4,4,4,5,5,5,4,2,1,2,2,4,1,0,2.7142857142857144,4.428571428571429,1.7142857142857142,1.7142857142857144
CSE2613387,2026-08-03 08:26:00+00:00,Medium,4,4,5,2,4,3,4,5,4,5,5,5,4,4,1,0,0,3,1,1,0,3.7142857142857144,4.571428571428571,0.8571428571428571,0.8571428571428568
CSE2613388,2026-08-03 08:27:00+00:00,Medium,3,3,2,4,4,4,4,5,4,4,4,5,3,5,2,1,2,0,1,0,1,3.4285714285714284,4.285714285714286,1.0,0.8571428571428572
CSE2613389,2026-08-03 08:28:00+00:00,High,4,1,3,3,4,2,2,4,4,5,4,4,4,5,0,3,2,1,0,2,3,2.7142857142857144,4.285714285714286,1.5714285714285714,1.5714285714285712
CSE2613390,2026-08-03 08:29:00+00:00,High,1,2,4,1,3,4,2,5,4,4,3,5,4,5,4,2,0,2,2,0,3,2.4285714285714284,4.285714285714286,1.8571428571428572,1.8571428571428572
CSE2613391,2026-08-03 08:30:00+00:00,High,5,3,2,3,3,1,1,4,3,5,4,4,5,4,0,0,3,1,1,4,3,2.5714285714285716,4.142857142857143,1.7142857142857142,1.5714285714285716
CSE2613392,2026-08-03 08:31:00+00:00,Medium,4,2,4,3,4,5,4,5,4,5,4,4,4,5,1,2,1,1,0,0,1,3.7142857142857144,4.428571428571429,0.8571428571428571,0.7142857142857144
CSE2613393,2026-08-03 08:32:00+00:00,Low,3,5,5,4,4,3,3,4,5,4,4,4,3,4,1,0,0,0,0,0,1,3.857142857142857,4.0,0.2857142857142857,0.1428571428571428
CSE2613394,2026-08-03 08:33:00+00:00,Medium,2,3,2,2,4,3,4,4,4,3,4,4,4,3,2,1,1,2,0,1,0,2.857142857142857,3.7142857142857144,1.0,0.8571428571428572
CSE2613395,2026-08-03 08:34:00+00:00,Medium,4,4,2,2,3,3,3,4,5,4,4,4,4,5,0,1,2,2,1,1,2,3.0,4.285714285714286,1.2857142857142858,1.2857142857142856
CSE2613396,2026-08-03 08:35:00+00:00,Medium,4,1,2,4,3,1,4,4,4,4,4,4,4,4,0,3,2,0,1,3,0,2.7142857142857144,4.0,1.2857142857142858,1.2857142857142856
CSE2613397,2026-08-03 08:36:00+00:00,Medium,5,1,4,1,4,5,2,4,3,3,5,5,5,3,0,2,0,4,1,0,1,3.142857142857143,4.0,1.1428571428571428,0.8571428571428572
CSE2613398,2026-08-03 08:37:00+00:00,Low,4,4,4,3,2,4,4,5,5,4,3,3,5,5,1,1,0,0,1,1,1,3.5714285714285716,4.285714285714286,0.7142857142857143,0.714285714285714
CSE2613399,2026-08-03 08:38:00+00:00,Low,5,3,2,5,4,5,5,3,4,4,4,3,3,5,0,1,2,0,0,0,0,4.142857142857143,3.7142857142857144,0.42857142857142855,-0.4285714285714288
CSE2613400,2026-08-03 08:39:00+00:00,Medium,4,4,4,3,2,4,3,5,4,5,4,5,5,4,1,0,1,1,3,1,1,3.4285714285714284,4.571428571428571,1.1428571428571428,1.1428571428571428
CSE2613401,2026-08-03 08:40:00+00:00,Medium,3,2,2,4,2,4,5,3,5,4,4,5,5,5,0,3,2,0,3,1,0,3.142857142857143,4.428571428571429,1.2857142857142858,1.285714285714286
CSE2613402,2026-08-03 08:41:00+00:00,High,4,3,2,1,3,3,2,4,3,4,5,4,4,5,0,0,2,4,1,1,3,2.5714285714285716,4.142857142857143,1.5714285714285714,1.5714285714285716
CSE2613403,2026-08-03 08:42:00+00:00,Medium,3,5,3,2,4,1,3,5,4,5,5,4,4,3,2,0,2,3,0,3,0,3.0,4.285714285714286,1.4285714285714286,1.2857142857142856
CSE2613404,2026-08-03 08:43:00+00:00,Low,4,5,4,4,5,2,4,3,5,3,4,5,3,4,0,0,0,0,0,1,0,4.0,3.857142857142857,0.14285714285714285,-0.1428571428571428
CSE2613405,2026-08-03 08:44:00+00:00,Medium,2,3,3,3,3,3,5,4,4,3,4,5,4,5,2,1,0,1,2,1,0,3.142857142857143,4.142857142857143,1.0,1.0000000000000004
CSE2613406,2026-08-03 08:45:00+00:00,Low,3,4,3,3,4,3,4,5,4,4,4,4,4,4,2,0,1,1,0,1,0,3.4285714285714284,4.142857142857143,0.7142857142857143,0.7142857142857149
CSE2613407,2026-08-03 08:46:00+00:00,Low,4,4,4,4,3,3,3,4,4,4,5,3,5,4,0,0,0,1,0,2,1,3.5714285714285716,4.142857142857143,0.5714285714285714,0.5714285714285716
CSE2613408,2026-08-03 08:47:00+00:00,Medium,5,4,3,3,4,3,1,5,4,5,4,4,5,4,0,0,2,1,0,2,3,3.2857142857142856,4.428571428571429,1.1428571428571428,1.1428571428571432
CSE2613409,2026-08-03 08:48:00+00:00,Medium,2,2,4,4,3,3,4,4,5,5,4,4,4,5,2,3,1,0,1,1,1,3.142857142857143,4.428571428571429,1.2857142857142858,1.285714285714286
CSE2613410,2026-08-03 08:49:00+00:00,Medium,3,2,5,5,3,4,3,4,4,5,5,5,3,4,1,2,0,0,2,0,1,3.5714285714285716,4.285714285714286,0.8571428571428571,0.714285714285714
CSE2613411,2026-08-03 08:50:00+00:00,Low,3,3,3,4,4,3,4,3,5,5,4,3,4,3,0,2,2,0,0,1,0,3.4285714285714284,3.857142857142857,0.7142857142857143,0.4285714285714288
CSE2613412,2026-08-03 08:51:00+00:00,Low,2,4,4,4,4,4,4,5,5,3,3,4,5,3,3,1,0,0,0,1,0,3.7142857142857144,4.0,0.7142857142857143,0.2857142857142856
CSE2613413,2026-08-03 08:52:00+00:00,Medium,2,2,5,3,2,4,4,3,4,4,3,4,4,5,1,2,0,0,2,0,1,3.142857142857143,3.857142857142857,0.8571428571428571,0.7142857142857144
CSE2613414,2026-08-03 08:53:00+00:00,Medium,3,3,3,4,4,4,2,4,5,4,4,3,4,4,1,2,1,0,0,0,2,3.2857142857142856,4.0,0.8571428571428571,0.7142857142857144
CSE2613415,2026-08-03 08:54:00+00:00,Medium,3,1,4,4,3,3,3,5,4,5,4,5,4,4,2,3,1,0,2,1,1,3.0,4.428571428571429,1.4285714285714286,1.4285714285714288
CSE2613416,2026-08-03 08:55:00+00:00,Medium,4,4,2,3,2,3,4,4,4,3,4,4,5,5,0,0,1,1,2,2,1,3.142857142857143,4.142857142857143,1.0,1.0000000000000004
CSE2613417,2026-08-03 08:56:00+00:00,Medium,5,3,4,3,4,3,3,4,5,4,4,5,4,5,0,2,0,1,1,1,2,3.5714285714285716,4.428571428571429,1.0,0.8571428571428572
CSE2613418,2026-08-03 08:57:00+00:00,Medium,3,4,2,1,3,4,2,4,4,5,4,4,3,4,1,0,3,3,1,0,2,2.7142857142857144,4.0,1.4285714285714286,1.2857142857142856
CSE2613419,2026-08-03 08:58:00+00:00,Medium,5,2,4,3,4,3,2,4,3,4,4,4,5,4,0,1,0,1,0,2,2,3.2857142857142856,4.0,0.8571428571428571,0.7142857142857144
CSE2613420,2026-08-03 08:59:00+00:00,High,1,2,4,2,3,3,3,4,5,5,5,4,4,4,3,3,1,3,1,1,1,2.5714285714285716,4.428571428571429,1.8571428571428572,1.8571428571428572
CSE2613421,2026-08-03 09:00:00+00:00,Medium,4,3,3,3,2,4,3,4,3,5,3,5,4,4,0,0,2,0,3,0,1,3.142857142857143,4.0,0.8571428571428571,0.8571428571428572
CSE2613422,2026-08-03 09:01:00+00:00,Low,3,5,5,3,4,4,3,5,4,4,4,4,4,4,2,0,0,1,0,0,1,3.857142857142857,4.142857142857143,0.5714285714285714,0.28571428571428603
CSE2613423,2026-08-03 09:02:00+00:00,Medium,5,1,4,3,3,4,3,5,5,5,4,5,5,4,0,4,1,1,2,1,1,3.2857142857142856,4.714285714285714,1.4285714285714286,1.4285714285714288
CSE2613424,2026-08-03 09:03:00+00:00,Low,4,3,4,4,5,4,4,5,4,5,5,4,4,4,1,1,1,1,0,0,0,4.0,4.428571428571429,0.5714285714285714,0.4285714285714288
CSE2613425,2026-08-03 09:04:00+00:00,Medium,3,3,4,1,1,3,4,4,4,5,3,4,5,4,1,1,1,2,3,2,0,2.7142857142857144,4.142857142857143,1.4285714285714286,1.4285714285714288
CSE2613426,2026-08-03 09:05:00+00:00,Medium,4,2,3,3,3,4,2,4,5,4,4,4,4,4,0,3,1,1,1,0,2,3.0,4.142857142857143,1.1428571428571428,1.1428571428571432
CSE2613427,2026-08-03 09:06:00+00:00,Medium,4,4,2,3,5,3,1,4,5,4,4,4,4,5,0,1,2,1,0,1,4,3.142857142857143,4.285714285714286,1.2857142857142858,1.1428571428571428
CSE2613428,2026-08-03 09:07:00+00:00,Medium,4,3,3,4,3,3,3,4,5,5,3,4,4,4,0,2,2,0,1,1,1,3.2857142857142856,4.142857142857143,1.0,0.8571428571428577
CSE2613429,2026-08-03 09:08:00+00:00,Medium,4,3,5,5,2,3,2,4,5,4,4,5,4,4,0,2,0,0,3,1,2,3.4285714285714284,4.285714285714286,1.1428571428571428,0.8571428571428572
CSE2613430,2026-08-03 09:09:00+00:00,Medium,3,2,3,5,4,3,1,4,4,3,4,4,4,4,1,2,0,0,0,1,3,3.0,3.857142857142857,1.0,0.8571428571428572
CSE2613431,2026-08-03 09:10:00+00:00,Medium,4,3,4,2,4,3,3,5,5,4,5,4,4,3,1,2,0,3,0,1,0,3.2857142857142856,4.285714285714286,1.0,1.0
CSE2613432,2026-08-03 09:11:00+00:00,Low,4,4,4,3,4,2,3,4,5,3,4,4,5,3,0,1,0,1,0,3,0,3.4285714285714284,4.0,0.7142857142857143,0.5714285714285716
CSE2613433,2026-08-03 09:12:00+00:00,Medium,2,3,3,5,3,3,5,3,5,5,4,5,4,5,1,2,2,0,2,1,0,3.4285714285714284,4.428571428571429,1.1428571428571428,1.0000000000000004
CSE2613434,2026-08-03 09:13:00+00:00,Medium,3,5,3,2,3,1,2,4,4,4,4,3,4,4,1,0,1,2,0,3,2,2.7142857142857144,3.857142857142857,1.2857142857142858,1.1428571428571428
CSE2613435,2026-08-03 09:14:00+00:00,High,1,3,3,3,1,4,4,4,4,5,3,5,5,4,3,1,2,0,4,1,0,2.7142857142857144,4.285714285714286,1.5714285714285714,1.5714285714285712
CSE2613436,2026-08-03 09:15:00+00:00,High,2,2,2,2,4,5,3,5,4,4,3,5,4,5,3,2,2,1,1,0,2,2.857142857142857,4.285714285714286,1.5714285714285714,1.4285714285714284
CSE2613437,2026-08-03 09:16:00+00:00,Low,5,4,4,4,4,4,3,3,4,4,3,4,4,4,0,0,0,0,0,0,1,4.0,3.7142857142857144,0.14285714285714285,-0.2857142857142856
CSE2613438,2026-08-03 09:17:00+00:00,Low,4,4,5,2,1,4,5,3,5,5,4,3,4,4,0,1,0,2,2,0,0,3.5714285714285716,4.0,0.7142857142857143,0.4285714285714284
CSE2613439,2026-08-03 09:18:00+00:00,High,2,3,3,1,2,4,2,4,4,5,5,3,5,4,2,1,2,4,1,1,2,2.4285714285714284,4.285714285714286,1.8571428571428572,1.8571428571428572
CSE2613440,2026-08-03 09:19:00+00:00,Medium,3,3,3,5,2,4,3,4,5,4,5,5,3,4,1,2,1,0,3,0,1,3.2857142857142856,4.285714285714286,1.1428571428571428,1.0
CSE2613441,2026-08-03 09:20:00+00:00,Medium,4,4,1,1,2,4,4,5,3,4,3,4,4,5,1,0,3,2,2,0,1,2.857142857142857,4.0,1.2857142857142858,1.1428571428571428
CSE2613442,2026-08-03 09:21:00+00:00,Low,4,3,3,5,3,2,4,3,4,4,3,4,4,4,0,1,1,0,1,2,0,3.4285714285714284,3.7142857142857144,0.7142857142857143,0.28571428571428603
CSE2613443,2026-08-03 09:22:00+00:00,Medium,5,3,2,3,1,4,1,3,5,4,4,3,4,4,0,2,2,1,2,0,3,2.7142857142857144,3.857142857142857,1.4285714285714286,1.1428571428571428
CSE2613444,2026-08-03 09:23:00+00:00,Medium,4,5,4,2,4,4,2,4,3,4,5,4,5,4,0,0,0,3,0,1,2,3.5714285714285716,4.142857142857143,0.8571428571428571,0.5714285714285716
CSE2613445,2026-08-03 09:24:00+00:00,Medium,3,4,1,3,4,5,3,4,3,5,4,4,4,3,1,0,4,1,0,0,0,3.2857142857142856,3.857142857142857,0.8571428571428571,0.5714285714285716
CSE2613446,2026-08-03 09:25:00+00:00,Medium,3,3,5,3,3,3,4,4,4,4,5,4,4,4,1,1,0,2,1,1,0,3.4285714285714284,4.142857142857143,0.8571428571428571,0.7142857142857149
CSE2613447,2026-08-03 09:26:00+00:00,Medium,3,3,2,3,3,2,4,5,5,4,4,4,4,4,2,2,2,1,1,2,0,2.857142857142857,4.285714285714286,1.4285714285714286,1.4285714285714284
CSE2613448,2026-08-03 09:27:00+00:00,Low,3,3,3,5,3,4,4,4,4,4,4,4,4,4,1,1,1,0,1,0,0,3.5714285714285716,4.0,0.5714285714285714,0.4285714285714284
CSE2613449,2026-08-03 09:28:00+00:00,Medium,1,4,3,5,3,3,4,4,3,4,4,4,4,3,3,0,1,0,1,1,0,3.2857142857142856,3.7142857142857144,0.8571428571428571,0.4285714285714288
CSE2613450,2026-08-03 09:29:00+00:00,High,1,1,5,5,2,2,4,4,5,3,4,4,4,4,3,4,0,0,2,2,0,2.857142857142857,4.0,1.5714285714285714,1.1428571428571428
CSE2613451,2026-08-03 09:30:00+00:00,Low,4,5,4,3,3,3,4,4,5,4,5,3,4,4,0,0,0,2,0,1,0,3.7142857142857144,4.142857142857143,0.42857142857142855,0.4285714285714288
CSE2613452,2026-08-03 09:31:00+00:00,Medium,3,3,2,5,3,2,2,3,4,3,4,5,4,4,0,1,1,0,2,2,2,2.857142857142857,3.857142857142857,1.1428571428571428,1.0
CSE2613453,2026-08-03 09:32:00+00:00,Medium,3,2,3,3,3,1,4,4,4,3,4,5,5,4,1,2,0,1,2,4,0,2.7142857142857144,4.142857142857143,1.4285714285714286,1.4285714285714288
CSE2613454,2026-08-03 09:33:00+00:00,Medium,3,4,2,3,3,4,3,3,3,5,3,4,5,5,0,0,3,0,1,1,2,3.142857142857143,4.0,1.0,0.8571428571428572
CSE2613455,2026-08-03 09:34:00+00:00,Low,5,4,1,5,4,4,4,4,4,3,4,4,5,3,0,0,2,0,0,1,0,3.857142857142857,3.857142857142857,0.42857142857142855,0.0
CSE2613456,2026-08-03 09:35:00+00:00,High,5,2,2,3,2,2,4,5,5,4,3,5,4,5,0,3,2,0,3,2,1,2.857142857142857,4.428571428571429,1.5714285714285714,1.5714285714285716
CSE2613457,2026-08-03 09:36:00+00:00,High,3,1,4,1,3,3,1,4,5,5,3,5,3,5,1,4,1,2,2,0,4,2.2857142857142856,4.285714285714286,2.0,2.0
CSE2613458,2026-08-03 09:37:00+00:00,High,2,3,4,3,2,3,1,3,5,4,4,5,5,4,1,2,0,1,3,2,3,2.5714285714285716,4.285714285714286,1.7142857142857142,1.714285714285714
CSE2613459,2026-08-03 09:38:00+00:00,High,3,2,1,3,4,3,1,5,5,3,4,5,4,4,2,3,2,1,1,1,3,2.4285714285714284,4.285714285714286,1.8571428571428572,1.8571428571428572
CSE2613460,2026-08-03 09:39:00+00:00,Low,2,3,4,4,4,3,4,3,4,4,4,4,3,4,1,1,0,0,0,0,0,3.4285714285714284,3.7142857142857144,0.2857142857142857,0.28571428571428603
CSE2613461,2026-08-03 09:40:00+00:00,Medium,4,1,3,5,3,4,4,4,5,4,3,5,4,3,0,4,1,0,2,0,0,3.4285714285714284,4.0,1.0,0.5714285714285716
CSE2613462,2026-08-03 09:41:00+00:00,High,1,2,4,2,3,3,3,4,4,3,4,4,4,5,3,2,0,2,1,1,2,2.5714285714285716,4.0,1.5714285714285714,1.4285714285714284
CSE2613463,2026-08-03 09:42:00+00:00,Medium,3,4,3,2,4,4,1,4,4,5,4,5,5,4,1,0,2,2,1,1,3,3.0,4.428571428571429,1.4285714285714286,1.4285714285714288
CSE2613464,2026-08-03 09:43:00+00:00,Medium,3,3,4,3,3,4,3,4,4,4,4,4,4,5,1,1,0,1,1,0,2,3.2857142857142856,4.142857142857143,0.8571428571428571,0.8571428571428577
CSE2613465,2026-08-03 09:44:00+00:00,Medium,3,5,4,3,4,2,4,4,4,4,5,4,4,5,1,0,0,2,0,2,1,3.5714285714285716,4.285714285714286,0.8571428571428571,0.714285714285714
CSE2613466,2026-08-03 09:45:00+00:00,Medium,3,2,3,3,4,4,2,4,4,4,3,3,5,5,1,2,1,0,0,1,3,3.0,4.0,1.1428571428571428,1.0
CSE2613467,2026-08-03 09:46:00+00:00,Medium,2,2,3,3,3,2,4,5,4,4,3,3,5,5,3,2,1,0,0,3,1,2.7142857142857144,4.142857142857143,1.4285714285714286,1.4285714285714288
CSE2613468,2026-08-03 09:47:00+00:00,Medium,4,2,3,4,2,5,3,4,4,4,4,4,4,4,0,2,1,0,2,0,1,3.2857142857142856,4.0,0.8571428571428571,0.7142857142857144
CSE2613469,2026-08-03 09:48:00+00:00,Low,4,3,3,3,4,4,3,3,3,4,5,3,4,4,0,0,1,2,0,0,1,3.4285714285714284,3.7142857142857144,0.5714285714285714,0.28571428571428603
CSE2613470,2026-08-03 09:49:00+00:00,Low,5,3,3,4,2,3,3,5,4,4,4,4,4,3,0,1,1,0,2,1,0,3.2857142857142856,4.0,0.7142857142857143,0.7142857142857144
CSE2613471,2026-08-03 09:50:00+00:00,High,5,2,2,3,2,4,3,4,4,5,5,5,4,4,0,2,3,2,3,0,1,3.0,4.428571428571429,1.5714285714285714,1.4285714285714288
CSE2613472,2026-08-03 09:51:00+00:00,Low,4,2,2,4,4,4,4,3,4,4,4,4,3,4,0,2,2,0,0,0,0,3.4285714285714284,3.7142857142857144,0.5714285714285714,0.28571428571428603
CSE2613473,2026-08-03 09:52:00+00:00,Medium,2,2,3,4,3,3,4,4,4,5,4,4,5,4,2,2,2,0,1,2,0,3.0,4.285714285714286,1.2857142857142858,1.2857142857142856
CSE2613474,2026-08-03 09:53:00+00:00,High,2,1,3,3,1,3,3,4,4,5,4,4,5,4,2,3,2,1,3,2,1,2.2857142857142856,4.285714285714286,2.0,2.0
CSE2613475,2026-08-03 09:54:00+00:00,Medium,4,1,4,3,5,3,1,5,4,3,4,4,4,5,1,3,0,1,0,1,4,3.0,4.142857142857143,1.4285714285714286,1.1428571428571432
CSE2613476,2026-08-03 09:55:00+00:00,Medium,3,3,3,5,3,3,2,5,3,4,4,4,3,4,2,0,1,0,1,0,2,3.142857142857143,3.857142857142857,0.8571428571428571,0.7142857142857144
CSE2613477,2026-08-03 09:56:00+00:00,Low,3,4,4,3,4,3,3,4,3,5,4,4,4,4,1,0,1,1,0,1,1,3.4285714285714284,4.0,0.7142857142857143,0.5714285714285716
CSE2613478,2026-08-03 09:57:00+00:00,Medium,2,4,1,4,3,1,4,4,4,4,3,3,5,5,2,0,3,0,0,4,1,2.7142857142857144,4.0,1.4285714285714286,1.2857142857142856
CSE2613479,2026-08-03 09:58:00+00:00,Medium,3,3,3,2,4,3,4,5,4,4,4,4,4,4,2,1,1,2,0,1,0,3.142857142857143,4.142857142857143,1.0,1.0000000000000004
CSE2613480,2026-08-03 09:59:00+00:00,Medium,4,2,3,2,1,4,5,5,4,3,4,4,4,4,1,2,0,2,3,0,0,3.0,4.0,1.1428571428571428,1.0
CSE2613481,2026-08-03 10:00:00+00:00,Medium,3,3,5,4,4,4,2,5,4,4,5,3,3,4,2,1,0,1,0,0,2,3.5714285714285716,4.0,0.8571428571428571,0.4285714285714284
CSE2613482,2026-08-03 10:01:00+00:00,Medium,4,3,3,4,4,2,4,5,4,5,4,5,4,4,1,1,2,0,1,2,0,3.4285714285714284,4.428571428571429,1.0,1.0000000000000004
CSE2613483,2026-08-03 10:02:00+00:00,High,4,2,4,5,5,1,1,5,5,3,3,5,4,5,1,3,0,0,0,3,4,3.142857142857143,4.285714285714286,1.5714285714285714,1.1428571428571428
CSE2613484,2026-08-03 10:03:00+00:00,Medium,3,3,4,2,4,4,3,4,4,4,5,5,4,5,1,1,0,3,1,0,2,3.2857142857142856,4.428571428571429,1.1428571428571428,1.1428571428571432
CSE2613485,2026-08-03 10:04:00+00:00,Low,3,3,3,5,4,4,3,4,4,3,3,4,5,4,1,1,0,0,0,1,1,3.5714285714285716,3.857142857142857,0.5714285714285714,0.2857142857142856
CSE2613486,2026-08-03 10:05:00+00:00,Medium,4,4,3,4,3,4,2,4,5,5,4,5,5,5,0,1,2,0,2,1,3,3.4285714285714284,4.714285714285714,1.2857142857142858,1.285714285714286
CSE2613487,2026-08-03 10:06:00+00:00,Low,3,4,5,4,3,4,3,4,4,4,4,3,5,3,1,0,0,0,0,1,0,3.7142857142857144,3.857142857142857,0.2857142857142857,0.1428571428571428
CSE2613488,2026-08-03 10:07:00+00:00,Medium,3,4,4,3,5,3,1,4,4,4,3,5,5,4,1,0,0,0,0,2,3,3.2857142857142856,4.142857142857143,0.8571428571428571,0.8571428571428577
CSE2613489,2026-08-03 10:08:00+00:00,Medium,2,4,4,3,4,4,3,4,4,4,4,5,5,4,2,0,0,1,1,1,1,3.4285714285714284,4.285714285714286,0.8571428571428571,0.8571428571428572
CSE2613490,2026-08-03 10:09:00+00:00,Medium,3,5,2,3,2,4,2,5,4,5,4,3,4,5,2,0,3,1,1,0,3,3.0,4.285714285714286,1.4285714285714286,1.2857142857142856
CSE2613491,2026-08-03 10:10:00+00:00,High,2,4,1,2,3,3,3,5,4,3,4,4,4,5,3,0,2,2,1,1,2,2.5714285714285716,4.142857142857143,1.5714285714285714,1.5714285714285716
CSE2613492,2026-08-03 10:11:00+00:00,High,2,2,3,2,2,4,4,4,3,5,5,5,5,4,2,1,2,3,3,1,0,2.7142857142857144,4.428571428571429,1.7142857142857142,1.7142857142857144
CSE2613493,2026-08-03 10:12:00+00:00,Medium,3,3,3,4,2,3,2,4,4,4,4,4,5,3,1,1,1,0,2,2,1,2.857142857142857,4.0,1.1428571428571428,1.1428571428571428
CSE2613494,2026-08-03 10:13:00+00:00,Medium,2,1,3,2,3,3,3,4,4,5,3,3,3,4,2,3,2,1,0,0,1,2.4285714285714284,3.7142857142857144,1.2857142857142858,1.285714285714286
CSE2613495,2026-08-03 10:14:00+00:00,High,2,4,3,3,3,3,2,4,5,4,5,4,5,5,2,1,1,2,1,2,3,2.857142857142857,4.571428571428571,1.7142857142857142,1.714285714285714
CSE2613496,2026-08-03 10:15:00+00:00,Medium,4,2,4,3,4,3,3,4,4,5,4,4,4,5,0,2,1,1,0,1,2,3.2857142857142856,4.285714285714286,1.0,1.0
CSE2613497,2026-08-03 10:16:00+00:00,Medium,5,2,5,3,2,4,5,5,3,5,5,4,5,4,0,1,0,2,2,1,0,3.7142857142857144,4.428571428571429,0.8571428571428571,0.7142857142857144
CSE2613498,2026-08-03 10:17:00+00:00,Medium,4,4,2,1,3,3,3,4,3,4,4,5,3,5,0,0,2,3,2,0,2,2.857142857142857,4.0,1.2857142857142858,1.1428571428571428
CSE2613499,2026-08-03 10:18:00+00:00,Medium,2,3,3,4,3,4,2,3,5,3,4,4,4,5,1,2,0,0,1,0,3,3.0,4.0,1.0,1.0
CSE2613500,2026-08-03 10:19:00+00:00,Low,1,4,3,4,4,3,5,4,4,4,4,4,4,5,3,0,1,0,0,1,0,3.4285714285714284,4.142857142857143,0.7142857142857143,0.7142857142857149
CSE2613501,2026-08-03 10:20:00+00:00,Medium,3,3,3,2,4,3,2,4,5,4,4,4,4,5,1,2,1,2,0,1,3,2.857142857142857,4.285714285714286,1.4285714285714286,1.4285714285714284
CSE2613502,2026-08-03 10:21:00+00:00,Medium,4,3,4,5,1,2,3,4,4,4,4,5,4,3,0,1,0,0,4,2,0,3.142857142857143,4.0,1.0,0.8571428571428572
CSE2613503,2026-08-03 10:22:00+00:00,Medium,4,3,2,5,4,3,3,4,4,4,4,4,5,4,0,1,2,0,0,2,1,3.4285714285714284,4.142857142857143,0.8571428571428571,0.7142857142857149
CSE2613504,2026-08-03 10:23:00+00:00,Medium,4,5,2,4,3,2,4,4,3,5,4,3,4,5,0,0,3,0,0,2,1,3.4285714285714284,4.0,0.8571428571428571,0.5714285714285716
CSE2613505,2026-08-03 10:24:00+00:00,Low,3,3,4,4,5,1,4,3,4,3,4,4,4,4,0,1,0,0,0,3,0,3.4285714285714284,3.7142857142857144,0.5714285714285714,0.28571428571428603
CSE2613506,2026-08-03 10:25:00+00:00,High,1,4,4,3,2,2,5,5,5,4,5,5,4,4,4,1,0,2,3,2,0,3.0,4.571428571428571,1.7142857142857142,1.5714285714285712
CSE2613507,2026-08-03 10:26:00+00:00,Low,3,4,4,5,3,3,4,5,4,5,4,4,4,4,2,0,1,0,1,1,0,3.7142857142857144,4.285714285714286,0.7142857142857143,0.5714285714285712
CSE2613508,2026-08-03 10:27:00+00:00,Low,5,5,4,4,4,4,4,4,4,4,5,5,4,3,0,0,0,1,1,0,0,4.285714285714286,4.142857142857143,0.2857142857142857,-0.14285714285714235
CSE2613509,2026-08-03 10:28:00+00:00,Medium,3,4,2,3,3,5,3,3,5,4,4,4,4,4,0,1,2,1,1,0,1,3.2857142857142856,4.0,0.8571428571428571,0.7142857142857144
CSE2613510,2026-08-03 10:29:00+00:00,Medium,3,4,5,3,4,4,4,4,5,4,5,3,5,5,1,1,0,2,0,1,1,3.857142857142857,4.428571428571429,0.8571428571428571,0.5714285714285716
CSE2613511,2026-08-03 10:30:00+00:00,Low,3,3,3,3,5,5,2,4,3,3,4,5,4,5,1,0,0,1,0,0,3,3.4285714285714284,4.0,0.7142857142857143,0.5714285714285716
CSE2613512,2026-08-03 10:31:00+00:00,Medium,4,3,5,5,3,3,3,4,5,4,5,4,5,4,0,2,0,0,1,2,1,3.7142857142857144,4.428571428571429,0.8571428571428571,0.7142857142857144
CSE2613513,2026-08-03 10:32:00+00:00,Medium,5,3,3,3,3,3,5,5,5,4,5,4,5,4,0,2,1,2,1,2,0,3.5714285714285716,4.571428571428571,1.1428571428571428,0.9999999999999996
CSE2613514,2026-08-03 10:33:00+00:00,Medium,4,5,3,4,2,5,5,4,5,5,5,5,5,4,0,0,2,1,3,0,0,4.0,4.714285714285714,0.8571428571428571,0.7142857142857144
CSE2613515,2026-08-03 10:34:00+00:00,Medium,3,4,2,4,3,3,4,4,5,4,4,5,5,4,1,1,2,0,2,2,0,3.2857142857142856,4.428571428571429,1.1428571428571428,1.1428571428571432
CSE2613516,2026-08-03 10:35:00+00:00,Low,5,3,4,2,3,3,4,4,4,4,4,4,4,4,0,1,0,2,1,1,0,3.4285714285714284,4.0,0.7142857142857143,0.5714285714285716
CSE2613517,2026-08-03 10:36:00+00:00,Medium,4,1,3,5,4,2,3,4,4,5,5,5,4,4,0,3,2,0,1,2,1,3.142857142857143,4.428571428571429,1.2857142857142858,1.285714285714286
CSE2613518,2026-08-03 10:37:00+00:00,Low,4,4,4,4,3,4,3,5,4,3,4,5,4,5,1,0,0,0,2,0,2,3.7142857142857144,4.285714285714286,0.7142857142857143,0.5714285714285712
CSE2613519,2026-08-03 10:38:00+00:00,Low,3,4,4,4,5,3,4,5,3,5,5,5,4,4,2,0,1,1,0,1,0,3.857142857142857,4.428571428571429,0.7142857142857143,0.5714285714285716
CSE2613520,2026-08-03 10:39:00+00:00,Medium,1,4,4,4,1,2,5,4,4,4,4,3,4,4,3,0,0,0,2,2,0,3.0,3.857142857142857,1.0,0.8571428571428572
CSE2613521,2026-08-03 10:40:00+00:00,Medium,2,4,3,4,2,3,3,4,4,4,4,4,4,3,2,0,1,0,2,1,0,3.0,3.857142857142857,0.8571428571428571,0.8571428571428572
CSE2613522,2026-08-03 10:41:00+00:00,Medium,4,2,3,3,3,4,3,4,4,3,5,4,3,4,0,2,0,2,1,0,1,3.142857142857143,3.857142857142857,0.8571428571428571,0.7142857142857144
CSE2613523,2026-08-03 10:42:00+00:00,Medium,3,4,3,4,2,2,5,3,5,4,3,4,5,5,0,1,1,0,2,3,0,3.2857142857142856,4.142857142857143,1.0,0.8571428571428577
CSE2613524,2026-08-03 10:43:00+00:00,Low,4,3,3,4,4,4,3,5,3,4,4,4,4,3,1,0,1,0,0,0,0,3.5714285714285716,3.857142857142857,0.2857142857142857,0.2857142857142856
CSE2613525,2026-08-03 10:44:00+00:00,High,2,2,3,2,3,2,3,4,4,4,3,5,4,5,2,2,1,1,2,2,2,2.4285714285714284,4.142857142857143,1.7142857142857142,1.7142857142857149
CSE2613526,2026-08-03 10:45:00+00:00,Medium,2,2,5,3,3,3,2,3,4,4,4,4,4,4,1,2,0,1,1,1,2,2.857142857142857,3.857142857142857,1.1428571428571428,1.0
CSE2613527,2026-08-03 10:46:00+00:00,Medium,5,3,5,4,1,4,3,4,4,3,3,4,5,4,0,1,0,0,3,1,1,3.5714285714285716,3.857142857142857,0.8571428571428571,0.2857142857142856
CSE2613528,2026-08-03 10:47:00+00:00,Medium,4,3,4,5,4,1,3,4,4,5,4,3,5,4,0,1,1,0,0,4,1,3.4285714285714284,4.142857142857143,1.0,0.7142857142857149
CSE2613529,2026-08-03 10:48:00+00:00,Medium,3,4,3,4,3,2,5,4,5,5,3,5,5,4,1,1,2,0,2,3,0,3.4285714285714284,4.428571428571429,1.2857142857142858,1.0000000000000004
CSE2613530,2026-08-03 10:49:00+00:00,Low,4,3,5,4,4,2,3,4,4,5,5,4,5,3,0,1,0,1,0,3,0,3.5714285714285716,4.285714285714286,0.7142857142857143,0.714285714285714
CSE2613531,2026-08-03 10:50:00+00:00,Low,4,4,3,3,3,5,4,5,4,5,3,4,4,4,1,0,2,0,1,0,0,3.7142857142857144,4.142857142857143,0.5714285714285714,0.4285714285714288
CSE2613532,2026-08-03 10:51:00+00:00,Medium,3,4,3,4,1,1,3,4,4,4,4,3,4,3,1,0,1,0,2,3,0,2.7142857142857144,3.7142857142857144,1.0,1.0
CSE2613533,2026-08-03 10:52:00+00:00,Low,5,4,3,3,2,3,2,3,4,5,4,3,3,3,0,0,2,1,1,0,1,3.142857142857143,3.5714285714285716,0.7142857142857143,0.4285714285714288
CSE2613534,2026-08-03 10:53:00+00:00,High,4,3,3,2,2,3,2,5,4,3,4,5,4,5,1,1,0,2,3,1,3,2.7142857142857144,4.285714285714286,1.5714285714285714,1.5714285714285712
CSE2613535,2026-08-03 10:54:00+00:00,Low,4,4,5,5,2,4,3,4,5,5,3,4,4,3,0,1,0,0,2,0,0,3.857142857142857,4.0,0.42857142857142855,0.1428571428571428
CSE2613536,2026-08-03 10:55:00+00:00,Low,4,3,4,3,3,3,3,4,4,4,3,4,5,4,0,1,0,0,1,2,1,3.2857142857142856,4.0,0.7142857142857143,0.7142857142857144
CSE2613537,2026-08-03 10:56:00+00:00,Medium,2,2,3,5,2,3,3,4,5,3,4,5,4,4,2,3,0,0,3,1,1,2.857142857142857,4.142857142857143,1.4285714285714286,1.285714285714286
CSE2613538,2026-08-03 10:57:00+00:00,Low,3,3,4,5,5,4,3,3,4,4,3,4,5,5,0,1,0,0,0,1,2,3.857142857142857,4.0,0.5714285714285714,0.1428571428571428
CSE2613539,2026-08-03 10:58:00+00:00,Medium,4,3,4,5,3,4,3,5,5,4,5,4,5,5,1,2,0,0,1,1,2,3.7142857142857144,4.714285714285714,1.0,1.0
CSE2613540,2026-08-03 10:59:00+00:00,Medium,3,5,5,4,3,3,2,5,3,4,4,5,4,4,2,0,0,0,2,1,2,3.5714285714285716,4.142857142857143,1.0,0.5714285714285716
CSE2613541,2026-08-03 11:00:00+00:00,High,3,4,2,1,2,1,2,5,4,4,4,4,5,4,2,0,2,3,2,4,2,2.142857142857143,4.285714285714286,2.142857142857143,2.142857142857143
CSE2613542,2026-08-03 11:01:00+00:00,Medium,3,1,3,5,4,5,3,4,5,4,5,4,5,5,1,4,1,0,0,0,2,3.4285714285714284,4.571428571428571,1.1428571428571428,1.1428571428571428
CSE2613543,2026-08-03 11:02:00+00:00,Medium,4,4,3,3,3,4,2,4,5,4,4,4,4,5,0,1,1,1,1,0,3,3.2857142857142856,4.285714285714286,1.0,1.0
CSE2613544,2026-08-03 11:03:00+00:00,Medium,3,2,3,2,3,3,5,3,5,4,4,4,5,3,0,3,1,2,1,2,0,3.0,4.0,1.2857142857142858,1.0
CSE2613545,2026-08-03 11:04:00+00:00,Medium,2,2,4,4,3,3,4,4,4,4,3,4,4,4,2,2,0,0,1,1,0,3.142857142857143,3.857142857142857,0.8571428571428571,0.7142857142857144
CSE2613546,2026-08-03 11:05:00+00:00,Low,4,2,4,4,4,3,4,4,5,3,4,3,3,5,0,3,0,0,0,0,1,3.5714285714285716,3.857142857142857,0.5714285714285714,0.2857142857142856
CSE2613547,2026-08-03 11:06:00+00:00,High,2,3,3,3,4,2,1,5,3,4,3,5,5,5,3,0,1,0,1,3,4,2.5714285714285716,4.285714285714286,1.7142857142857142,1.714285714285714
CSE2613548,2026-08-03 11:07:00+00:00,High,3,3,3,2,3,1,5,5,5,3,4,5,4,3,2,2,0,2,2,3,0,2.857142857142857,4.142857142857143,1.5714285714285714,1.285714285714286
CSE2613549,2026-08-03 11:08:00+00:00,Medium,4,4,3,3,1,4,3,4,4,5,5,4,4,4,0,0,2,2,3,0,1,3.142857142857143,4.285714285714286,1.1428571428571428,1.1428571428571428
CSE2613550,2026-08-03 11:09:00+00:00,Medium,5,3,1,1,4,3,1,4,3,5,3,4,4,4,0,0,4,2,0,1,3,2.5714285714285716,3.857142857142857,1.4285714285714286,1.2857142857142856
CSE2613551,2026-08-03 11:10:00+00:00,Medium,5,4,3,3,5,3,3,3,5,4,4,4,5,5,0,1,1,1,0,2,2,3.7142857142857144,4.285714285714286,1.0,0.5714285714285712
CSE2613552,2026-08-03 11:11:00+00:00,Medium,4,4,3,2,3,3,3,4,5,4,5,4,5,5,0,1,1,3,1,2,2,3.142857142857143,4.571428571428571,1.4285714285714286,1.4285714285714284
CSE2613553,2026-08-03 11:12:00+00:00,High,2,1,4,5,2,4,2,4,5,3,4,4,4,5,2,4,0,0,2,0,3,2.857142857142857,4.142857142857143,1.5714285714285714,1.285714285714286
CSE2613554,2026-08-03 11:13:00+00:00,Low,2,4,3,4,3,4,4,3,4,5,4,3,4,5,1,0,2,0,0,0,1,3.4285714285714284,4.0,0.5714285714285714,0.5714285714285716
CSE2613555,2026-08-03 11:14:00+00:00,Medium,4,4,3,2,2,2,3,4,4,3,4,4,4,4,0,0,0,2,2,2,1,2.857142857142857,3.857142857142857,1.0,1.0
CSE2613556,2026-08-03 11:15:00+00:00,Low,4,4,3,4,4,3,5,4,4,4,3,4,3,4,0,0,1,0,0,0,0,3.857142857142857,3.7142857142857144,0.14285714285714285,-0.1428571428571428
CSE2613557,2026-08-03 11:16:00+00:00,Medium,2,2,2,2,3,2,4,4,5,3,3,5,3,4,2,3,1,1,2,1,0,2.4285714285714284,3.857142857142857,1.4285714285714286,1.4285714285714288
CSE2613558,2026-08-03 11:17:00+00:00,Medium,2,3,2,3,4,3,3,4,4,3,4,3,5,4,2,1,1,1,0,2,1,2.857142857142857,3.857142857142857,1.1428571428571428,1.0
CSE2613559,2026-08-03 11:18:00+00:00,High,4,3,2,2,2,5,2,5,5,5,4,5,4,5,1,2,3,2,3,0,3,2.857142857142857,4.714285714285714,2.0,1.8571428571428572
CSE2613560,2026-08-03 11:19:00+00:00,High,1,3,4,4,2,3,4,5,4,5,4,5,4,5,4,1,1,0,3,1,1,3.0,4.571428571428571,1.5714285714285714,1.5714285714285712
CSE2613561,2026-08-03 11:20:00+00:00,Medium,5,3,2,2,3,5,2,4,4,4,4,5,4,4,0,1,2,2,2,0,2,3.142857142857143,4.142857142857143,1.2857142857142858,1.0000000000000004
CSE2613562,2026-08-03 11:21:00+00:00,Low,4,3,3,3,4,4,5,5,4,4,5,4,4,5,1,1,1,2,0,0,0,3.7142857142857144,4.428571428571429,0.7142857142857143,0.7142857142857144
CSE2613563,2026-08-03 11:22:00+00:00,High,1,3,5,2,4,1,3,5,4,3,4,5,4,5,4,1,0,2,1,3,2,2.7142857142857144,4.285714285714286,1.8571428571428572,1.5714285714285712
CSE2613564,2026-08-03 11:23:00+00:00,Medium,3,4,4,5,1,1,2,4,4,4,5,4,5,3,1,0,0,0,3,4,1,2.857142857142857,4.142857142857143,1.2857142857142858,1.285714285714286
CSE2613565,2026-08-03 11:24:00+00:00,Medium,3,4,1,2,4,4,3,4,5,4,4,4,3,4,1,1,3,2,0,0,1,3.0,4.0,1.1428571428571428,1.0
CSE2613566,2026-08-03 11:25:00+00:00,Low,4,4,2,4,5,3,3,4,5,4,4,5,4,4,0,1,2,0,0,1,1,3.5714285714285716,4.285714285714286,0.7142857142857143,0.714285714285714
CSE2613567,2026-08-03 11:26:00+00:00,Low,4,5,2,5,4,5,1,4,4,5,3,4,4,3,0,0,3,0,0,0,2,3.7142857142857144,3.857142857142857,0.7142857142857143,0.1428571428571428
CSE2613568,2026-08-03 11:27:00+00:00,Medium,3,2,3,3,3,3,3,3,3,4,4,5,4,5,0,1,1,1,2,1,2,2.857142857142857,4.0,1.1428571428571428,1.1428571428571428
CSE2613569,2026-08-03 11:28:00+00:00,Medium,2,2,4,3,5,4,4,4,5,4,4,4,5,5,2,3,0,1,0,1,1,3.4285714285714284,4.428571428571429,1.1428571428571428,1.0000000000000004
CSE2613570,2026-08-03 11:29:00+00:00,Low,2,3,3,4,4,5,4,3,3,4,4,3,4,4,1,0,1,0,0,0,0,3.5714285714285716,3.5714285714285716,0.2857142857142857,0.0
CSE2613571,2026-08-03 11:30:00+00:00,Medium,3,3,3,3,3,4,5,3,5,4,5,5,3,4,0,2,1,2,2,0,0,3.4285714285714284,4.142857142857143,1.0,0.7142857142857149
CSE2613572,2026-08-03 11:31:00+00:00,Low,2,3,4,4,4,5,4,4,4,4,5,5,4,4,2,1,0,1,1,0,0,3.7142857142857144,4.285714285714286,0.7142857142857143,0.5714285714285712
CSE2613573,2026-08-03 11:32:00+00:00,Low,4,3,4,3,4,2,5,5,4,4,3,5,4,4,1,1,0,0,1,2,0,3.5714285714285716,4.142857142857143,0.7142857142857143,0.5714285714285716
CSE2613574,2026-08-03 11:33:00+00:00,Medium,2,2,3,4,3,3,2,5,4,4,4,3,4,3,3,2,1,0,0,1,1,2.7142857142857144,3.857142857142857,1.1428571428571428,1.1428571428571428
CSE2613575,2026-08-03 11:34:00+00:00,Low,3,4,5,2,5,5,5,4,4,4,4,5,5,4,1,0,0,2,0,0,0,4.142857142857143,4.285714285714286,0.42857142857142855,0.14285714285714235
CSE2613576,2026-08-03 11:35:00+00:00,Medium,4,3,1,4,4,2,2,4,4,3,5,4,4,4,0,1,2,1,0,2,2,2.857142857142857,4.0,1.1428571428571428,1.1428571428571428
CSE2613577,2026-08-03 11:36:00+00:00,Low,2,5,3,4,4,5,2,4,4,3,5,4,4,4,2,0,0,1,0,0,2,3.5714285714285716,4.0,0.7142857142857143,0.4285714285714284
CSE2613578,2026-08-03 11:37:00+00:00,High,5,4,3,1,2,4,1,4,3,5,5,4,5,3,0,0,2,4,2,1,2,2.857142857142857,4.142857142857143,1.5714285714285714,1.285714285714286
CSE2613579,2026-08-03 11:38:00+00:00,Medium,3,2,3,4,4,4,2,4,3,5,3,4,4,5,1,1,2,0,0,0,3,3.142857142857143,4.0,1.0,0.8571428571428572
CSE2613580,2026-08-03 11:39:00+00:00,Low,3,5,4,3,5,3,2,4,5,4,4,5,4,4,1,0,0,1,0,1,2,3.5714285714285716,4.285714285714286,0.7142857142857143,0.714285714285714
CSE2613581,2026-08-03 11:40:00+00:00,Medium,2,5,3,3,4,3,4,4,4,4,5,4,4,5,2,0,1,2,0,1,1,3.4285714285714284,4.285714285714286,1.0,0.8571428571428572
CSE2613582,2026-08-03 11:41:00+00:00,Medium,4,4,3,2,2,4,4,4,5,3,4,5,5,4,0,1,0,2,3,1,0,3.2857142857142856,4.285714285714286,1.0,1.0
CSE2613583,2026-08-03 11:42:00+00:00,Medium,3,3,3,3,4,2,3,5,4,5,4,4,5,4,2,1,2,1,0,3,1,3.0,4.428571428571429,1.4285714285714286,1.4285714285714288
CSE2613584,2026-08-03 11:43:00+00:00,Medium,3,4,5,4,3,3,1,5,4,4,4,4,4,5,2,0,0,0,1,1,4,3.2857142857142856,4.285714285714286,1.1428571428571428,1.0
CSE2613585,2026-08-03 11:44:00+00:00,Low,3,4,3,4,4,3,2,4,4,5,4,3,4,3,1,0,2,0,0,1,1,3.2857142857142856,3.857142857142857,0.7142857142857143,0.5714285714285716
CSE2613586,2026-08-03 11:45:00+00:00,Low,4,3,4,3,4,3,4,4,4,3,4,3,5,4,0,1,0,1,0,2,0,3.5714285714285716,3.857142857142857,0.5714285714285714,0.2857142857142856
CSE2613587,2026-08-03 11:46:00+00:00,High,3,3,3,2,3,3,4,5,4,4,5,5,4,5,2,1,1,3,2,1,1,3.0,4.571428571428571,1.5714285714285714,1.5714285714285712
CSE2613588,2026-08-03 11:47:00+00:00,Medium,1,5,3,3,3,5,3,5,5,4,4,4,5,5,4,0,1,1,1,0,2,3.2857142857142856,4.571428571428571,1.2857142857142858,1.2857142857142856
CSE2613589,2026-08-03 11:48:00+00:00,Low,4,3,5,5,3,4,4,3,4,4,4,5,4,5,0,1,0,0,2,0,1,4.0,4.142857142857143,0.5714285714285714,0.14285714285714324
CSE2613590,2026-08-03 11:49:00+00:00,High,2,5,2,4,3,5,2,5,3,5,5,4,4,5,3,0,3,1,1,0,3,3.2857142857142856,4.428571428571429,1.5714285714285714,1.1428571428571432
CSE2613591,2026-08-03 11:50:00+00:00,High,3,2,5,3,4,3,2,4,5,3,5,4,5,5,1,3,0,2,0,2,3,3.142857142857143,4.428571428571429,1.5714285714285714,1.285714285714286
CSE2613592,2026-08-03 11:51:00+00:00,Low,3,4,3,5,4,5,5,5,5,5,4,4,4,4,2,1,2,0,0,0,0,4.142857142857143,4.428571428571429,0.7142857142857143,0.2857142857142856
CSE2613593,2026-08-03 11:52:00+00:00,Medium,5,4,5,2,3,3,2,3,5,4,3,3,5,4,0,1,0,1,0,2,2,3.4285714285714284,3.857142857142857,0.8571428571428571,0.4285714285714288
CSE2613594,2026-08-03 11:53:00+00:00,Medium,4,2,5,1,4,3,3,4,4,5,3,4,3,5,0,2,0,2,0,0,2,3.142857142857143,4.0,0.8571428571428571,0.8571428571428572
CSE2613595,2026-08-03 11:54:00+00:00,High,4,3,2,3,1,1,3,5,4,5,4,5,4,5,1,1,3,1,4,3,2,2.4285714285714284,4.571428571428571,2.142857142857143,2.142857142857143
CSE2613596,2026-08-03 11:55:00+00:00,High,3,1,2,1,4,3,3,4,4,4,4,5,4,5,1,3,2,3,1,1,2,2.4285714285714284,4.285714285714286,1.8571428571428572,1.8571428571428572
CSE2613597,2026-08-03 11:56:00+00:00,Low,4,4,4,5,2,4,3,4,4,4,5,4,4,4,0,0,0,0,2,0,1,3.7142857142857144,4.142857142857143,0.42857142857142855,0.4285714285714288
CSE2613598,2026-08-03 11:57:00+00:00,Medium,4,3,1,3,5,2,3,4,4,4,5,4,4,5,0,1,3,2,0,2,2,3.0,4.285714285714286,1.4285714285714286,1.2857142857142856
CSE2613599,2026-08-03 11:58:00+00:00,Low,4,4,4,4,4,3,3,4,4,4,4,4,5,5,0,0,0,0,0,2,2,3.7142857142857144,4.285714285714286,0.5714285714285714,0.5714285714285712
CSE2613600,2026-08-03 11:59:00+00:00,High,2,2,4,1,2,2,2,5,4,5,3,5,5,5,3,2,1,2,3,3,3,2.142857142857143,4.571428571428571,2.4285714285714284,2.4285714285714284
CSE2613601,2026-08-03 12:00:00+00:00,Medium,3,3,3,1,5,3,5,4,5,3,4,4,5,5,1,2,0,3,0,2,0,3.2857142857142856,4.285714285714286,1.1428571428571428,1.0
CSE2613602,2026-08-03 12:01:00+00:00,Medium,4,5,2,1,3,3,3,3,5,3,4,4,4,4,0,0,1,3,1,1,1,3.0,3.857142857142857,1.0,0.8571428571428572
CSE2613603,2026-08-03 12:02:00+00:00,Medium,1,3,5,3,4,1,3,4,4,4,4,3,4,4,3,1,0,1,0,3,1,2.857142857142857,3.857142857142857,1.2857142857142858,1.0
CSE2613604,2026-08-03 12:03:00+00:00,Medium,5,5,3,3,2,3,3,3,3,5,5,4,3,4,0,0,2,2,2,0,1,3.4285714285714284,3.857142857142857,1.0,0.4285714285714288
CSE2613605,2026-08-03 12:04:00+00:00,Low,3,4,3,3,3,3,4,3,4,3,4,5,4,4,0,0,0,1,2,1,0,3.2857142857142856,3.857142857142857,0.5714285714285714,0.5714285714285716
CSE2613606,2026-08-03 12:05:00+00:00,Medium,1,2,3,2,1,5,2,3,3,4,4,4,4,3,2,1,1,2,3,0,1,2.2857142857142856,3.5714285714285716,1.4285714285714286,1.285714285714286
CSE2613607,2026-08-03 12:06:00+00:00,Medium,3,3,4,4,3,2,3,5,4,5,4,4,4,5,2,1,1,0,1,2,2,3.142857142857143,4.428571428571429,1.2857142857142858,1.285714285714286
CSE2613608,2026-08-03 12:07:00+00:00,Medium,1,3,2,4,5,4,4,4,5,5,3,5,4,4,3,2,3,0,0,0,0,3.2857142857142856,4.285714285714286,1.1428571428571428,1.0
CSE2613609,2026-08-03 12:08:00+00:00,High,2,1,2,3,1,2,2,4,4,3,3,4,3,3,2,3,1,0,3,1,1,1.8571428571428572,3.4285714285714284,1.5714285714285714,1.5714285714285712
CSE2613610,2026-08-03 12:09:00+00:00,Medium,5,3,4,3,5,1,1,5,4,3,4,5,5,4,0,1,0,1,0,4,3,3.142857142857143,4.285714285714286,1.2857142857142858,1.1428571428571428
CSE2613611,2026-08-03 12:10:00+00:00,Low,4,4,5,4,4,4,4,5,4,5,4,4,4,5,1,0,0,0,0,0,1,4.142857142857143,4.428571428571429,0.2857142857142857,0.2857142857142856
CSE2613612,2026-08-03 12:11:00+00:00,Medium,4,4,4,2,3,3,3,5,4,3,4,5,4,5,1,0,0,2,2,1,2,3.2857142857142856,4.285714285714286,1.1428571428571428,1.0
CSE2613613,2026-08-03 12:12:00+00:00,Medium,5,3,2,1,4,4,4,4,3,4,4,5,4,4,0,0,2,3,1,0,0,3.2857142857142856,4.0,0.8571428571428571,0.7142857142857144
CSE2613614,2026-08-03 12:13:00+00:00,Low,4,3,3,3,3,3,3,4,4,3,5,4,3,3,0,1,0,2,1,0,0,3.142857142857143,3.7142857142857144,0.5714285714285714,0.5714285714285716
CSE2613615,2026-08-03 12:14:00+00:00,Low,3,3,4,4,3,3,4,4,5,4,4,4,3,4,1,2,0,0,1,0,0,3.4285714285714284,4.0,0.5714285714285714,0.5714285714285716
CSE2613616,2026-08-03 12:15:00+00:00,Medium,1,2,4,5,3,3,4,3,4,4,5,4,4,4,2,2,0,0,1,1,0,3.142857142857143,4.0,0.8571428571428571,0.8571428571428572
CSE2613617,2026-08-03 12:16:00+00:00,High,3,2,2,2,4,2,5,5,5,4,4,5,4,4,2,3,2,2,1,2,0,2.857142857142857,4.428571428571429,1.7142857142857142,1.5714285714285716
CSE2613618,2026-08-03 12:17:00+00:00,High,1,4,3,3,1,4,2,5,5,4,5,3,4,5,4,1,1,2,2,0,3,2.5714285714285716,4.428571428571429,1.8571428571428572,1.8571428571428572
CSE2613619,2026-08-03 12:18:00+00:00,Medium,3,2,3,4,2,3,3,4,5,3,3,3,3,5,1,3,0,0,1,0,2,2.857142857142857,3.7142857142857144,1.0,0.8571428571428572
CSE2613620,2026-08-03 12:19:00+00:00,Medium,4,1,3,2,4,4,4,5,4,5,4,4,5,4,1,3,2,2,0,1,0,3.142857142857143,4.428571428571429,1.2857142857142858,1.285714285714286
CSE2613621,2026-08-03 12:20:00+00:00,Medium,3,5,3,2,2,4,3,4,4,5,4,4,4,5,1,0,2,2,2,0,2,3.142857142857143,4.285714285714286,1.2857142857142858,1.1428571428571428
CSE2613622,2026-08-03 12:21:00+00:00,High,4,2,1,5,4,1,3,3,4,4,4,5,5,4,0,2,3,0,1,4,1,2.857142857142857,4.142857142857143,1.5714285714285714,1.285714285714286
CSE2613623,2026-08-03 12:22:00+00:00,Medium,3,4,4,4,3,3,2,4,4,5,3,5,4,4,1,0,1,0,2,1,2,3.2857142857142856,4.142857142857143,1.0,0.8571428571428577
CSE2613624,2026-08-03 12:23:00+00:00,Medium,3,3,4,3,3,5,2,4,4,5,5,3,5,4,1,1,1,2,0,0,2,3.2857142857142856,4.285714285714286,1.0,1.0
CSE2613625,2026-08-03 12:24:00+00:00,Medium,1,4,4,3,4,3,1,5,4,4,3,4,4,5,4,0,0,0,0,1,4,2.857142857142857,4.142857142857143,1.2857142857142858,1.285714285714286
CSE2613626,2026-08-03 12:25:00+00:00,Low,4,4,2,5,4,5,4,5,5,5,4,4,5,4,1,1,3,0,0,0,0,4.0,4.571428571428571,0.7142857142857143,0.5714285714285712
CSE2613627,2026-08-03 12:26:00+00:00,High,3,1,4,5,2,1,1,5,4,5,3,4,4,5,2,3,1,0,2,3,4,2.4285714285714284,4.285714285714286,2.142857142857143,1.8571428571428572
CSE2613628,2026-08-03 12:27:00+00:00,Low,2,4,3,5,3,4,3,3,4,4,5,4,5,4,1,0,1,0,1,1,1,3.4285714285714284,4.142857142857143,0.7142857142857143,0.7142857142857149
CSE2613629,2026-08-03 12:28:00+00:00,High,1,3,3,3,2,3,3,4,3,5,4,4,5,5,3,0,2,1,2,2,2,2.5714285714285716,4.285714285714286,1.7142857142857142,1.714285714285714
CSE2613630,2026-08-03 12:29:00+00:00,Medium,4,2,4,3,3,3,4,5,5,4,4,4,4,4,1,3,0,1,1,1,0,3.2857142857142856,4.285714285714286,1.0,1.0
CSE2613631,2026-08-03 12:30:00+00:00,Low,4,3,3,3,4,4,5,4,4,5,5,4,3,4,0,1,2,2,0,0,0,3.7142857142857144,4.142857142857143,0.7142857142857143,0.4285714285714288
CSE2613632,2026-08-03 12:31:00+00:00,Medium,4,3,2,3,4,5,3,5,4,4,4,3,4,4,1,1,2,1,0,0,1,3.4285714285714284,4.0,0.8571428571428571,0.5714285714285716
CSE2613633,2026-08-03 12:32:00+00:00,Medium,2,1,3,4,3,4,1,3,4,4,4,4,5,4,1,3,1,0,1,1,3,2.5714285714285716,4.0,1.4285714285714286,1.4285714285714284
CSE2613634,2026-08-03 12:33:00+00:00,Medium,3,2,3,4,5,3,3,4,5,4,4,3,4,5,1,3,1,0,0,1,2,3.2857142857142856,4.142857142857143,1.1428571428571428,0.8571428571428577
CSE2613635,2026-08-03 12:34:00+00:00,Medium,3,2,3,3,5,3,3,5,4,4,4,4,4,4,2,2,1,1,0,1,1,3.142857142857143,4.142857142857143,1.1428571428571428,1.0000000000000004
CSE2613636,2026-08-03 12:35:00+00:00,Low,4,3,4,3,4,3,4,4,4,3,5,4,3,4,0,1,0,2,0,0,0,3.5714285714285716,3.857142857142857,0.42857142857142855,0.2857142857142856
CSE2613637,2026-08-03 12:36:00+00:00,Low,3,2,3,3,3,4,4,4,3,4,4,3,3,4,1,1,1,1,0,0,0,3.142857142857143,3.5714285714285716,0.5714285714285714,0.4285714285714288
CSE2613638,2026-08-03 12:37:00+00:00,Medium,3,2,1,3,2,3,4,4,3,4,5,3,4,3,1,1,3,2,1,1,0,2.5714285714285716,3.7142857142857144,1.2857142857142858,1.1428571428571428
CSE2613639,2026-08-03 12:38:00+00:00,Medium,2,3,3,1,5,4,4,4,5,4,5,3,4,4,2,2,1,4,0,0,0,3.142857142857143,4.142857142857143,1.2857142857142858,1.0000000000000004
CSE2613640,2026-08-03 12:39:00+00:00,Medium,4,4,3,3,3,1,5,5,4,3,4,4,4,4,1,0,0,1,1,3,0,3.2857142857142856,4.0,0.8571428571428571,0.7142857142857144
CSE2613641,2026-08-03 12:40:00+00:00,Medium,3,4,3,4,3,4,2,5,3,4,4,4,5,5,2,0,1,0,1,1,3,3.2857142857142856,4.285714285714286,1.1428571428571428,1.0
CSE2613642,2026-08-03 12:41:00+00:00,Medium,5,4,4,4,1,3,1,4,4,5,3,4,4,4,0,0,1,0,3,1,3,3.142857142857143,4.0,1.1428571428571428,0.8571428571428572
CSE2613643,2026-08-03 12:42:00+00:00,Medium,3,3,2,4,4,4,4,4,4,4,5,5,3,4,1,1,2,1,1,0,0,3.4285714285714284,4.142857142857143,0.8571428571428571,0.7142857142857149
CSE2613644,2026-08-03 12:43:00+00:00,High,2,3,3,1,1,4,4,3,5,4,5,4,5,5,1,2,1,4,3,1,1,2.5714285714285716,4.428571428571429,1.8571428571428572,1.8571428571428572
CSE2613645,2026-08-03 12:44:00+00:00,Medium,3,2,3,4,3,3,4,3,4,4,4,4,4,5,0,2,1,0,1,1,1,3.142857142857143,4.0,0.8571428571428571,0.8571428571428572
CSE2613646,2026-08-03 12:45:00+00:00,Medium,3,4,3,2,2,4,4,3,5,5,5,3,4,4,0,1,2,3,1,0,0,3.142857142857143,4.142857142857143,1.0,1.0000000000000004
CSE2613647,2026-08-03 12:46:00+00:00,High,3,4,3,1,3,1,4,4,5,5,5,5,4,4,1,1,2,4,2,3,0,2.7142857142857144,4.571428571428571,1.8571428571428572,1.8571428571428568
CSE2613648,2026-08-03 12:47:00+00:00,Medium,4,3,2,3,4,3,2,3,5,3,4,5,5,4,0,2,1,1,1,2,2,3.0,4.142857142857143,1.2857142857142858,1.1428571428571432
CSE2613649,2026-08-03 12:48:00+00:00,Medium,4,3,4,4,2,2,4,3,5,5,5,5,4,3,0,2,1,1,3,2,0,3.2857142857142856,4.285714285714286,1.2857142857142858,1.0
CSE2613650,2026-08-03 12:49:00+00:00,Medium,3,4,5,2,2,2,3,3,3,4,4,5,4,3,0,0,0,2,3,2,0,3.0,3.7142857142857144,1.0,0.7142857142857144
CSE2613651,2026-08-03 12:50:00+00:00,High,3,4,1,2,4,4,2,4,4,5,5,5,4,4,1,0,4,3,1,0,2,2.857142857142857,4.428571428571429,1.5714285714285714,1.5714285714285716
CSE2613652,2026-08-03 12:51:00+00:00,Medium,1,5,4,3,3,1,3,5,4,5,3,4,4,4,4,0,1,0,1,3,1,2.857142857142857,4.142857142857143,1.4285714285714286,1.285714285714286
CSE2613653,2026-08-03 12:52:00+00:00,Medium,3,2,4,3,4,3,1,4,4,4,4,5,4,4,1,2,0,1,1,1,3,2.857142857142857,4.142857142857143,1.2857142857142858,1.285714285714286
CSE2613654,2026-08-03 12:53:00+00:00,Medium,4,1,1,4,3,3,4,4,5,3,3,4,3,4,0,4,2,0,1,0,0,2.857142857142857,3.7142857142857144,1.0,0.8571428571428572
CSE2613655,2026-08-03 12:54:00+00:00,Low,4,2,4,3,4,4,5,4,4,3,4,5,3,4,0,2,0,1,1,0,0,3.7142857142857144,3.857142857142857,0.5714285714285714,0.1428571428571428
CSE2613656,2026-08-03 12:55:00+00:00,Medium,1,4,4,3,4,4,2,4,4,3,4,4,5,3,3,0,0,1,0,1,1,3.142857142857143,3.857142857142857,0.8571428571428571,0.7142857142857144
CSE2613657,2026-08-03 12:56:00+00:00,Medium,3,4,2,1,2,5,3,4,4,4,3,3,3,4,1,0,2,2,1,0,1,2.857142857142857,3.5714285714285716,1.0,0.7142857142857144
CSE2613658,2026-08-03 12:57:00+00:00,Medium,3,4,3,4,5,3,4,4,4,4,5,4,5,5,1,0,1,1,0,2,1,3.7142857142857144,4.428571428571429,0.8571428571428571,0.7142857142857144
CSE2613659,2026-08-03 12:58:00+00:00,Medium,3,4,4,4,5,3,2,3,5,5,5,4,4,5,0,1,1,1,0,1,3,3.5714285714285716,4.428571428571429,1.0,0.8571428571428572
CSE2613660,2026-08-03 12:59:00+00:00,Medium,4,3,4,4,3,3,3,5,4,5,4,5,5,4,1,1,1,0,2,2,1,3.4285714285714284,4.571428571428571,1.1428571428571428,1.1428571428571428
CSE2613661,2026-08-03 13:00:00+00:00,Medium,3,4,4,5,2,4,3,4,4,5,4,5,4,4,1,0,1,0,3,0,1,3.5714285714285716,4.285714285714286,0.8571428571428571,0.714285714285714
CSE2613662,2026-08-03 13:01:00+00:00,High,1,4,4,3,3,2,2,5,5,3,4,4,5,5,4,1,0,1,1,3,3,2.7142857142857144,4.428571428571429,1.8571428571428572,1.7142857142857144
CSE2613663,2026-08-03 13:02:00+00:00,Medium,3,3,3,3,3,3,2,3,4,4,4,5,3,5,0,1,1,1,2,0,3,2.857142857142857,4.0,1.1428571428571428,1.1428571428571428
CSE2613664,2026-08-03 13:03:00+00:00,Medium,4,4,3,3,2,1,4,4,3,5,3,4,5,4,0,0,2,0,2,4,0,3.0,4.0,1.1428571428571428,1.0
CSE2613665,2026-08-03 13:04:00+00:00,Medium,3,4,2,2,1,4,2,4,4,3,4,4,4,5,1,0,1,2,3,0,3,2.5714285714285716,4.0,1.4285714285714286,1.4285714285714284
CSE2613666,2026-08-03 13:05:00+00:00,Low,5,4,3,5,4,4,3,3,3,4,4,5,4,5,0,0,1,0,1,0,2,4.0,4.0,0.5714285714285714,0.0
CSE2613667,2026-08-03 13:06:00+00:00,Medium,3,4,4,2,4,2,3,3,4,5,5,4,5,4,0,0,1,3,0,3,1,3.142857142857143,4.285714285714286,1.1428571428571428,1.1428571428571428
CSE2613668,2026-08-03 13:07:00+00:00,Medium,4,2,3,4,3,3,3,3,4,4,3,5,4,5,0,2,1,0,2,1,2,3.142857142857143,4.0,1.1428571428571428,0.8571428571428572
CSE2613669,2026-08-03 13:08:00+00:00,High,4,2,3,3,3,2,2,4,5,4,5,5,4,4,0,3,1,2,2,2,2,2.7142857142857144,4.428571428571429,1.7142857142857142,1.7142857142857144
CSE2613670,2026-08-03 13:09:00+00:00,Medium,5,4,4,4,3,2,4,5,5,5,4,4,5,4,0,1,1,0,1,3,0,3.7142857142857144,4.571428571428571,0.8571428571428571,0.8571428571428568
CSE2613671,2026-08-03 13:10:00+00:00,Medium,2,4,3,4,2,4,3,4,4,4,5,5,5,4,2,0,1,1,3,1,1,3.142857142857143,4.428571428571429,1.2857142857142858,1.285714285714286
CSE2613672,2026-08-03 13:11:00+00:00,Medium,3,3,1,4,4,4,3,5,5,4,5,4,3,5,2,2,3,1,0,0,2,3.142857142857143,4.428571428571429,1.4285714285714286,1.285714285714286
CSE2613673,2026-08-03 13:12:00+00:00,Medium,4,2,4,4,3,4,5,5,5,5,4,5,4,5,1,3,1,0,2,0,0,3.7142857142857144,4.714285714285714,1.0,1.0
CSE2613674,2026-08-03 13:13:00+00:00,High,1,2,3,3,4,1,3,4,4,4,5,4,4,4,3,2,1,2,0,3,1,2.4285714285714284,4.142857142857143,1.7142857142857142,1.7142857142857149
CSE2613675,2026-08-03 13:14:00+00:00,Medium,2,2,2,4,3,3,4,4,4,4,4,5,5,4,2,2,2,0,2,2,0,2.857142857142857,4.285714285714286,1.4285714285714286,1.4285714285714284
CSE2613676,2026-08-03 13:15:00+00:00,Medium,3,3,4,2,4,5,4,5,5,5,4,4,5,5,2,2,1,2,0,0,1,3.5714285714285716,4.714285714285714,1.1428571428571428,1.1428571428571428
CSE2613677,2026-08-03 13:16:00+00:00,Low,4,2,4,5,4,2,3,4,4,4,4,5,3,4,0,2,0,0,1,1,1,3.4285714285714284,4.0,0.7142857142857143,0.5714285714285716
CSE2613678,2026-08-03 13:17:00+00:00,Medium,4,5,5,4,3,3,1,4,4,4,5,5,3,4,0,0,0,1,2,0,3,3.5714285714285716,4.142857142857143,0.8571428571428571,0.5714285714285716
CSE2613679,2026-08-03 13:18:00+00:00,Medium,3,4,2,4,3,3,4,4,4,5,5,5,4,4,1,0,3,1,2,1,0,3.2857142857142856,4.428571428571429,1.1428571428571428,1.1428571428571432
CSE2613680,2026-08-03 13:19:00+00:00,Medium,1,3,3,1,4,3,4,4,4,3,4,4,4,4,3,1,0,3,0,1,0,2.7142857142857144,3.857142857142857,1.1428571428571428,1.1428571428571428
CSE2613681,2026-08-03 13:20:00+00:00,Medium,2,5,2,3,5,4,1,4,4,4,5,4,4,4,2,0,2,2,0,0,3,3.142857142857143,4.142857142857143,1.2857142857142858,1.0000000000000004
CSE2613682,2026-08-03 13:21:00+00:00,Low,4,4,3,3,5,3,3,3,3,4,4,4,4,4,0,0,1,1,0,1,1,3.5714285714285716,3.7142857142857144,0.5714285714285714,0.1428571428571428
CSE2613683,2026-08-03 13:22:00+00:00,Medium,5,3,5,3,1,3,3,3,4,4,4,4,5,3,0,1,0,1,3,2,0,3.2857142857142856,3.857142857142857,1.0,0.5714285714285716
CSE2613684,2026-08-03 13:23:00+00:00,Low,4,4,4,4,3,3,5,5,4,5,4,4,3,4,1,0,1,0,1,0,0,3.857142857142857,4.142857142857143,0.42857142857142855,0.28571428571428603
CSE2613685,2026-08-03 13:24:00+00:00,Medium,5,3,1,4,3,2,3,5,4,3,4,4,3,5,0,1,2,0,1,1,2,3.0,4.0,1.0,1.0
CSE2613686,2026-08-03 13:25:00+00:00,Medium,1,4,3,3,5,3,4,4,4,3,4,4,4,5,3,0,0,1,0,1,1,3.2857142857142856,4.0,0.8571428571428571,0.7142857142857144
CSE2613687,2026-08-03 13:26:00+00:00,Medium,3,3,2,1,5,2,3,3,5,3,3,5,5,4,0,2,1,2,0,3,1,2.7142857142857144,4.0,1.2857142857142858,1.2857142857142856
CSE2613688,2026-08-03 13:27:00+00:00,Low,4,5,5,4,2,2,4,4,5,4,3,5,3,4,0,0,0,0,3,1,0,3.7142857142857144,4.0,0.5714285714285714,0.2857142857142856
CSE2613689,2026-08-03 13:28:00+00:00,Medium,5,3,3,1,4,2,3,3,4,5,4,3,3,4,0,1,2,3,0,1,1,3.0,3.7142857142857144,1.1428571428571428,0.7142857142857144
CSE2613690,2026-08-03 13:29:00+00:00,High,3,3,3,1,1,2,4,3,5,4,3,5,5,4,0,2,1,2,4,3,0,2.4285714285714284,4.142857142857143,1.7142857142857142,1.7142857142857149
CSE2613691,2026-08-03 13:30:00+00:00,Low,4,3,2,3,4,5,4,4,4,5,3,5,5,4,0,1,3,0,1,0,0,3.5714285714285716,4.285714285714286,0.7142857142857143,0.714285714285714
CSE2613692,2026-08-03 13:31:00+00:00,Medium,4,3,5,4,3,3,1,4,5,5,5,4,4,5,0,2,0,1,1,1,4,3.2857142857142856,4.571428571428571,1.2857142857142858,1.2857142857142856
CSE2613693,2026-08-03 13:32:00+00:00,Medium,4,2,3,3,1,2,4,4,3,4,4,5,4,4,0,1,1,1,4,2,0,2.7142857142857144,4.0,1.2857142857142858,1.2857142857142856
CSE2613694,2026-08-03 13:33:00+00:00,Medium,2,3,4,2,2,4,2,4,3,5,4,4,4,5,2,0,1,2,2,0,3,2.7142857142857144,4.142857142857143,1.4285714285714286,1.4285714285714288
CSE2613695,2026-08-03 13:34:00+00:00,Medium,4,3,3,4,4,2,4,5,5,4,5,4,5,3,1,2,1,1,0,3,0,3.4285714285714284,4.428571428571429,1.1428571428571428,1.0000000000000004
CSE2613696,2026-08-03 13:35:00+00:00,Medium,3,5,3,4,4,3,3,5,4,4,4,4,4,5,2,0,1,0,0,1,2,3.5714285714285716,4.285714285714286,0.8571428571428571,0.714285714285714
CSE2613697,2026-08-03 13:36:00+00:00,Medium,5,1,3,4,3,3,4,4,5,5,5,4,3,4,0,4,2,1,1,0,0,3.2857142857142856,4.285714285714286,1.1428571428571428,1.0
CSE2613698,2026-08-03 13:37:00+00:00,Medium,2,2,3,1,4,5,4,5,5,4,3,5,4,3,3,3,1,2,1,0,0,3.0,4.142857142857143,1.4285714285714286,1.1428571428571432
CSE2613699,2026-08-03 13:38:00+00:00,Medium,3,3,3,2,4,4,3,3,5,4,5,3,4,3,0,2,1,3,0,0,0,3.142857142857143,3.857142857142857,0.8571428571428571,0.7142857142857144
CSE2613700,2026-08-03 13:39:00+00:00,Medium,3,3,4,4,2,4,2,4,4,5,4,4,4,4,1,1,1,0,2,0,2,3.142857142857143,4.142857142857143,1.0,1.0000000000000004
CSE2613701,2026-08-03 13:40:00+00:00,Low,5,4,4,5,4,4,2,5,5,3,4,4,4,4,0,1,0,0,0,0,2,4.0,4.142857142857143,0.42857142857142855,0.14285714285714324
CSE2613702,2026-08-03 13:41:00+00:00,Medium,3,3,4,4,3,1,2,4,3,4,5,3,3,5,1,0,0,1,0,2,3,2.857142857142857,3.857142857142857,1.0,1.0
CSE2613703,2026-08-03 13:42:00+00:00,Medium,4,3,3,3,3,3,4,4,4,4,4,5,4,5,0,1,1,1,2,1,1,3.2857142857142856,4.285714285714286,1.0,1.0
CSE2613704,2026-08-03 13:43:00+00:00,Low,4,3,3,4,2,4,3,4,4,3,4,4,4,5,0,1,0,0,2,0,2,3.2857142857142856,4.0,0.7142857142857143,0.7142857142857144
CSE2613705,2026-08-03 13:44:00+00:00,Medium,2,4,3,3,2,4,3,5,5,4,5,4,4,3,3,1,1,2,2,0,0,3.0,4.285714285714286,1.2857142857142858,1.2857142857142856
CSE2613706,2026-08-03 13:45:00+00:00,Medium,5,2,3,5,3,3,2,5,5,5,4,4,4,5,0,3,2,0,1,1,3,3.2857142857142856,4.571428571428571,1.4285714285714286,1.2857142857142856
CSE2613707,2026-08-03 13:46:00+00:00,Medium,3,4,4,2,4,3,1,4,4,4,4,4,5,4,1,0,0,2,0,2,3,3.0,4.142857142857143,1.1428571428571428,1.1428571428571432
CSE2613708,2026-08-03 13:47:00+00:00,Medium,5,4,5,4,2,2,3,3,5,4,4,4,4,4,0,1,0,0,2,2,1,3.5714285714285716,4.0,0.8571428571428571,0.4285714285714284
CSE2613709,2026-08-03 13:48:00+00:00,High,2,3,1,1,3,4,4,4,5,5,4,3,4,5,2,2,4,3,0,0,1,2.5714285714285716,4.285714285714286,1.7142857142857142,1.714285714285714
CSE2613710,2026-08-03 13:49:00+00:00,Medium,3,5,3,4,5,3,3,4,4,4,3,4,5,5,1,0,1,0,0,2,2,3.7142857142857144,4.142857142857143,0.8571428571428571,0.4285714285714288
CSE2613711,2026-08-03 13:50:00+00:00,Medium,4,3,5,4,4,2,1,4,4,5,4,4,4,4,0,1,0,0,0,2,3,3.2857142857142856,4.142857142857143,0.8571428571428571,0.8571428571428577
CSE2613712,2026-08-03 13:51:00+00:00,Medium,4,3,3,4,4,2,5,5,5,3,4,5,4,4,1,2,0,0,1,2,0,3.5714285714285716,4.285714285714286,0.8571428571428571,0.714285714285714
CSE2613713,2026-08-03 13:52:00+00:00,Low,4,3,4,4,4,4,3,5,3,4,4,4,5,3,1,0,0,0,0,1,0,3.7142857142857144,4.0,0.2857142857142857,0.2857142857142856
CSE2613714,2026-08-03 13:53:00+00:00,Medium,4,2,5,5,2,4,2,5,4,5,4,5,3,5,1,2,0,0,3,0,3,3.4285714285714284,4.428571428571429,1.2857142857142858,1.0000000000000004
CSE2613715,2026-08-03 13:54:00+00:00,Low,5,3,4,3,4,4,3,4,3,4,4,3,4,4,0,0,0,1,0,0,1,3.7142857142857144,3.7142857142857144,0.2857142857142857,0.0
CSE2613716,2026-08-03 13:55:00+00:00,High,3,1,4,3,3,3,3,3,5,3,5,5,5,5,0,4,0,2,2,2,2,2.857142857142857,4.428571428571429,1.7142857142857142,1.5714285714285716
CSE2613717,2026-08-03 13:56:00+00:00,Medium,3,2,4,1,4,4,3,4,4,4,4,4,4,4,1,2,0,3,0,0,1,3.0,4.0,1.0,1.0
CSE2613718,2026-08-03 13:57:00+00:00,Medium,3,3,4,1,2,5,5,3,4,4,4,5,4,4,0,1,0,3,3,0,0,3.2857142857142856,4.0,1.0,0.7142857142857144
CSE2613719,2026-08-03 13:58:00+00:00,Medium,2,4,3,2,2,3,4,4,4,4,4,5,3,5,2,0,1,2,3,0,1,2.857142857142857,4.142857142857143,1.2857142857142858,1.285714285714286
CSE2613720,2026-08-03 13:59:00+00:00,Low,4,4,4,4,3,2,5,4,4,4,4,4,4,3,0,0,0,0,1,2,0,3.7142857142857144,3.857142857142857,0.42857142857142855,0.1428571428571428
CSE2613721,2026-08-03 14:00:00+00:00,Medium,4,3,5,5,2,2,3,4,4,5,4,5,4,4,0,1,0,0,3,2,1,3.4285714285714284,4.285714285714286,1.0,0.8571428571428572
CSE2613722,2026-08-03 14:01:00+00:00,Medium,3,3,4,5,4,4,2,5,5,3,4,5,4,4,2,2,0,0,1,0,2,3.5714285714285716,4.285714285714286,1.0,0.714285714285714
CSE2613723,2026-08-03 14:02:00+00:00,Low,3,3,4,3,2,4,3,4,3,4,4,4,4,4,1,0,0,1,2,0,1,3.142857142857143,3.857142857142857,0.7142857142857143,0.7142857142857144
CSE2613724,2026-08-03 14:03:00+00:00,Medium,3,4,2,2,4,3,4,5,4,4,4,3,4,4,2,0,2,2,0,1,0,3.142857142857143,4.0,1.0,0.8571428571428572
CSE2613725,2026-08-03 14:04:00+00:00,Medium,4,2,5,3,4,2,1,3,3,4,5,4,4,5,0,1,0,2,0,2,4,3.0,4.0,1.2857142857142858,1.0
CSE2613726,2026-08-03 14:05:00+00:00,Medium,4,4,3,2,4,3,3,3,4,4,5,4,4,4,0,0,1,3,0,1,1,3.2857142857142856,4.0,0.8571428571428571,0.7142857142857144
CSE2613727,2026-08-03 14:06:00+00:00,Low,4,3,4,5,3,3,3,3,4,4,3,3,4,4,0,1,0,0,0,1,1,3.5714285714285716,3.5714285714285716,0.42857142857142855,0.0
CSE2613728,2026-08-03 14:07:00+00:00,Low,4,5,4,2,3,3,3,4,5,4,3,3,4,5,0,0,0,1,0,1,2,3.4285714285714284,4.0,0.5714285714285714,0.5714285714285716
CSE2613729,2026-08-03 14:08:00+00:00,High,5,1,2,2,5,2,2,4,4,4,4,4,5,5,0,3,2,2,0,3,3,2.7142857142857144,4.285714285714286,1.8571428571428572,1.5714285714285712
CSE2613730,2026-08-03 14:09:00+00:00,Low,4,3,4,5,2,4,3,5,3,4,5,4,4,3,1,0,0,0,2,0,0,3.5714285714285716,4.0,0.42857142857142855,0.4285714285714284
CSE2613731,2026-08-03 14:10:00+00:00,Medium,4,3,4,4,3,3,4,4,5,3,5,5,4,4,0,2,0,1,2,1,0,3.5714285714285716,4.285714285714286,0.8571428571428571,0.714285714285714
CSE2613732,2026-08-03 14:11:00+00:00,Medium,4,3,4,2,4,3,3,5,4,3,4,5,5,5,1,1,0,2,1,2,2,3.2857142857142856,4.428571428571429,1.2857142857142858,1.1428571428571432
CSE2613733,2026-08-03 14:12:00+00:00,High,3,3,3,3,3,3,3,5,5,4,4,4,5,5,2,2,1,1,1,2,2,3.0,4.571428571428571,1.5714285714285714,1.5714285714285712
CSE2613734,2026-08-03 14:13:00+00:00,Low,5,2,4,4,3,4,5,4,4,4,5,5,4,4,0,2,0,1,2,0,0,3.857142857142857,4.285714285714286,0.7142857142857143,0.4285714285714284
CSE2613735,2026-08-03 14:14:00+00:00,Medium,5,3,3,3,4,4,2,4,5,4,3,3,4,5,0,2,1,0,0,0,3,3.4285714285714284,4.0,0.8571428571428571,0.5714285714285716
CSE2613736,2026-08-03 14:15:00+00:00,Medium,3,2,1,3,4,3,4,4,4,4,4,5,4,5,1,2,3,1,1,1,1,2.857142857142857,4.285714285714286,1.4285714285714286,1.4285714285714284
CSE2613737,2026-08-03 14:16:00+00:00,Medium,4,1,3,3,3,4,4,3,4,3,4,4,5,4,0,3,0,1,1,1,0,3.142857142857143,3.857142857142857,0.8571428571428571,0.7142857142857144
CSE2613738,2026-08-03 14:17:00+00:00,High,2,3,1,3,4,1,5,4,4,4,4,4,5,3,2,1,3,1,0,4,0,2.7142857142857144,4.0,1.5714285714285714,1.2857142857142856
CSE2613739,2026-08-03 14:18:00+00:00,Medium,3,5,3,4,3,3,3,4,4,4,4,4,4,5,1,0,1,0,1,1,2,3.4285714285714284,4.142857142857143,0.8571428571428571,0.7142857142857149
CSE2613740,2026-08-03 14:19:00+00:00,Medium,3,4,3,4,1,4,4,5,4,4,4,5,3,4,2,0,1,0,4,0,0,3.2857142857142856,4.142857142857143,1.0,0.8571428571428577
CSE2613741,2026-08-03 14:20:00+00:00,High,3,1,4,2,4,1,1,4,4,4,4,4,4,4,1,3,0,2,0,3,3,2.2857142857142856,4.0,1.7142857142857142,1.7142857142857144
CSE2613742,2026-08-03 14:21:00+00:00,Medium,4,4,3,1,3,2,3,3,4,4,5,3,5,4,0,0,1,4,0,3,1,2.857142857142857,4.0,1.2857142857142858,1.1428571428571428
CSE2613743,2026-08-03 14:22:00+00:00,Medium,3,2,3,2,3,1,3,4,5,3,4,3,4,4,1,3,0,2,0,3,1,2.4285714285714284,3.857142857142857,1.4285714285714286,1.4285714285714288
CSE2613744,2026-08-03 14:23:00+00:00,Medium,4,4,3,4,3,1,3,4,5,3,4,4,5,4,0,1,0,0,1,4,1,3.142857142857143,4.142857142857143,1.0,1.0000000000000004
CSE2613745,2026-08-03 14:24:00+00:00,Medium,3,3,4,3,3,1,4,4,4,5,5,4,5,4,1,1,1,2,1,4,0,3.0,4.428571428571429,1.4285714285714286,1.4285714285714288
CSE2613746,2026-08-03 14:25:00+00:00,Low,3,4,2,4,4,3,4,5,4,4,4,3,4,4,2,0,2,0,0,1,0,3.4285714285714284,4.0,0.7142857142857143,0.5714285714285716
CSE2613747,2026-08-03 14:26:00+00:00,Medium,3,4,2,5,3,3,3,5,4,4,3,4,5,5,2,0,2,0,1,2,2,3.2857142857142856,4.285714285714286,1.2857142857142858,1.0
CSE2613748,2026-08-03 14:27:00+00:00,Medium,2,5,3,5,5,3,2,4,4,4,5,3,4,4,2,0,1,0,0,1,2,3.5714285714285716,4.0,0.8571428571428571,0.4285714285714284
CSE2613749,2026-08-03 14:28:00+00:00,Medium,5,4,1,3,3,3,3,4,5,5,4,4,5,4,0,1,4,1,1,2,1,3.142857142857143,4.428571428571429,1.4285714285714286,1.285714285714286
CSE2613750,2026-08-03 14:29:00+00:00,Medium,2,3,3,2,5,3,3,4,4,5,4,4,4,5,2,1,2,2,0,1,2,3.0,4.285714285714286,1.4285714285714286,1.2857142857142856
CSE2613751,2026-08-03 14:30:00+00:00,Low,2,4,5,4,4,5,3,4,4,5,4,5,5,5,2,0,0,0,1,0,2,3.857142857142857,4.571428571428571,0.7142857142857143,0.714285714285714
CSE2613752,2026-08-03 14:31:00+00:00,Medium,5,5,3,1,2,3,5,4,5,4,3,4,4,5,0,0,1,2,2,1,0,3.4285714285714284,4.142857142857143,0.8571428571428571,0.7142857142857149
CSE2613753,2026-08-03 14:32:00+00:00,Low,3,5,2,2,3,4,3,3,3,3,4,4,4,4,0,0,1,2,1,0,1,3.142857142857143,3.5714285714285716,0.7142857142857143,0.4285714285714288
CSE2613754,2026-08-03 14:33:00+00:00,High,3,1,4,2,2,2,2,5,5,5,4,4,5,5,2,4,1,2,2,3,3,2.2857142857142856,4.714285714285714,2.4285714285714284,2.428571428571429
CSE2613755,2026-08-03 14:34:00+00:00,High,1,3,4,2,4,4,2,4,5,5,4,4,4,5,3,2,1,2,0,0,3,2.857142857142857,4.428571428571429,1.5714285714285714,1.5714285714285716
CSE2613756,2026-08-03 14:35:00+00:00,High,3,3,1,4,3,3,4,5,4,4,4,5,5,5,2,1,3,0,2,2,1,3.0,4.571428571428571,1.5714285714285714,1.5714285714285712
CSE2613757,2026-08-03 14:36:00+00:00,Medium,1,4,3,3,3,4,4,5,4,4,5,3,5,4,4,0,1,2,0,1,0,3.142857142857143,4.285714285714286,1.1428571428571428,1.1428571428571428
CSE2613758,2026-08-03 14:37:00+00:00,Medium,3,3,3,3,4,3,2,5,4,4,4,5,4,4,2,1,1,1,1,1,2,3.0,4.285714285714286,1.2857142857142858,1.2857142857142856
CSE2613759,2026-08-03 14:38:00+00:00,High,3,1,3,3,5,2,2,4,5,4,4,4,4,4,1,4,1,1,0,2,2,2.7142857142857144,4.142857142857143,1.5714285714285714,1.4285714285714288
CSE2613760,2026-08-03 14:39:00+00:00,Medium,3,3,5,1,3,2,4,3,4,4,5,4,4,5,0,1,0,4,1,2,1,3.0,4.142857142857143,1.2857142857142858,1.1428571428571432
CSE2613761,2026-08-03 14:40:00+00:00,Medium,5,3,3,3,3,1,4,4,5,5,5,4,4,4,0,2,2,2,1,3,0,3.142857142857143,4.428571428571429,1.4285714285714286,1.285714285714286
CSE2613762,2026-08-03 14:41:00+00:00,Medium,3,3,4,5,3,4,3,4,4,5,3,4,5,4,1,1,1,0,1,1,1,3.5714285714285716,4.142857142857143,0.8571428571428571,0.5714285714285716
CSE2613763,2026-08-03 14:42:00+00:00,High,4,3,3,3,2,4,1,5,4,4,5,4,4,5,1,1,1,2,2,0,4,2.857142857142857,4.428571428571429,1.5714285714285714,1.5714285714285716
CSE2613764,2026-08-03 14:43:00+00:00,High,4,4,1,2,2,4,2,3,4,5,4,5,4,4,0,0,4,2,3,0,2,2.7142857142857144,4.142857142857143,1.5714285714285714,1.4285714285714288
CSE2613765,2026-08-03 14:44:00+00:00,Medium,2,5,3,3,4,4,4,5,4,4,5,4,4,4,3,0,1,2,0,0,0,3.5714285714285716,4.285714285714286,0.8571428571428571,0.714285714285714
CSE2613766,2026-08-03 14:45:00+00:00,Medium,5,3,2,4,3,5,2,4,3,5,4,5,3,3,0,0,3,0,2,0,1,3.4285714285714284,3.857142857142857,0.8571428571428571,0.4285714285714288
CSE2613767,2026-08-03 14:46:00+00:00,Medium,2,3,3,2,3,3,3,3,4,4,4,4,4,5,1,1,1,2,1,1,2,2.7142857142857144,4.0,1.2857142857142858,1.2857142857142856
CSE2613768,2026-08-03 14:47:00+00:00,Medium,4,4,3,3,4,2,2,4,4,4,4,4,4,4,0,0,1,1,0,2,2,3.142857142857143,4.0,0.8571428571428571,0.8571428571428572
CSE2613769,2026-08-03 14:48:00+00:00,Medium,2,4,3,3,2,2,4,4,3,4,5,5,3,4,2,0,1,2,3,1,0,2.857142857142857,4.0,1.2857142857142858,1.1428571428571428
CSE2613770,2026-08-03 14:49:00+00:00,Medium,3,3,5,2,5,3,2,4,4,5,5,4,4,4,1,1,0,3,0,1,2,3.2857142857142856,4.285714285714286,1.1428571428571428,1.0
CSE2613771,2026-08-03 14:50:00+00:00,Medium,5,3,2,4,3,3,4,5,4,4,3,4,4,5,0,1,2,0,1,1,1,3.4285714285714284,4.142857142857143,0.8571428571428571,0.7142857142857149
CSE2613772,2026-08-03 14:51:00+00:00,Medium,4,3,3,3,2,3,3,5,5,4,5,4,4,4,1,2,1,2,2,1,1,3.0,4.428571428571429,1.4285714285714286,1.4285714285714288
CSE2613773,2026-08-03 14:52:00+00:00,Medium,2,4,3,3,2,3,4,4,4,4,4,5,5,3,2,0,1,1,3,2,0,3.0,4.142857142857143,1.2857142857142858,1.1428571428571432
CSE2613774,2026-08-03 14:53:00+00:00,Medium,4,4,5,3,4,2,4,5,4,4,4,5,5,3,1,0,0,1,1,3,0,3.7142857142857144,4.285714285714286,0.8571428571428571,0.5714285714285712
CSE2613775,2026-08-03 14:54:00+00:00,Low,4,5,4,2,4,3,4,4,4,4,4,3,5,4,0,0,0,2,0,2,0,3.7142857142857144,4.0,0.5714285714285714,0.2857142857142856
CSE2613776,2026-08-03 14:55:00+00:00,Low,3,4,3,4,4,4,3,3,5,5,4,5,3,4,0,1,2,0,1,0,1,3.5714285714285716,4.142857142857143,0.7142857142857143,0.5714285714285716
CSE2613777,2026-08-03 14:56:00+00:00,Low,5,5,4,5,2,4,4,4,3,4,5,4,4,5,0,0,0,0,2,0,1,4.142857142857143,4.142857142857143,0.42857142857142855,0.0
CSE2613778,2026-08-03 14:57:00+00:00,High,1,3,2,2,3,3,2,4,5,4,4,5,4,4,3,2,2,2,2,1,2,2.2857142857142856,4.285714285714286,2.0,2.0
CSE2613779,2026-08-03 14:58:00+00:00,Medium,3,4,2,3,2,3,2,5,4,4,5,4,4,3,2,0,2,2,2,1,1,2.7142857142857144,4.142857142857143,1.4285714285714286,1.4285714285714288
CSE2613780,2026-08-03 14:59:00+00:00,Medium,3,3,3,5,2,5,5,4,5,5,5,5,3,5,1,2,2,0,3,0,0,3.7142857142857144,4.571428571428571,1.1428571428571428,0.8571428571428568
CSE2613781,2026-08-03 15:00:00+00:00,Medium,2,3,5,2,5,1,3,4,4,5,4,4,4,3,2,1,0,2,0,3,0,3.0,4.0,1.1428571428571428,1.0
CSE2613782,2026-08-03 15:01:00+00:00,Low,4,5,2,4,5,4,4,4,3,5,5,4,4,4,0,0,3,1,0,0,0,4.0,4.142857142857143,0.5714285714285714,0.14285714285714324
CSE2613783,2026-08-03 15:02:00+00:00,Medium,1,2,1,4,3,2,3,3,4,3,4,4,3,4,2,2,2,0,1,1,1,2.2857142857142856,3.5714285714285716,1.2857142857142858,1.285714285714286
CSE2613784,2026-08-03 15:03:00+00:00,Medium,2,3,4,4,2,3,2,4,5,4,4,3,5,4,2,2,0,0,1,2,2,2.857142857142857,4.142857142857143,1.2857142857142858,1.285714285714286
CSE2613785,2026-08-03 15:04:00+00:00,Medium,4,4,2,4,4,3,2,4,5,4,5,4,3,5,0,1,2,1,0,0,3,3.2857142857142856,4.285714285714286,1.0,1.0
CSE2613786,2026-08-03 15:05:00+00:00,Low,3,4,3,3,5,1,3,4,3,4,3,4,4,3,1,0,1,0,0,3,0,3.142857142857143,3.5714285714285716,0.7142857142857143,0.4285714285714288
CSE2613787,2026-08-03 15:06:00+00:00,Medium,4,4,3,3,1,2,4,4,4,4,4,4,5,4,0,0,1,1,3,3,0,3.0,4.142857142857143,1.1428571428571428,1.1428571428571432
CSE2613788,2026-08-03 15:07:00+00:00,Medium,2,1,4,4,2,4,3,3,5,3,4,4,4,3,1,4,0,0,2,0,0,2.857142857142857,3.7142857142857144,1.0,0.8571428571428572
CSE2613789,2026-08-03 15:08:00+00:00,Low,4,5,5,2,5,3,5,4,3,3,5,4,5,3,0,0,0,3,0,2,0,4.142857142857143,3.857142857142857,0.7142857142857143,-0.28571428571428603
CSE2613790,2026-08-03 15:09:00+00:00,Medium,2,2,3,2,3,4,5,5,4,4,4,5,4,3,3,2,1,2,2,0,0,3.0,4.142857142857143,1.4285714285714286,1.1428571428571432
CSE2613791,2026-08-03 15:10:00+00:00,Medium,4,3,4,4,1,3,4,5,4,3,4,4,4,5,1,1,0,0,3,1,1,3.2857142857142856,4.142857142857143,1.0,0.8571428571428577
CSE2613792,2026-08-03 15:11:00+00:00,Low,2,4,3,4,4,3,4,4,4,4,4,4,4,3,2,0,1,0,0,1,0,3.4285714285714284,3.857142857142857,0.5714285714285714,0.4285714285714288
CSE2613793,2026-08-03 15:12:00+00:00,Medium,4,2,2,4,5,3,2,5,3,4,3,4,4,4,1,1,2,0,0,1,2,3.142857142857143,3.857142857142857,1.0,0.7142857142857144
CSE2613794,2026-08-03 15:13:00+00:00,High,1,3,5,3,3,3,2,5,5,4,4,4,5,4,4,2,0,1,1,2,2,2.857142857142857,4.428571428571429,1.7142857142857142,1.5714285714285716
CSE2613795,2026-08-03 15:14:00+00:00,Medium,4,2,3,4,4,4,4,3,5,4,4,5,5,4,0,3,1,0,1,1,0,3.5714285714285716,4.285714285714286,0.8571428571428571,0.714285714285714
CSE2613796,2026-08-03 15:15:00+00:00,Low,4,3,4,3,2,5,4,4,4,4,3,3,4,5,0,1,0,0,1,0,1,3.5714285714285716,3.857142857142857,0.42857142857142855,0.2857142857142856
CSE2613797,2026-08-03 15:16:00+00:00,Medium,3,4,2,3,4,4,4,4,4,4,5,4,5,3,1,0,2,2,0,1,0,3.4285714285714284,4.142857142857143,0.8571428571428571,0.7142857142857149
CSE2613798,2026-08-03 15:17:00+00:00,Low,4,3,3,3,5,4,3,4,3,5,4,4,3,5,0,0,2,1,0,0,2,3.5714285714285716,4.0,0.7142857142857143,0.4285714285714284
CSE2613799,2026-08-03 15:18:00+00:00,Medium,3,3,2,5,1,3,5,5,4,4,3,4,4,4,2,1,2,0,3,1,0,3.142857142857143,4.0,1.2857142857142858,0.8571428571428572
CSE2613800,2026-08-03 15:19:00+00:00,Low,4,4,3,4,3,4,3,4,4,4,4,5,5,4,0,0,1,0,2,1,1,3.5714285714285716,4.285714285714286,0.7142857142857143,0.714285714285714
CSE2613801,2026-08-03 15:20:00+00:00,Low,3,5,4,4,4,5,3,4,3,4,4,3,5,4,1,0,0,0,0,0,1,4.0,3.857142857142857,0.2857142857142857,-0.1428571428571428
CSE2613802,2026-08-03 15:21:00+00:00,High,4,2,1,1,5,2,1,4,4,4,3,4,4,5,0,2,3,2,0,2,4,2.2857142857142856,4.0,1.8571428571428572,1.7142857142857144
CSE2613803,2026-08-03 15:22:00+00:00,Low,2,3,3,5,3,3,5,4,4,4,4,4,3,5,2,1,1,0,1,0,0,3.4285714285714284,4.0,0.7142857142857143,0.5714285714285716
CSE2613804,2026-08-03 15:23:00+00:00,Medium,3,3,5,4,2,5,3,4,5,4,3,5,4,5,1,2,0,0,3,0,2,3.5714285714285716,4.285714285714286,1.1428571428571428,0.714285714285714
CSE2613805,2026-08-03 15:24:00+00:00,High,3,2,5,1,3,3,2,3,4,3,4,5,4,5,0,2,0,3,2,1,3,2.7142857142857144,4.0,1.5714285714285714,1.2857142857142856
CSE2613806,2026-08-03 15:25:00+00:00,Low,3,5,2,4,1,4,5,3,5,3,3,4,5,4,0,0,1,0,3,1,0,3.4285714285714284,3.857142857142857,0.7142857142857143,0.4285714285714288
CSE2613807,2026-08-03 15:26:00+00:00,Medium,5,3,1,4,2,4,3,5,4,4,4,5,5,3,0,1,3,0,3,1,0,3.142857142857143,4.285714285714286,1.1428571428571428,1.1428571428571428
CSE2613808,2026-08-03 15:27:00+00:00,Medium,4,3,2,2,3,3,3,4,4,4,3,3,4,4,0,1,2,1,0,1,1,2.857142857142857,3.7142857142857144,0.8571428571428571,0.8571428571428572
CSE2613809,2026-08-03 15:28:00+00:00,Medium,3,3,2,2,3,3,2,5,4,4,4,3,3,4,2,1,2,2,0,0,2,2.5714285714285716,3.857142857142857,1.2857142857142858,1.2857142857142856
CSE2613810,2026-08-03 15:29:00+00:00,Medium,3,3,4,4,5,3,3,4,5,3,4,4,5,5,1,2,0,0,0,2,2,3.5714285714285716,4.285714285714286,1.0,0.714285714285714
CSE2613811,2026-08-03 15:30:00+00:00,Low,3,4,2,3,4,4,4,4,4,4,3,5,5,3,1,0,2,0,1,1,0,3.4285714285714284,4.0,0.7142857142857143,0.5714285714285716
CSE2613812,2026-08-03 15:31:00+00:00,Medium,5,1,4,3,4,4,3,4,5,5,4,4,5,3,0,4,1,1,0,1,0,3.4285714285714284,4.285714285714286,1.0,0.8571428571428572
CSE2613813,2026-08-03 15:32:00+00:00,Medium,1,2,3,5,3,4,2,4,4,4,5,4,5,3,3,2,1,0,1,1,1,2.857142857142857,4.142857142857143,1.2857142857142858,1.285714285714286
CSE2613814,2026-08-03 15:33:00+00:00,Medium,2,5,4,2,2,3,4,3,3,3,4,5,4,3,1,0,0,2,3,1,0,3.142857142857143,3.5714285714285716,1.0,0.4285714285714288
CSE2613815,2026-08-03 15:34:00+00:00,Medium,3,2,3,4,5,2,3,4,4,4,4,3,4,5,1,2,1,0,0,2,2,3.142857142857143,4.0,1.1428571428571428,0.8571428571428572
CSE2613816,2026-08-03 15:35:00+00:00,Low,4,4,4,2,4,4,2,4,4,4,3,3,4,5,0,0,0,1,0,0,3,3.4285714285714284,3.857142857142857,0.5714285714285714,0.4285714285714288
CSE2613817,2026-08-03 15:36:00+00:00,Medium,4,5,5,2,4,3,1,5,5,4,4,4,3,4,1,0,0,2,0,0,3,3.4285714285714284,4.142857142857143,0.8571428571428571,0.7142857142857149
CSE2613818,2026-08-03 15:37:00+00:00,Medium,4,3,2,3,4,5,2,4,5,3,5,3,3,4,0,2,1,2,0,0,2,3.2857142857142856,3.857142857142857,1.0,0.5714285714285716
CSE2613819,2026-08-03 15:38:00+00:00,Low,3,4,2,4,3,3,4,4,3,3,4,4,3,4,1,0,1,0,1,0,0,3.2857142857142856,3.5714285714285716,0.42857142857142855,0.28571428571428603
CSE2613820,2026-08-03 15:39:00+00:00,Medium,4,4,5,1,3,3,2,5,3,3,4,4,4,3,1,0,0,3,1,1,1,3.142857142857143,3.7142857142857144,1.0,0.5714285714285716
CSE2613821,2026-08-03 15:40:00+00:00,Medium,3,3,5,5,2,3,3,5,4,5,4,4,5,3,2,1,0,0,2,2,0,3.4285714285714284,4.285714285714286,1.0,0.8571428571428572
CSE2613822,2026-08-03 15:41:00+00:00,Medium,3,3,3,2,4,3,3,5,5,3,4,3,3,4,2,2,0,2,0,0,1,3.0,3.857142857142857,1.0,0.8571428571428572
CSE2613823,2026-08-03 15:42:00+00:00,Low,2,5,4,5,4,3,3,4,5,4,5,4,4,5,2,0,0,0,0,1,2,3.7142857142857144,4.428571428571429,0.7142857142857143,0.7142857142857144
CSE2613824,2026-08-03 15:43:00+00:00,Medium,3,3,4,3,2,3,4,4,4,4,4,4,4,4,1,1,0,1,2,1,0,3.142857142857143,4.0,0.8571428571428571,0.8571428571428572
CSE2613825,2026-08-03 15:44:00+00:00,Low,4,3,2,3,4,5,4,5,4,4,4,4,4,4,1,1,2,1,0,0,0,3.5714285714285716,4.142857142857143,0.7142857142857143,0.5714285714285716
CSE2613826,2026-08-03 15:45:00+00:00,Low,4,2,4,4,3,5,4,5,3,4,3,3,5,5,1,1,0,0,0,0,1,3.7142857142857144,4.0,0.42857142857142855,0.2857142857142856
CSE2613827,2026-08-03 15:46:00+00:00,Low,5,4,3,5,4,4,4,3,3,5,4,5,4,4,0,0,2,0,1,0,0,4.142857142857143,4.0,0.42857142857142855,-0.14285714285714324
CSE2613828,2026-08-03 15:47:00+00:00,Medium,2,3,3,3,3,3,5,4,4,4,4,5,5,4,2,1,1,1,2,2,0,3.142857142857143,4.285714285714286,1.2857142857142858,1.1428571428571428
CSE2613829,2026-08-03 15:48:00+00:00,High,2,1,2,4,3,4,3,4,5,4,4,5,5,5,2,4,2,0,2,1,2,2.7142857142857144,4.571428571428571,1.8571428571428572,1.8571428571428568
CSE2613830,2026-08-03 15:49:00+00:00,Medium,5,4,3,3,3,4,5,3,3,4,5,5,5,4,0,0,1,2,2,1,0,3.857142857142857,4.142857142857143,0.8571428571428571,0.28571428571428603
CSE2613831,2026-08-03 15:50:00+00:00,Medium,2,3,2,2,3,3,3,5,4,4,4,3,4,4,3,1,2,2,0,1,1,2.5714285714285716,4.0,1.4285714285714286,1.4285714285714284
CSE2613832,2026-08-03 15:51:00+00:00,High,3,3,3,2,1,1,4,4,5,5,5,5,3,3,1,2,2,3,4,2,0,2.4285714285714284,4.285714285714286,2.0,1.8571428571428572
CSE2613833,2026-08-03 15:52:00+00:00,Medium,4,4,4,2,3,1,3,4,4,3,4,4,5,3,0,0,0,2,1,4,0,3.0,3.857142857142857,1.0,0.8571428571428572
CSE2613834,2026-08-03 15:53:00+00:00,Medium,2,3,2,2,4,4,4,4,4,5,4,4,3,3,2,1,3,2,0,0,0,3.0,3.857142857142857,1.1428571428571428,0.8571428571428572
CSE2613835,2026-08-03 15:54:00+00:00,Medium,2,4,4,3,3,4,3,4,4,4,5,5,5,4,2,0,0,2,2,1,1,3.2857142857142856,4.428571428571429,1.1428571428571428,1.1428571428571432
CSE2613836,2026-08-03 15:55:00+00:00,Medium,4,3,2,2,3,4,5,3,5,4,3,4,3,5,0,2,2,1,1,0,0,3.2857142857142856,3.857142857142857,0.8571428571428571,0.5714285714285716
CSE2613837,2026-08-03 15:56:00+00:00,Low,3,3,4,4,5,2,5,4,4,4,3,3,5,4,1,1,0,0,0,3,0,3.7142857142857144,3.857142857142857,0.7142857142857143,0.1428571428571428
CSE2613838,2026-08-03 15:57:00+00:00,Low,4,4,4,4,3,4,2,4,4,5,4,4,4,4,0,0,1,0,1,0,2,3.5714285714285716,4.142857142857143,0.5714285714285714,0.5714285714285716
CSE2613839,2026-08-03 15:58:00+00:00,High,3,3,2,3,3,3,2,5,4,5,4,4,4,4,2,1,3,1,1,1,2,2.7142857142857144,4.285714285714286,1.5714285714285714,1.5714285714285712
CSE2613840,2026-08-03 15:59:00+00:00,Medium,3,3,2,2,2,4,4,4,3,4,5,3,3,5,1,0,2,3,1,0,1,2.857142857142857,3.857142857142857,1.1428571428571428,1.0
CSE2613841,2026-08-03 16:00:00+00:00,Medium,3,4,3,4,2,3,2,5,3,4,5,4,4,5,2,0,1,1,2,1,3,3.0,4.285714285714286,1.4285714285714286,1.2857142857142856
CSE2613842,2026-08-03 16:01:00+00:00,High,3,1,1,1,4,3,1,4,4,4,4,5,5,5,1,3,3,3,1,2,4,2.0,4.428571428571429,2.4285714285714284,2.428571428571429
CSE2613843,2026-08-03 16:02:00+00:00,Medium,5,4,3,1,3,2,3,4,4,4,4,5,5,4,0,0,1,3,2,3,1,3.0,4.285714285714286,1.4285714285714286,1.2857142857142856
CSE2613844,2026-08-03 16:03:00+00:00,Low,3,3,4,5,1,5,5,3,4,5,5,3,4,5,0,1,1,0,2,0,0,3.7142857142857144,4.142857142857143,0.5714285714285714,0.4285714285714288
CSE2613845,2026-08-03 16:04:00+00:00,Medium,2,4,5,4,4,3,4,5,5,5,4,5,5,5,3,1,0,0,1,2,1,3.7142857142857144,4.857142857142857,1.1428571428571428,1.1428571428571423
CSE2613846,2026-08-03 16:05:00+00:00,Low,3,4,3,3,4,4,5,4,5,4,3,3,4,3,1,1,1,0,0,0,0,3.7142857142857144,3.7142857142857144,0.42857142857142855,0.0
CSE2613847,2026-08-03 16:06:00+00:00,Medium,3,3,3,2,4,3,3,5,4,5,3,4,4,3,2,1,2,1,0,1,0,3.0,4.0,1.0,1.0
CSE2613848,2026-08-03 16:07:00+00:00,Low,5,4,4,2,3,4,3,4,5,4,3,5,4,3,0,1,0,1,2,0,0,3.5714285714285716,4.0,0.5714285714285714,0.4285714285714284
CSE2613849,2026-08-03 16:08:00+00:00,High,3,2,2,2,3,3,3,5,4,5,4,5,4,4,2,2,3,2,2,1,1,2.5714285714285716,4.428571428571429,1.8571428571428572,1.8571428571428572
CSE2613850,2026-08-03 16:09:00+00:00,Medium,4,3,4,2,3,3,3,4,4,3,4,5,5,5,0,1,0,2,2,2,2,3.142857142857143,4.285714285714286,1.2857142857142858,1.1428571428571428
CSE2613851,2026-08-03 16:10:00+00:00,High,3,2,3,2,2,1,5,3,5,3,5,4,4,4,0,3,0,3,2,3,0,2.5714285714285716,4.0,1.5714285714285714,1.4285714285714284
CSE2613852,2026-08-03 16:11:00+00:00,Low,5,4,3,4,3,5,5,4,4,3,5,4,4,5,0,0,0,1,1,0,0,4.142857142857143,4.142857142857143,0.2857142857142857,0.0
CSE2613853,2026-08-03 16:12:00+00:00,High,3,4,5,2,3,3,2,4,5,4,5,5,5,4,1,1,0,3,2,2,2,3.142857142857143,4.571428571428571,1.5714285714285714,1.4285714285714284
CSE2613854,2026-08-03 16:13:00+00:00,Medium,2,3,4,3,4,4,3,5,4,4,4,5,4,4,3,1,0,1,1,0,1,3.2857142857142856,4.285714285714286,1.0,1.0
CSE2613855,2026-08-03 16:14:00+00:00,Medium,3,4,4,2,3,3,3,4,4,3,4,5,3,5,1,0,0,2,2,0,2,3.142857142857143,4.0,1.0,0.8571428571428572
CSE2613856,2026-08-03 16:15:00+00:00,Low,2,3,4,4,3,3,4,3,5,3,4,4,4,3,1,2,0,0,1,1,0,3.2857142857142856,3.7142857142857144,0.7142857142857143,0.4285714285714288
CSE2613857,2026-08-03 16:16:00+00:00,High,3,2,2,2,4,2,3,4,4,4,4,5,5,4,1,2,2,2,1,3,1,2.5714285714285716,4.285714285714286,1.7142857142857142,1.714285714285714
CSE2613858,2026-08-03 16:17:00+00:00,Low,4,2,3,5,5,3,4,4,4,5,3,5,4,4,0,2,2,0,0,1,0,3.7142857142857144,4.142857142857143,0.7142857142857143,0.4285714285714288
CSE2613859,2026-08-03 16:18:00+00:00,Medium,3,3,3,3,3,4,3,3,4,5,4,4,4,4,0,1,2,1,1,0,1,3.142857142857143,4.0,0.8571428571428571,0.8571428571428572
CSE2613860,2026-08-03 16:19:00+00:00,Low,5,3,3,4,3,4,3,5,3,4,5,4,5,4,0,0,1,1,1,1,1,3.5714285714285716,4.285714285714286,0.7142857142857143,0.714285714285714
CSE2613861,2026-08-03 16:20:00+00:00,High,3,4,2,2,3,2,1,4,4,4,4,4,4,5,1,0,2,2,1,2,4,2.4285714285714284,4.142857142857143,1.7142857142857142,1.7142857142857149
CSE2613862,2026-08-03 16:21:00+00:00,Low,4,2,3,4,3,2,5,4,3,5,4,3,4,5,0,1,2,0,0,2,0,3.2857142857142856,4.0,0.7142857142857143,0.7142857142857144
CSE2613863,2026-08-03 16:22:00+00:00,Medium,2,4,2,3,3,2,3,3,4,4,4,5,4,4,1,0,2,1,2,2,1,2.7142857142857144,4.0,1.2857142857142858,1.2857142857142856
CSE2613864,2026-08-03 16:23:00+00:00,High,2,4,2,4,2,2,5,5,5,5,3,4,5,5,3,1,3,0,2,3,0,3.0,4.571428571428571,1.7142857142857142,1.5714285714285712
CSE2613865,2026-08-03 16:24:00+00:00,Medium,4,3,3,3,3,3,4,5,4,4,5,4,4,3,1,1,1,2,1,1,0,3.2857142857142856,4.142857142857143,1.0,0.8571428571428577
CSE2613866,2026-08-03 16:25:00+00:00,Medium,5,3,2,3,4,4,2,3,5,4,4,4,4,4,0,2,2,1,0,0,2,3.2857142857142856,4.0,1.0,0.7142857142857144
CSE2613867,2026-08-03 16:26:00+00:00,Medium,2,3,2,4,3,3,3,4,4,4,4,4,3,5,2,1,2,0,1,0,2,2.857142857142857,4.0,1.1428571428571428,1.1428571428571428
CSE2613868,2026-08-03 16:27:00+00:00,Medium,1,4,3,5,3,3,3,4,5,4,4,4,4,5,3,1,1,0,1,1,2,3.142857142857143,4.285714285714286,1.2857142857142858,1.1428571428571428
CSE2613869,2026-08-03 16:28:00+00:00,Medium,3,5,2,5,3,4,2,5,4,3,4,4,3,4,2,0,1,0,1,0,2,3.4285714285714284,3.857142857142857,0.8571428571428571,0.4285714285714288
CSE2613870,2026-08-03 16:29:00+00:00,Low,5,3,5,4,3,3,4,3,4,3,3,4,3,3,0,1,0,0,1,0,0,3.857142857142857,3.2857142857142856,0.2857142857142857,-0.5714285714285716
CSE2613871,2026-08-03 16:30:00+00:00,Medium,3,5,3,4,5,3,2,4,5,4,4,4,4,5,1,0,1,0,0,1,3,3.5714285714285716,4.285714285714286,0.8571428571428571,0.714285714285714
CSE2613872,2026-08-03 16:31:00+00:00,Medium,5,3,4,4,1,3,3,4,4,4,4,4,4,5,0,1,0,0,3,1,2,3.2857142857142856,4.142857142857143,1.0,0.8571428571428577
CSE2613873,2026-08-03 16:32:00+00:00,Medium,4,3,2,4,2,4,3,4,4,3,5,5,4,4,0,1,1,1,3,0,1,3.142857142857143,4.142857142857143,1.0,1.0000000000000004
CSE2613874,2026-08-03 16:33:00+00:00,High,2,2,2,2,4,4,1,4,5,4,4,5,4,4,2,3,2,2,1,0,3,2.4285714285714284,4.285714285714286,1.8571428571428572,1.8571428571428572
CSE2613875,2026-08-03 16:34:00+00:00,Medium,2,3,3,3,3,4,3,5,4,5,4,4,4,5,3,1,2,1,1,0,2,3.0,4.428571428571429,1.4285714285714286,1.4285714285714288
CSE2613876,2026-08-03 16:35:00+00:00,Medium,3,3,3,1,4,1,4,3,5,4,4,4,5,4,0,2,1,3,0,4,0,2.7142857142857144,4.142857142857143,1.4285714285714286,1.4285714285714288
CSE2613877,2026-08-03 16:36:00+00:00,High,1,2,4,3,4,3,2,4,3,5,4,5,5,5,3,1,1,1,1,2,3,2.7142857142857144,4.428571428571429,1.7142857142857142,1.7142857142857144
CSE2613878,2026-08-03 16:37:00+00:00,High,3,2,2,3,2,2,3,5,5,4,4,5,4,4,2,3,2,1,3,2,1,2.4285714285714284,4.428571428571429,2.0,2.0000000000000004
CSE2613879,2026-08-03 16:38:00+00:00,Low,3,3,5,3,3,5,5,3,4,4,5,4,5,5,0,1,0,2,1,0,0,3.857142857142857,4.285714285714286,0.5714285714285714,0.4285714285714284
CSE2613880,2026-08-03 16:39:00+00:00,Medium,5,5,3,4,2,2,3,4,4,4,5,4,5,5,0,0,1,1,2,3,2,3.4285714285714284,4.428571428571429,1.2857142857142858,1.0000000000000004
CSE2613881,2026-08-03 16:40:00+00:00,Medium,4,4,1,3,3,4,5,4,4,5,4,5,4,4,0,0,4,1,2,0,0,3.4285714285714284,4.285714285714286,1.0,0.8571428571428572
CSE2613882,2026-08-03 16:41:00+00:00,Medium,4,2,4,2,4,5,3,5,5,5,4,3,5,3,1,3,1,2,0,0,0,3.4285714285714284,4.285714285714286,1.0,0.8571428571428572
CSE2613883,2026-08-03 16:42:00+00:00,High,4,3,1,5,2,4,2,4,5,4,4,4,5,5,0,2,3,0,2,1,3,3.0,4.428571428571429,1.5714285714285714,1.4285714285714288
CSE2613884,2026-08-03 16:43:00+00:00,Medium,1,4,3,3,3,4,2,4,3,3,5,5,4,5,3,0,0,2,2,0,3,2.857142857142857,4.142857142857143,1.4285714285714286,1.285714285714286
CSE2613885,2026-08-03 16:44:00+00:00,Low,5,4,5,5,4,5,3,3,3,3,5,5,5,4,0,0,0,0,1,0,1,4.428571428571429,4.0,0.2857142857142857,-0.4285714285714288
CSE2613886,2026-08-03 16:45:00+00:00,High,4,3,2,2,4,2,1,4,3,5,4,5,4,5,0,0,3,2,1,2,4,2.5714285714285716,4.285714285714286,1.7142857142857142,1.714285714285714
CSE2613887,2026-08-03 16:46:00+00:00,Medium,3,1,4,3,4,1,2,4,3,3,3,4,4,4,1,2,0,0,0,3,2,2.5714285714285716,3.5714285714285716,1.1428571428571428,1.0
CSE2613888,2026-08-03 16:47:00+00:00,Low,1,5,4,3,4,4,4,4,4,5,4,3,4,3,3,0,1,1,0,0,0,3.5714285714285716,3.857142857142857,0.7142857142857143,0.2857142857142856
CSE2613889,2026-08-03 16:48:00+00:00,Medium,2,3,3,3,4,4,1,4,3,3,4,5,3,4,2,0,0,1,1,0,3,2.857142857142857,3.7142857142857144,1.0,0.8571428571428572
CSE2613890,2026-08-03 16:49:00+00:00,Low,3,3,4,4,3,3,4,4,4,4,4,3,5,5,1,1,0,0,0,2,1,3.4285714285714284,4.142857142857143,0.7142857142857143,0.7142857142857149
CSE2613891,2026-08-03 16:50:00+00:00,High,2,2,4,2,5,3,4,5,5,4,5,5,5,4,3,3,0,3,0,2,0,3.142857142857143,4.714285714285714,1.5714285714285714,1.5714285714285716
CSE2613892,2026-08-03 16:51:00+00:00,Medium,3,4,4,2,4,3,3,4,4,5,5,4,5,5,1,0,1,3,0,2,2,3.2857142857142856,4.571428571428571,1.2857142857142858,1.2857142857142856
CSE2613893,2026-08-03 16:52:00+00:00,Medium,3,2,3,2,3,4,3,4,4,4,5,3,4,3,1,2,1,3,0,0,0,2.857142857142857,3.857142857142857,1.0,1.0
CSE2613894,2026-08-03 16:53:00+00:00,Medium,2,4,4,2,2,5,4,3,4,5,5,4,4,4,1,0,1,3,2,0,0,3.2857142857142856,4.142857142857143,1.0,0.8571428571428577
CSE2613895,2026-08-03 16:54:00+00:00,Medium,3,3,4,2,3,4,3,3,5,4,3,5,4,4,0,2,0,1,2,0,1,3.142857142857143,4.0,0.8571428571428571,0.8571428571428572
CSE2613896,2026-08-03 16:55:00+00:00,Medium,5,3,2,3,2,4,4,3,5,5,5,4,3,5,0,2,3,2,2,0,1,3.2857142857142856,4.285714285714286,1.4285714285714286,1.0
CSE2613897,2026-08-03 16:56:00+00:00,Medium,3,5,3,1,3,3,2,4,4,4,3,3,4,5,1,0,1,2,0,1,3,2.857142857142857,3.857142857142857,1.1428571428571428,1.0
CSE2613898,2026-08-03 16:57:00+00:00,High,4,3,2,3,1,2,2,5,4,5,5,5,3,5,1,1,3,2,4,1,3,2.4285714285714284,4.571428571428571,2.142857142857143,2.142857142857143
CSE2613899,2026-08-03 16:58:00+00:00,Low,3,3,4,3,4,4,4,4,4,3,3,4,5,5,1,1,0,0,0,1,1,3.5714285714285716,4.0,0.5714285714285714,0.4285714285714284
CSE2613900,2026-08-03 16:59:00+00:00,Medium,5,4,3,3,3,4,1,4,4,5,3,4,5,4,0,0,2,0,1,1,3,3.2857142857142856,4.142857142857143,1.0,0.8571428571428577
CSE2613901,2026-08-03 17:00:00+00:00,Low,5,4,3,4,3,5,4,3,5,4,4,4,5,4,0,1,1,0,1,0,0,4.0,4.142857142857143,0.42857142857142855,0.14285714285714324
CSE2613902,2026-08-03 17:01:00+00:00,Medium,4,4,2,4,2,4,3,3,5,5,4,5,5,5,0,1,3,0,3,1,2,3.2857142857142856,4.571428571428571,1.4285714285714286,1.2857142857142856
CSE2613903,2026-08-03 17:02:00+00:00,Medium,3,1,4,2,2,4,3,3,4,3,3,3,5,4,0,3,0,1,1,1,1,2.7142857142857144,3.5714285714285716,1.0,0.8571428571428572
CSE2613904,2026-08-03 17:03:00+00:00,Medium,1,3,4,3,3,3,4,4,5,4,3,5,4,4,3,2,0,0,2,1,0,3.0,4.142857142857143,1.1428571428571428,1.1428571428571432
CSE2613905,2026-08-03 17:04:00+00:00,Low,3,4,4,3,4,3,3,3,4,4,3,3,4,4,0,0,0,0,0,1,1,3.4285714285714284,3.5714285714285716,0.2857142857142857,0.14285714285714324
CSE2613906,2026-08-03 17:05:00+00:00,High,1,3,3,1,1,2,4,4,4,4,4,4,4,5,3,1,1,3,3,2,1,2.142857142857143,4.142857142857143,2.0,2.0000000000000004
CSE2613907,2026-08-03 17:06:00+00:00,Medium,2,3,3,4,1,3,4,4,5,4,4,4,4,4,2,2,1,0,3,1,0,2.857142857142857,4.142857142857143,1.2857142857142858,1.285714285714286
CSE2613908,2026-08-03 17:07:00+00:00,Medium,3,2,3,4,2,3,4,5,5,3,4,4,3,5,2,3,0,0,2,0,1,3.0,4.142857142857143,1.1428571428571428,1.1428571428571432
CSE2613909,2026-08-03 17:08:00+00:00,High,3,2,2,4,2,3,2,5,5,4,3,3,5,3,2,3,2,0,1,2,1,2.5714285714285716,4.0,1.5714285714285714,1.4285714285714284
CSE2613910,2026-08-03 17:09:00+00:00,Medium,4,4,2,3,1,3,3,4,4,4,4,4,4,3,0,0,2,1,3,1,0,2.857142857142857,3.857142857142857,1.0,1.0
CSE2613911,2026-08-03 17:10:00+00:00,High,1,4,3,4,3,4,1,4,5,4,3,5,5,4,3,1,1,0,2,1,3,2.857142857142857,4.285714285714286,1.5714285714285714,1.4285714285714284
CSE2613912,2026-08-03 17:11:00+00:00,Low,1,3,4,2,5,5,4,3,3,4,3,5,3,3,2,0,0,1,0,0,0,3.4285714285714284,3.4285714285714284,0.42857142857142855,0.0
CSE2613913,2026-08-03 17:12:00+00:00,Medium,1,4,4,5,5,3,2,4,4,3,4,3,4,4,3,0,0,0,0,1,2,3.4285714285714284,3.7142857142857144,0.8571428571428571,0.28571428571428603
CSE2613914,2026-08-03 17:13:00+00:00,Medium,4,4,3,5,4,1,5,5,3,5,3,5,5,3,1,0,2,0,1,4,0,3.7142857142857144,4.142857142857143,1.1428571428571428,0.4285714285714288
CSE2613915,2026-08-03 17:14:00+00:00,High,1,4,2,3,2,2,2,4,4,4,4,4,4,4,3,0,2,1,2,2,2,2.2857142857142856,4.0,1.7142857142857142,1.7142857142857144
CSE2613916,2026-08-03 17:15:00+00:00,High,1,3,5,3,2,1,3,4,4,4,4,4,4,4,3,1,0,1,2,3,1,2.5714285714285716,4.0,1.5714285714285714,1.4285714285714284
CSE2613917,2026-08-03 17:16:00+00:00,Medium,2,2,3,4,4,1,3,5,4,4,3,4,4,4,3,2,1,0,0,3,1,2.7142857142857144,4.0,1.4285714285714286,1.2857142857142856
CSE2613918,2026-08-03 17:17:00+00:00,Medium,3,4,3,3,4,3,3,5,4,3,4,4,4,5,2,0,0,1,0,1,2,3.2857142857142856,4.142857142857143,0.8571428571428571,0.8571428571428577
CSE2613919,2026-08-03 17:18:00+00:00,Medium,3,3,3,4,4,4,2,5,3,5,4,4,4,4,2,0,2,0,0,0,2,3.2857142857142856,4.142857142857143,0.8571428571428571,0.8571428571428577
CSE2613920,2026-08-03 17:19:00+00:00,High,2,4,5,2,1,2,2,4,4,5,5,4,4,4,2,0,0,3,3,2,2,2.5714285714285716,4.285714285714286,1.7142857142857142,1.714285714285714
CSE2613921,2026-08-03 17:20:00+00:00,Medium,3,4,2,3,3,4,1,3,3,5,4,4,4,5,0,0,3,1,1,0,4,2.857142857142857,4.0,1.2857142857142858,1.1428571428571428
CSE2613922,2026-08-03 17:21:00+00:00,Medium,3,1,2,4,4,1,3,4,4,4,4,4,4,4,1,3,2,0,0,3,1,2.5714285714285716,4.0,1.4285714285714286,1.4285714285714284
CSE2613923,2026-08-03 17:22:00+00:00,Low,3,5,4,4,3,3,3,4,3,4,4,4,3,4,1,0,0,0,1,0,1,3.5714285714285716,3.7142857142857144,0.42857142857142855,0.1428571428571428
CSE2613924,2026-08-03 17:23:00+00:00,Medium,4,5,3,3,2,3,2,4,5,4,5,4,5,5,0,0,1,2,2,2,3,3.142857142857143,4.571428571428571,1.4285714285714286,1.4285714285714284
CSE2613925,2026-08-03 17:24:00+00:00,Low,3,3,5,2,2,3,5,3,4,4,4,3,4,5,0,1,0,2,1,1,0,3.2857142857142856,3.857142857142857,0.7142857142857143,0.5714285714285716
CSE2613926,2026-08-03 17:25:00+00:00,Medium,3,4,5,4,3,1,4,5,4,3,4,4,5,4,2,0,0,0,1,4,0,3.4285714285714284,4.142857142857143,1.0,0.7142857142857149
CSE2613927,2026-08-03 17:26:00+00:00,Medium,4,3,2,3,4,4,2,5,4,3,4,4,4,4,1,1,1,1,0,0,2,3.142857142857143,4.0,0.8571428571428571,0.8571428571428572
CSE2613928,2026-08-03 17:27:00+00:00,High,1,1,3,3,4,2,5,4,5,4,5,5,3,5,3,4,1,2,1,1,0,2.7142857142857144,4.428571428571429,1.7142857142857142,1.7142857142857144
CSE2613929,2026-08-03 17:28:00+00:00,Medium,4,3,2,5,2,4,2,3,4,5,4,3,4,5,0,1,3,0,1,0,3,3.142857142857143,4.0,1.1428571428571428,0.8571428571428572
CSE2613930,2026-08-03 17:29:00+00:00,Medium,1,4,4,3,5,2,3,4,4,3,5,4,4,4,3,0,0,2,0,2,1,3.142857142857143,4.0,1.1428571428571428,0.8571428571428572
CSE2613931,2026-08-03 17:30:00+00:00,Medium,3,1,4,4,4,5,1,3,5,5,4,4,5,5,0,4,1,0,0,0,4,3.142857142857143,4.428571428571429,1.2857142857142858,1.285714285714286
CSE2613932,2026-08-03 17:31:00+00:00,Medium,3,2,3,4,3,1,4,5,5,4,4,4,3,4,2,3,1,0,1,2,0,2.857142857142857,4.142857142857143,1.2857142857142858,1.285714285714286
CSE2613933,2026-08-03 17:32:00+00:00,Medium,3,4,1,4,1,4,4,5,4,4,4,5,5,4,2,0,3,0,4,1,0,3.0,4.428571428571429,1.4285714285714286,1.4285714285714288
CSE2613934,2026-08-03 17:33:00+00:00,Low,3,4,4,3,3,3,3,4,4,4,5,4,3,4,1,0,0,2,1,0,1,3.2857142857142856,4.0,0.7142857142857143,0.7142857142857144
CSE2613935,2026-08-03 17:34:00+00:00,Medium,5,3,3,2,3,3,1,5,4,5,4,4,4,3,0,1,2,2,1,1,2,2.857142857142857,4.142857142857143,1.2857142857142858,1.285714285714286
CSE2613936,2026-08-03 17:35:00+00:00,Low,5,3,4,5,4,1,4,3,4,5,3,4,3,4,0,1,1,0,0,2,0,3.7142857142857144,3.7142857142857144,0.5714285714285714,0.0
CSE2613937,2026-08-03 17:36:00+00:00,Low,4,4,4,5,2,5,5,5,3,5,5,4,5,5,1,0,1,0,2,0,0,4.142857142857143,4.571428571428571,0.5714285714285714,0.42857142857142794
CSE2613938,2026-08-03 17:37:00+00:00,Medium,3,3,5,2,2,2,4,3,5,5,4,4,5,3,0,2,0,2,2,3,0,3.0,4.142857142857143,1.2857142857142858,1.1428571428571432
CSE2613939,2026-08-03 17:38:00+00:00,Medium,5,3,4,3,1,2,3,4,4,4,3,5,4,4,0,1,0,0,4,2,1,3.0,4.0,1.1428571428571428,1.0
CSE2613940,2026-08-03 17:39:00+00:00,Low,4,3,4,3,4,3,2,4,3,4,4,5,3,3,0,0,0,1,1,0,1,3.2857142857142856,3.7142857142857144,0.42857142857142855,0.4285714285714288
CSE2613941,2026-08-03 17:40:00+00:00,Low,4,3,2,4,3,4,3,4,4,3,4,3,3,5,0,1,1,0,0,0,2,3.2857142857142856,3.7142857142857144,0.5714285714285714,0.4285714285714288
CSE2613942,2026-08-03 17:41:00+00:00,Medium,4,3,4,2,3,4,1,4,3,4,5,5,4,5,0,0,0,3,2,0,4,3.0,4.285714285714286,1.2857142857142858,1.2857142857142856
CSE2613943,2026-08-03 17:42:00+00:00,Medium,2,4,4,4,2,4,3,4,5,4,5,5,3,4,2,1,0,1,3,0,1,3.2857142857142856,4.285714285714286,1.1428571428571428,1.0
CSE2613944,2026-08-03 17:43:00+00:00,High,3,5,1,2,3,5,1,4,4,4,5,4,5,5,1,0,3,3,1,0,4,2.857142857142857,4.428571428571429,1.7142857142857142,1.5714285714285716
CSE2613945,2026-08-03 17:44:00+00:00,Low,5,4,5,2,3,5,4,4,3,5,5,4,4,5,0,0,0,3,1,0,1,4.0,4.285714285714286,0.7142857142857143,0.2857142857142856
CSE2613946,2026-08-03 17:45:00+00:00,Low,4,2,3,3,4,5,4,4,3,5,4,4,4,4,0,1,2,1,0,0,0,3.5714285714285716,4.0,0.5714285714285714,0.4285714285714284
CSE2613947,2026-08-03 17:46:00+00:00,Medium,5,2,3,4,1,3,3,5,3,4,4,3,5,4,0,1,1,0,2,2,1,3.0,4.0,1.0,1.0
CSE2613948,2026-08-03 17:47:00+00:00,Medium,3,3,1,3,4,5,3,5,4,4,3,4,4,4,2,1,3,0,0,0,1,3.142857142857143,4.0,1.0,0.8571428571428572
CSE2613949,2026-08-03 17:48:00+00:00,High,3,3,4,4,1,2,3,5,3,5,4,5,5,5,2,0,1,0,4,3,2,2.857142857142857,4.571428571428571,1.7142857142857142,1.714285714285714
CSE2613950,2026-08-03 17:49:00+00:00,Medium,5,3,5,3,4,2,2,3,4,3,3,4,4,5,0,1,0,0,0,2,3,3.4285714285714284,3.7142857142857144,0.8571428571428571,0.28571428571428603
CSE2613951,2026-08-03 17:50:00+00:00,Low,5,4,4,3,3,4,3,4,4,4,4,3,4,5,0,0,0,1,0,0,2,3.7142857142857144,4.0,0.42857142857142855,0.2857142857142856
CSE2613952,2026-08-03 17:51:00+00:00,Medium,4,4,3,2,3,4,3,5,5,4,4,4,4,4,1,1,1,2,1,0,1,3.2857142857142856,4.285714285714286,1.0,1.0
CSE2613953,2026-08-03 17:52:00+00:00,Medium,3,1,4,4,2,3,2,4,4,4,3,4,4,4,1,3,0,0,2,1,2,2.7142857142857144,3.857142857142857,1.2857142857142858,1.1428571428571428
CSE2613954,2026-08-03 17:53:00+00:00,Medium,1,4,5,3,4,3,1,4,4,4,4,5,5,4,3,0,0,1,1,2,3,3.0,4.285714285714286,1.4285714285714286,1.2857142857142856
CSE2613955,2026-08-03 17:54:00+00:00,Medium,3,4,1,5,2,4,3,4,4,4,4,5,4,4,1,0,3,0,3,0,1,3.142857142857143,4.142857142857143,1.1428571428571428,1.0000000000000004
CSE2613956,2026-08-03 17:55:00+00:00,Medium,4,3,4,3,4,4,1,3,4,5,4,5,4,5,0,1,1,1,1,0,4,3.2857142857142856,4.285714285714286,1.1428571428571428,1.0
CSE2613957,2026-08-03 17:56:00+00:00,Medium,2,3,4,3,3,4,5,5,4,4,4,4,3,5,3,1,0,1,1,0,0,3.4285714285714284,4.142857142857143,0.8571428571428571,0.7142857142857149
CSE2613958,2026-08-03 17:57:00+00:00,Low,3,3,5,4,3,3,5,4,4,4,4,5,3,4,1,1,0,0,2,0,0,3.7142857142857144,4.0,0.5714285714285714,0.2857142857142856
CSE2613959,2026-08-03 17:58:00+00:00,Low,4,3,4,4,3,3,3,5,4,4,4,4,4,4,1,1,0,0,1,1,1,3.4285714285714284,4.142857142857143,0.7142857142857143,0.7142857142857149
CSE2613960,2026-08-03 17:59:00+00:00,Medium,4,4,1,3,4,2,4,5,5,4,4,5,4,4,1,1,3,1,1,2,0,3.142857142857143,4.428571428571429,1.2857142857142858,1.285714285714286
CSE2613961,2026-08-03 18:00:00+00:00,Low,3,4,4,2,3,3,4,4,4,3,4,4,3,4,1,0,0,2,1,0,0,3.2857142857142856,3.7142857142857144,0.5714285714285714,0.4285714285714288
CSE2613962,2026-08-03 18:01:00+00:00,High,3,2,3,4,3,3,3,4,5,5,4,4,5,5,1,3,2,0,1,2,2,3.0,4.571428571428571,1.5714285714285714,1.5714285714285712
CSE2613963,2026-08-03 18:02:00+00:00,Medium,3,3,2,1,3,3,3,4,4,3,4,4,4,4,1,1,1,3,1,1,1,2.5714285714285716,3.857142857142857,1.2857142857142858,1.2857142857142856
CSE2613964,2026-08-03 18:03:00+00:00,Low,4,4,4,4,3,3,4,4,4,4,4,5,4,4,0,0,0,0,2,1,0,3.7142857142857144,4.142857142857143,0.42857142857142855,0.4285714285714288
CSE2613965,2026-08-03 18:04:00+00:00,Medium,3,2,2,3,3,2,4,5,4,4,4,4,4,4,2,2,2,1,1,2,0,2.7142857142857144,4.142857142857143,1.4285714285714286,1.4285714285714288
CSE2613966,2026-08-03 18:05:00+00:00,Low,3,5,3,3,2,3,5,4,5,4,3,4,3,4,1,0,1,0,2,0,0,3.4285714285714284,3.857142857142857,0.5714285714285714,0.4285714285714288
CSE2613967,2026-08-03 18:06:00+00:00,High,2,2,3,2,4,3,3,4,4,4,5,4,5,5,2,2,1,3,0,2,2,2.7142857142857144,4.428571428571429,1.7142857142857142,1.7142857142857144
CSE2613968,2026-08-03 18:07:00+00:00,Medium,4,2,4,1,4,4,3,3,4,4,4,4,5,5,0,2,0,3,0,1,2,3.142857142857143,4.142857142857143,1.1428571428571428,1.0000000000000004
CSE2613969,2026-08-03 18:08:00+00:00,Medium,4,3,1,3,3,1,4,3,5,4,5,4,3,4,0,2,3,2,1,2,0,2.7142857142857144,4.0,1.4285714285714286,1.2857142857142856
CSE2613970,2026-08-03 18:09:00+00:00,Medium,2,3,2,2,5,5,3,5,3,4,4,4,4,5,3,0,2,2,0,0,2,3.142857142857143,4.142857142857143,1.2857142857142858,1.0000000000000004
CSE2613971,2026-08-03 18:10:00+00:00,Low,3,4,2,4,5,5,5,4,5,4,4,4,4,4,1,1,2,0,0,0,0,4.0,4.142857142857143,0.5714285714285714,0.14285714285714324
CSE2613972,2026-08-03 18:11:00+00:00,Medium,3,3,2,2,4,4,2,5,3,5,3,3,5,5,2,0,3,1,0,1,3,2.857142857142857,4.142857142857143,1.4285714285714286,1.285714285714286
CSE2613973,2026-08-03 18:12:00+00:00,Medium,4,4,2,2,2,5,3,3,5,4,4,4,4,4,0,1,2,2,2,0,1,3.142857142857143,4.0,1.1428571428571428,0.8571428571428572
CSE2613974,2026-08-03 18:13:00+00:00,Medium,1,3,4,3,5,1,4,4,4,5,5,4,4,4,3,1,1,2,0,3,0,3.0,4.285714285714286,1.4285714285714286,1.2857142857142856
CSE2613975,2026-08-03 18:14:00+00:00,Medium,2,4,3,3,2,4,2,4,4,4,3,5,5,5,2,0,1,0,3,1,3,2.857142857142857,4.285714285714286,1.4285714285714286,1.4285714285714284
CSE2613976,2026-08-03 18:15:00+00:00,High,2,2,3,3,2,4,3,5,4,4,4,5,4,4,3,2,1,1,3,0,1,2.7142857142857144,4.285714285714286,1.5714285714285714,1.5714285714285712
CSE2613977,2026-08-03 18:16:00+00:00,High,2,3,1,2,2,4,1,4,3,4,3,4,3,4,2,0,3,1,2,0,3,2.142857142857143,3.5714285714285716,1.5714285714285714,1.4285714285714288
CSE2613978,2026-08-03 18:17:00+00:00,Low,4,4,3,4,5,3,3,3,5,3,4,5,3,4,0,1,0,0,0,0,1,3.7142857142857144,3.857142857142857,0.2857142857142857,0.1428571428571428
CSE2613979,2026-08-03 18:18:00+00:00,Medium,4,3,1,3,4,4,4,5,4,3,3,5,4,5,1,1,2,0,1,0,1,3.2857142857142856,4.142857142857143,0.8571428571428571,0.8571428571428577
CSE2613980,2026-08-03 18:19:00+00:00,Medium,4,1,1,5,4,3,3,3,4,3,4,3,4,5,0,3,2,0,0,1,2,3.0,3.7142857142857144,1.1428571428571428,0.7142857142857144
CSE2613981,2026-08-03 18:20:00+00:00,Medium,3,4,4,4,4,1,3,5,4,3,5,4,4,4,2,0,0,1,0,3,1,3.2857142857142856,4.142857142857143,1.0,0.8571428571428577
CSE2613982,2026-08-03 18:21:00+00:00,Medium,4,3,4,4,3,3,3,4,4,4,5,4,5,5,0,1,0,1,1,2,2,3.4285714285714284,4.428571428571429,1.0,1.0000000000000004
CSE2613983,2026-08-03 18:22:00+00:00,Medium,4,4,5,3,4,3,2,4,5,4,4,3,5,4,0,1,0,1,0,2,2,3.5714285714285716,4.142857142857143,0.8571428571428571,0.5714285714285716
CSE2613984,2026-08-03 18:23:00+00:00,Medium,2,5,4,2,4,3,3,4,4,4,3,4,4,5,2,0,0,1,0,1,2,3.2857142857142856,4.0,0.8571428571428571,0.7142857142857144
CSE2613985,2026-08-03 18:24:00+00:00,Low,2,4,4,4,3,3,5,5,4,4,4,4,4,5,3,0,0,0,1,1,0,3.5714285714285716,4.285714285714286,0.7142857142857143,0.714285714285714
CSE2613986,2026-08-03 18:25:00+00:00,Low,4,3,4,4,5,3,4,4,3,4,4,5,4,3,0,0,0,0,0,1,0,3.857142857142857,3.857142857142857,0.14285714285714285,0.0
CSE2613987,2026-08-03 18:26:00+00:00,Low,3,5,3,5,2,3,5,3,4,5,4,3,4,5,0,0,2,0,1,1,0,3.7142857142857144,4.0,0.5714285714285714,0.2857142857142856
CSE2613988,2026-08-03 18:27:00+00:00,Medium,1,3,4,3,3,3,4,4,4,4,4,5,5,4,3,1,0,1,2,2,0,3.0,4.285714285714286,1.2857142857142858,1.2857142857142856
CSE2613989,2026-08-03 18:28:00+00:00,Medium,3,3,5,3,3,4,4,5,5,4,5,4,5,4,2,2,0,2,1,1,0,3.5714285714285716,4.571428571428571,1.1428571428571428,0.9999999999999996
CSE2613990,2026-08-03 18:29:00+00:00,High,4,3,1,2,4,3,3,5,5,4,4,4,5,5,1,2,3,2,0,2,2,2.857142857142857,4.571428571428571,1.7142857142857142,1.714285714285714
CSE2613991,2026-08-03 18:30:00+00:00,Medium,3,2,4,5,5,4,4,5,5,4,5,4,5,3,2,3,0,0,0,1,0,3.857142857142857,4.428571428571429,0.8571428571428571,0.5714285714285716
CSE2613992,2026-08-03 18:31:00+00:00,Medium,1,5,1,4,4,2,4,4,3,4,4,4,5,4,3,0,3,0,0,3,0,3.0,4.0,1.2857142857142858,1.0
CSE2613993,2026-08-03 18:32:00+00:00,Medium,1,3,4,4,3,4,3,4,5,5,3,5,5,4,3,2,1,0,2,1,1,3.142857142857143,4.428571428571429,1.4285714285714286,1.285714285714286
CSE2613994,2026-08-03 18:33:00+00:00,Medium,2,3,5,2,2,4,5,4,5,5,4,4,3,4,2,2,0,2,2,0,0,3.2857142857142856,4.142857142857143,1.1428571428571428,0.8571428571428577
CSE2613995,2026-08-03 18:34:00+00:00,Medium,3,5,3,3,2,3,3,5,4,5,4,4,5,4,2,0,2,1,2,2,1,3.142857142857143,4.428571428571429,1.4285714285714286,1.285714285714286
CSE2613996,2026-08-03 18:35:00+00:00,Medium,1,4,1,5,2,4,4,5,4,4,4,3,4,4,4,0,3,0,1,0,0,3.0,4.0,1.1428571428571428,1.0
CSE2613997,2026-08-03 18:36:00+00:00,Medium,4,4,3,3,3,2,3,5,4,4,4,5,5,5,1,0,1,1,2,3,2,3.142857142857143,4.571428571428571,1.4285714285714286,1.4285714285714284
CSE2613998,2026-08-03 18:37:00+00:00,Low,4,3,3,3,4,4,4,5,3,4,4,4,5,4,1,0,1,1,0,1,0,3.5714285714285716,4.142857142857143,0.5714285714285714,0.5714285714285716
CSE2613999,2026-08-03 18:38:00+00:00,Medium,3,3,3,1,3,4,1,3,5,3,4,3,4,4,0,2,0,3,0,0,3,2.5714285714285716,3.7142857142857144,1.1428571428571428,1.1428571428571428
CSE2614000,2026-08-03 18:39:00+00:00,Low,3,3,3,2,4,4,4,5,5,3,3,4,4,4,2,2,0,1,0,0,0,3.2857142857142856,4.0,0.7142857142857143,0.7142857142857144
CSE2614001,2026-08-03 18:40:00+00:00,Medium,2,4,3,3,2,4,4,3,5,5,4,3,5,3,1,1,2,1,1,1,0,3.142857142857143,4.0,1.0,0.8571428571428572
CSE2614002,2026-08-03 18:41:00+00:00,Medium,4,1,3,3,3,4,4,4,4,4,5,3,4,5,0,3,1,2,0,0,1,3.142857142857143,4.142857142857143,1.0,1.0000000000000004
CSE2614003,2026-08-03 18:42:00+00:00,Medium,2,5,3,2,4,2,5,4,4,5,5,4,4,3,2,0,2,3,0,2,0,3.2857142857142856,4.142857142857143,1.2857142857142858,0.8571428571428577
CSE2614004,2026-08-03 18:43:00+00:00,Medium,3,3,3,4,4,1,3,5,5,5,4,3,4,4,2,2,2,0,0,3,1,3.0,4.285714285714286,1.4285714285714286,1.2857142857142856
CSE2614005,2026-08-03 18:44:00+00:00,Medium,3,4,2,2,3,3,3,4,4,4,3,3,4,4,1,0,2,1,0,1,1,2.857142857142857,3.7142857142857144,0.8571428571428571,0.8571428571428572
CSE2614006,2026-08-03 18:45:00+00:00,Medium,1,3,4,3,5,2,5,5,5,5,4,5,4,4,4,2,1,1,0,2,0,3.2857142857142856,4.571428571428571,1.4285714285714286,1.2857142857142856
CSE2614007,2026-08-03 18:46:00+00:00,Medium,2,1,3,4,4,1,5,4,4,4,5,5,3,4,2,3,1,1,1,2,0,2.857142857142857,4.142857142857143,1.4285714285714286,1.285714285714286
CSE2614008,2026-08-03 18:47:00+00:00,High,1,2,4,5,4,2,2,5,4,4,5,4,5,5,4,2,0,0,0,3,3,2.857142857142857,4.571428571428571,1.7142857142857142,1.714285714285714
CSE2614009,2026-08-03 18:48:00+00:00,Low,4,1,5,3,4,3,4,5,3,5,4,5,3,4,1,2,0,1,1,0,0,3.4285714285714284,4.142857142857143,0.7142857142857143,0.7142857142857149
CSE2614010,2026-08-03 18:49:00+00:00,Medium,3,3,3,5,1,3,3,4,5,4,4,5,3,4,1,2,1,0,4,0,1,3.0,4.142857142857143,1.2857142857142858,1.1428571428571432
CSE2614011,2026-08-03 18:50:00+00:00,Low,3,3,4,3,4,3,5,4,3,4,4,4,4,5,1,0,0,1,0,1,0,3.5714285714285716,4.0,0.42857142857142855,0.4285714285714284
CSE2614012,2026-08-03 18:51:00+00:00,High,4,1,2,4,2,2,2,4,4,4,4,3,5,5,0,3,2,0,1,3,3,2.4285714285714284,4.142857142857143,1.7142857142857142,1.7142857142857149
CSE2614013,2026-08-03 18:52:00+00:00,Medium,2,3,2,3,2,3,4,4,4,4,5,3,4,4,2,1,2,2,1,1,0,2.7142857142857144,4.0,1.2857142857142858,1.2857142857142856
CSE2614014,2026-08-03 18:53:00+00:00,Medium,3,3,3,3,3,4,3,4,4,4,4,5,3,4,1,1,1,1,2,0,1,3.142857142857143,4.0,1.0,0.8571428571428572
CSE2614015,2026-08-03 18:54:00+00:00,Medium,4,1,4,5,5,3,1,4,4,4,3,4,4,5,0,3,0,0,0,1,4,3.2857142857142856,4.0,1.1428571428571428,0.7142857142857144
CSE2614016,2026-08-03 18:55:00+00:00,Medium,4,3,3,2,4,2,3,5,5,4,3,5,4,4,1,2,1,1,1,2,1,3.0,4.285714285714286,1.2857142857142858,1.2857142857142856
CSE2614017,2026-08-03 18:56:00+00:00,Medium,3,3,3,4,1,5,2,4,4,4,4,4,4,3,1,1,1,0,3,0,1,3.0,3.857142857142857,1.0,0.8571428571428572
CSE2614018,2026-08-03 18:57:00+00:00,Medium,3,4,2,2,3,3,5,5,5,4,5,4,3,5,2,1,2,3,1,0,0,3.142857142857143,4.428571428571429,1.2857142857142858,1.285714285714286
CSE2614019,2026-08-03 18:58:00+00:00,Low,5,4,5,3,5,3,2,4,4,4,3,5,4,5,0,0,0,0,0,1,3,3.857142857142857,4.142857142857143,0.5714285714285714,0.28571428571428603
CSE2614020,2026-08-03 18:59:00+00:00,Medium,2,1,2,4,5,4,3,4,4,4,4,5,5,3,2,3,2,0,0,1,0,3.0,4.142857142857143,1.1428571428571428,1.1428571428571432
CSE2614021,2026-08-03 19:00:00+00:00,Low,3,3,4,4,2,4,3,4,4,3,4,4,4,4,1,1,0,0,2,0,1,3.2857142857142856,3.857142857142857,0.7142857142857143,0.5714285714285716
CSE2614022,2026-08-03 19:01:00+00:00,Medium,3,2,3,4,2,3,3,5,3,4,3,4,4,4,2,1,1,0,2,1,1,2.857142857142857,3.857142857142857,1.1428571428571428,1.0
CSE2614023,2026-08-03 19:02:00+00:00,Medium,4,4,4,1,3,3,3,5,5,4,5,4,4,4,1,1,0,4,1,1,1,3.142857142857143,4.428571428571429,1.2857142857142858,1.285714285714286
CSE2614024,2026-08-03 19:03:00+00:00,Medium,2,4,2,3,5,4,3,5,5,5,4,5,4,5,3,1,3,1,0,0,2,3.2857142857142856,4.714285714285714,1.4285714285714286,1.4285714285714288
CSE2614025,2026-08-03 19:04:00+00:00,High,3,3,3,1,1,2,5,3,5,4,4,5,5,5,0,2,1,3,4,3,0,2.5714285714285716,4.428571428571429,1.8571428571428572,1.8571428571428572
CSE2614026,2026-08-03 19:05:00+00:00,Low,5,3,3,3,3,4,5,4,3,5,4,4,4,4,0,0,2,1,1,0,0,3.7142857142857144,4.0,0.5714285714285714,0.2857142857142856
CSE2614027,2026-08-03 19:06:00+00:00,High,4,3,2,1,2,2,2,4,5,5,3,4,4,3,0,2,3,2,2,2,1,2.2857142857142856,4.0,1.7142857142857142,1.7142857142857144
CSE2614028,2026-08-03 19:07:00+00:00,Low,4,2,3,4,4,4,4,3,4,4,3,4,4,5,0,2,1,0,0,0,1,3.5714285714285716,3.857142857142857,0.5714285714285714,0.2857142857142856
CSE2614029,2026-08-03 19:08:00+00:00,Medium,4,1,5,5,1,3,2,4,4,4,3,5,4,3,0,3,0,0,4,1,1,3.0,3.857142857142857,1.2857142857142858,0.8571428571428572
CSE2614030,2026-08-03 19:09:00+00:00,High,4,3,3,3,2,1,2,5,3,5,5,5,4,4,1,0,2,2,3,3,2,2.5714285714285716,4.428571428571429,1.8571428571428572,1.8571428571428572
CSE2614031,2026-08-03 19:10:00+00:00,High,3,2,3,2,4,1,2,4,4,4,4,5,4,4,1,2,1,2,1,3,2,2.4285714285714284,4.142857142857143,1.7142857142857142,1.7142857142857149
CSE2614032,2026-08-03 19:11:00+00:00,Low,4,4,3,2,2,5,3,3,5,3,4,3,4,4,0,1,0,2,1,0,1,3.2857142857142856,3.7142857142857144,0.7142857142857143,0.4285714285714288
CSE2614033,2026-08-03 19:12:00+00:00,Low,3,4,5,3,5,3,3,5,3,4,3,5,4,5,2,0,0,0,0,1,2,3.7142857142857144,4.142857142857143,0.7142857142857143,0.4285714285714288
CSE2614034,2026-08-03 19:13:00+00:00,Medium,2,3,3,4,2,1,5,3,5,3,4,5,4,3,1,2,0,0,3,3,0,2.857142857142857,3.857142857142857,1.2857142857142858,1.0
CSE2614035,2026-08-03 19:14:00+00:00,High,5,3,2,2,2,2,4,4,5,5,4,5,5,4,0,2,3,2,3,3,0,2.857142857142857,4.571428571428571,1.8571428571428572,1.714285714285714
CSE2614036,2026-08-03 19:15:00+00:00,Medium,3,2,2,4,3,2,5,5,5,5,4,3,3,4,2,3,3,0,0,1,0,3.0,4.142857142857143,1.2857142857142858,1.1428571428571432
CSE2614037,2026-08-03 19:16:00+00:00,Medium,4,2,4,2,3,3,3,4,4,4,5,4,5,5,0,2,0,3,1,2,2,3.0,4.428571428571429,1.4285714285714286,1.4285714285714288
CSE2614038,2026-08-03 19:17:00+00:00,Medium,3,2,4,5,2,5,5,4,5,4,4,4,4,4,1,3,0,0,2,0,0,3.7142857142857144,4.142857142857143,0.8571428571428571,0.4285714285714288
CSE2614039,2026-08-03 19:18:00+00:00,High,1,2,3,4,4,4,1,5,5,4,5,4,5,5,4,3,1,1,0,1,4,2.7142857142857144,4.714285714285714,2.0,2.0
CSE2614040,2026-08-03 19:19:00+00:00,Low,2,3,2,4,4,5,4,4,3,4,4,4,4,5,2,0,2,0,0,0,1,3.4285714285714284,4.0,0.7142857142857143,0.5714285714285716
CSE2614041,2026-08-03 19:20:00+00:00,Medium,3,2,3,3,4,1,4,4,4,4,4,5,5,4,1,2,1,1,1,4,0,2.857142857142857,4.285714285714286,1.4285714285714286,1.4285714285714284
CSE2614042,2026-08-03 19:21:00+00:00,Low,3,4,3,3,4,4,4,4,4,5,4,4,5,4,1,0,2,1,0,1,0,3.5714285714285716,4.285714285714286,0.7142857142857143,0.714285714285714
CSE2614043,2026-08-03 19:22:00+00:00,Medium,4,4,3,4,3,2,3,4,3,4,5,5,5,5,0,0,1,1,2,3,2,3.2857142857142856,4.428571428571429,1.2857142857142858,1.1428571428571432
CSE2614044,2026-08-03 19:23:00+00:00,Medium,3,2,3,4,3,3,4,5,4,5,5,5,4,3,2,2,2,1,2,1,0,3.142857142857143,4.428571428571429,1.4285714285714286,1.285714285714286
CSE2614045,2026-08-03 19:24:00+00:00,High,3,1,3,1,3,2,3,4,3,5,4,5,4,4,1,2,2,3,2,2,1,2.2857142857142856,4.142857142857143,1.8571428571428572,1.8571428571428577
CSE2614046,2026-08-03 19:25:00+00:00,Medium,3,1,3,4,5,3,2,4,3,5,5,3,3,4,1,2,2,1,0,0,2,3.0,3.857142857142857,1.1428571428571428,0.8571428571428572
CSE2614047,2026-08-03 19:26:00+00:00,Medium,2,3,3,5,3,2,4,4,4,4,4,4,3,4,2,1,1,0,1,1,0,3.142857142857143,3.857142857142857,0.8571428571428571,0.7142857142857144
CSE2614048,2026-08-03 19:27:00+00:00,High,4,2,3,4,3,2,3,5,4,5,4,5,5,4,1,2,2,0,2,3,1,3.0,4.571428571428571,1.5714285714285714,1.5714285714285712
CSE2614049,2026-08-03 19:28:00+00:00,Medium,2,3,2,2,4,5,3,5,4,4,5,4,4,4,3,1,2,3,0,0,1,3.0,4.285714285714286,1.4285714285714286,1.2857142857142856
CSE2614050,2026-08-03 19:29:00+00:00,Medium,4,5,3,4,3,3,3,4,5,3,5,5,5,5,0,0,0,1,2,2,2,3.5714285714285716,4.571428571428571,1.0,0.9999999999999996
CSE2614051,2026-08-03 19:30:00+00:00,High,4,3,3,5,1,1,3,4,4,5,4,4,4,5,0,1,2,0,3,3,2,2.857142857142857,4.285714285714286,1.5714285714285714,1.4285714285714284
CSE2614052,2026-08-03 19:31:00+00:00,Low,2,4,3,3,4,4,4,4,4,4,3,3,5,3,2,0,1,0,0,1,0,3.4285714285714284,3.7142857142857144,0.5714285714285714,0.28571428571428603
CSE2614053,2026-08-03 19:32:00+00:00,Low,4,2,2,4,5,5,4,4,4,4,5,3,4,3,0,2,2,1,0,0,0,3.7142857142857144,3.857142857142857,0.7142857142857143,0.1428571428571428
CSE2614054,2026-08-03 19:33:00+00:00,Medium,5,2,2,3,4,2,2,5,4,4,3,4,4,5,0,2,2,0,0,2,3,2.857142857142857,4.142857142857143,1.2857142857142858,1.285714285714286
CSE2614055,2026-08-03 19:34:00+00:00,High,4,1,3,2,3,2,3,4,4,4,4,4,5,4,0,3,1,2,1,3,1,2.5714285714285716,4.142857142857143,1.5714285714285714,1.5714285714285716
CSE2614056,2026-08-03 19:35:00+00:00,High,3,2,2,3,1,3,5,5,5,5,4,4,4,5,2,3,3,1,3,1,0,2.7142857142857144,4.571428571428571,1.8571428571428572,1.8571428571428568
CSE2614057,2026-08-03 19:36:00+00:00,Low,4,4,4,5,4,4,3,4,5,5,5,5,4,5,0,1,1,0,1,0,2,4.0,4.714285714285714,0.7142857142857143,0.7142857142857144
CSE2614058,2026-08-03 19:37:00+00:00,Low,5,5,3,4,3,3,2,5,4,3,4,4,4,4,0,0,0,0,1,1,2,3.5714285714285716,4.0,0.5714285714285714,0.4285714285714284
CSE2614059,2026-08-03 19:38:00+00:00,Medium,4,5,4,4,2,2,4,4,4,5,5,3,5,5,0,0,1,1,1,3,1,3.5714285714285716,4.428571428571429,1.0,0.8571428571428572
CSE2614060,2026-08-03 19:39:00+00:00,Low,4,2,5,4,4,3,4,5,4,5,4,4,4,4,1,2,0,0,0,1,0,3.7142857142857144,4.285714285714286,0.5714285714285714,0.5714285714285712
CSE2614061,2026-08-03 19:40:00+00:00,High,2,1,1,3,3,4,4,3,5,5,4,3,4,5,1,4,4,1,0,0,1,2.5714285714285716,4.142857142857143,1.5714285714285714,1.5714285714285716
CSE2614062,2026-08-03 19:41:00+00:00,Medium,3,3,5,2,4,4,1,5,4,4,4,5,4,3,2,1,0,2,1,0,2,3.142857142857143,4.142857142857143,1.1428571428571428,1.0000000000000004
CSE2614063,2026-08-03 19:42:00+00:00,Medium,5,2,2,4,3,2,2,3,4,4,4,3,3,4,0,2,2,0,0,1,2,2.857142857142857,3.5714285714285716,1.0,0.7142857142857144
CSE2614064,2026-08-03 19:43:00+00:00,Medium,3,4,3,2,3,5,2,5,5,4,3,3,4,5,2,1,1,1,0,0,3,3.142857142857143,4.142857142857143,1.1428571428571428,1.0000000000000004
CSE2614065,2026-08-03 19:44:00+00:00,Medium,2,4,3,3,3,3,4,4,4,4,4,4,4,4,2,0,1,1,1,1,0,3.142857142857143,4.0,0.8571428571428571,0.8571428571428572
CSE2614066,2026-08-03 19:45:00+00:00,Low,5,3,2,4,5,4,3,3,3,4,4,4,5,5,0,0,2,0,0,1,2,3.7142857142857144,4.0,0.7142857142857143,0.2857142857142856
CSE2614067,2026-08-03 19:46:00+00:00,Medium,3,3,3,4,3,3,3,5,4,4,5,5,4,5,2,1,1,1,2,1,2,3.142857142857143,4.571428571428571,1.4285714285714286,1.4285714285714284
CSE2614068,2026-08-03 19:47:00+00:00,Medium,3,2,3,3,3,3,3,3,4,4,5,5,3,4,0,2,1,2,2,0,1,2.857142857142857,4.0,1.1428571428571428,1.1428571428571428
CSE2614069,2026-08-03 19:48:00+00:00,Medium,3,5,1,4,3,4,2,5,3,4,5,3,4,4,2,0,3,1,0,0,2,3.142857142857143,4.0,1.1428571428571428,0.8571428571428572
CSE2614070,2026-08-03 19:49:00+00:00,Medium,4,2,2,1,4,3,5,3,4,4,5,4,4,4,0,2,2,4,0,1,0,3.0,4.0,1.2857142857142858,1.0
CSE2614071,2026-08-03 19:50:00+00:00,Medium,2,1,2,3,4,3,4,3,4,4,3,4,4,3,1,3,2,0,0,1,0,2.7142857142857144,3.5714285714285716,1.0,0.8571428571428572
CSE2614072,2026-08-03 19:51:00+00:00,High,2,2,2,5,4,2,3,5,5,4,4,3,4,4,3,3,2,0,0,2,1,2.857142857142857,4.142857142857143,1.5714285714285714,1.285714285714286
CSE2614073,2026-08-03 19:52:00+00:00,Low,3,3,2,4,5,3,5,4,4,5,4,4,3,4,1,1,3,0,0,0,0,3.5714285714285716,4.0,0.7142857142857143,0.4285714285714284
CSE2614074,2026-08-03 19:53:00+00:00,Medium,2,4,3,5,5,4,2,4,3,5,3,5,4,4,2,0,2,0,0,0,2,3.5714285714285716,4.0,0.8571428571428571,0.4285714285714284
CSE2614075,2026-08-03 19:54:00+00:00,Medium,2,3,1,4,3,2,4,4,4,4,4,3,4,4,2,1,3,0,0,2,0,2.7142857142857144,3.857142857142857,1.1428571428571428,1.1428571428571428
CSE2614076,2026-08-03 19:55:00+00:00,High,5,3,2,2,2,2,4,4,4,5,4,4,5,5,0,1,3,2,2,3,1,2.857142857142857,4.428571428571429,1.7142857142857142,1.5714285714285716
CSE2614077,2026-08-03 19:56:00+00:00,High,4,1,4,1,2,1,3,3,5,4,5,5,4,4,0,4,0,4,3,3,1,2.2857142857142856,4.285714285714286,2.142857142857143,2.0
CSE2614078,2026-08-03 19:57:00+00:00,Low,5,3,3,4,3,3,5,5,3,4,5,3,5,3,0,0,1,1,0,2,0,3.7142857142857144,4.0,0.5714285714285714,0.2857142857142856
CSE2614079,2026-08-03 19:58:00+00:00,Medium,3,1,3,3,3,2,4,4,4,4,4,3,4,4,1,3,1,1,0,2,0,2.7142857142857144,3.857142857142857,1.1428571428571428,1.1428571428571428
CSE2614080,2026-08-03 19:59:00+00:00,Medium,3,3,3,4,1,1,5,3,4,5,4,5,4,4,0,1,2,0,4,3,0,2.857142857142857,4.142857142857143,1.4285714285714286,1.285714285714286
CSE2614081,2026-08-03 20:00:00+00:00,Low,4,5,4,4,3,4,3,5,4,5,4,4,4,3,1,0,1,0,1,0,0,3.857142857142857,4.142857142857143,0.42857142857142855,0.28571428571428603
CSE2614082,2026-08-03 20:01:00+00:00,Medium,2,4,5,3,2,4,4,4,4,4,5,4,4,4,2,0,0,2,2,0,0,3.4285714285714284,4.142857142857143,0.8571428571428571,0.7142857142857149
CSE2614083,2026-08-03 20:02:00+00:00,Low,4,3,4,3,3,4,4,5,4,5,4,4,4,4,1,1,1,1,1,0,0,3.5714285714285716,4.285714285714286,0.7142857142857143,0.714285714285714
CSE2614084,2026-08-03 20:03:00+00:00,Medium,4,4,2,3,4,4,3,4,4,3,5,4,5,5,0,0,1,2,0,1,2,3.4285714285714284,4.285714285714286,0.8571428571428571,0.8571428571428572
CSE2614085,2026-08-03 20:04:00+00:00,Medium,5,2,3,4,4,2,2,3,4,5,5,4,5,4,0,2,2,1,0,3,2,3.142857142857143,4.285714285714286,1.4285714285714286,1.1428571428571428
CSE2614086,2026-08-03 20:05:00+00:00,High,5,2,2,3,2,3,4,4,4,4,4,5,5,5,0,2,2,1,3,2,1,3.0,4.428571428571429,1.5714285714285714,1.4285714285714288
CSE2614087,2026-08-03 20:06:00+00:00,Medium,3,2,2,3,5,3,4,4,3,5,5,4,4,5,1,1,3,2,0,1,1,3.142857142857143,4.285714285714286,1.2857142857142858,1.1428571428571428
CSE2614088,2026-08-03 20:07:00+00:00,Medium,4,4,4,2,1,5,2,4,4,3,4,4,4,4,0,0,0,2,3,0,2,3.142857142857143,3.857142857142857,1.0,0.7142857142857144
CSE2614089,2026-08-03 20:08:00+00:00,Medium,3,5,3,4,3,3,2,4,4,4,3,4,4,5,1,0,1,0,1,1,3,3.2857142857142856,4.0,1.0,0.7142857142857144
CSE2614090,2026-08-03 20:09:00+00:00,Low,5,3,4,4,5,5,4,4,4,5,5,4,3,4,0,1,1,1,0,0,0,4.285714285714286,4.142857142857143,0.42857142857142855,-0.14285714285714235
CSE2614091,2026-08-03 20:10:00+00:00,Medium,2,4,3,4,4,2,5,3,5,4,4,5,4,4,1,1,1,0,1,2,0,3.4285714285714284,4.142857142857143,0.8571428571428571,0.7142857142857149
CSE2614092,2026-08-03 20:11:00+00:00,Medium,4,1,4,2,3,3,4,4,4,3,4,3,4,4,0,3,0,2,0,1,0,3.0,3.7142857142857144,0.8571428571428571,0.7142857142857144
CSE2614093,2026-08-03 20:12:00+00:00,High,3,1,1,4,3,3,2,4,4,5,4,5,4,4,1,3,4,0,2,1,2,2.4285714285714284,4.285714285714286,1.8571428571428572,1.8571428571428572
CSE2614094,2026-08-03 20:13:00+00:00,Medium,3,4,4,3,3,4,3,4,4,3,5,4,5,4,1,0,0,2,1,1,1,3.4285714285714284,4.142857142857143,0.8571428571428571,0.7142857142857149
CSE2614095,2026-08-03 20:14:00+00:00,Low,4,3,4,5,2,3,5,4,3,4,4,4,3,3,0,0,0,0,2,0,0,3.7142857142857144,3.5714285714285716,0.2857142857142857,-0.1428571428571428
CSE2614096,2026-08-03 20:15:00+00:00,Medium,2,4,3,3,3,4,2,4,5,4,4,4,4,4,2,1,1,1,1,0,2,3.0,4.142857142857143,1.1428571428571428,1.1428571428571432
CSE2614097,2026-08-03 20:16:00+00:00,Medium,5,1,3,3,3,4,3,5,4,5,5,5,3,4,0,3,2,2,2,0,1,3.142857142857143,4.428571428571429,1.4285714285714286,1.285714285714286
CSE2614098,2026-08-03 20:17:00+00:00,High,3,3,2,4,3,2,3,5,5,5,4,5,4,5,2,2,3,0,2,2,2,2.857142857142857,4.714285714285714,1.8571428571428572,1.8571428571428572
CSE2614099,2026-08-03 20:18:00+00:00,Medium,2,3,5,3,3,4,3,4,4,5,4,5,5,3,2,1,0,1,2,1,0,3.2857142857142856,4.285714285714286,1.0,1.0
CSE2614100,2026-08-03 20:19:00+00:00,Low,5,3,3,2,3,4,3,4,3,4,4,4,4,3,0,0,1,2,1,0,0,3.2857142857142856,3.7142857142857144,0.5714285714285714,0.4285714285714288
CSE2614101,2026-08-03 20:20:00+00:00,Medium,3,4,3,3,3,5,3,4,4,4,5,5,5,5,1,0,1,2,2,0,2,3.4285714285714284,4.571428571428571,1.1428571428571428,1.1428571428571428
CSE2614102,2026-08-03 20:21:00+00:00,Low,4,4,3,5,3,4,4,3,3,4,4,4,5,4,0,0,1,0,1,1,0,3.857142857142857,3.857142857142857,0.42857142857142855,0.0
CSE2614103,2026-08-03 20:22:00+00:00,Medium,3,1,4,4,4,3,3,4,4,3,5,4,5,4,1,3,0,1,0,2,1,3.142857142857143,4.142857142857143,1.1428571428571428,1.0000000000000004
CSE2614104,2026-08-03 20:23:00+00:00,Low,4,3,2,3,3,2,4,3,4,3,3,4,4,4,0,1,1,0,1,2,0,3.0,3.5714285714285716,0.7142857142857143,0.5714285714285716
CSE2614105,2026-08-03 20:24:00+00:00,Medium,3,4,3,3,3,3,2,4,3,3,4,5,5,4,1,0,0,1,2,2,2,3.0,4.0,1.1428571428571428,1.0
CSE2614106,2026-08-03 20:25:00+00:00,Medium,4,4,3,4,2,3,3,4,4,5,4,3,4,5,0,0,2,0,1,1,2,3.2857142857142856,4.142857142857143,0.8571428571428571,0.8571428571428577
CSE2614107,2026-08-03 20:26:00+00:00,Medium,4,4,5,2,4,2,1,4,5,3,5,5,4,4,0,1,0,3,1,2,3,3.142857142857143,4.285714285714286,1.4285714285714286,1.1428571428571428
CSE2614108,2026-08-03 20:27:00+00:00,Low,3,4,5,2,4,3,4,4,4,4,3,5,4,3,1,0,0,1,1,1,0,3.5714285714285716,3.857142857142857,0.5714285714285714,0.2857142857142856
CSE2614109,2026-08-03 20:28:00+00:00,Medium,3,4,4,4,4,2,3,4,5,4,4,5,4,5,1,1,0,0,1,2,2,3.4285714285714284,4.428571428571429,1.0,1.0000000000000004
CSE2614110,2026-08-03 20:29:00+00:00,Medium,2,3,5,5,1,4,4,4,4,4,3,4,3,4,2,1,0,0,3,0,0,3.4285714285714284,3.7142857142857144,0.8571428571428571,0.28571428571428603
CSE2614111,2026-08-03 20:30:00+00:00,Medium,3,4,2,4,3,5,4,4,5,4,5,5,5,3,1,1,2,1,2,0,0,3.5714285714285716,4.428571428571429,1.0,0.8571428571428572
CSE2614112,2026-08-03 20:31:00+00:00,Low,3,4,3,3,3,3,4,4,4,4,4,4,3,4,1,0,1,1,1,0,0,3.2857142857142856,3.857142857142857,0.5714285714285714,0.5714285714285716
CSE2614113,2026-08-03 20:32:00+00:00,Medium,2,3,2,2,5,3,2,4,5,4,4,4,3,3,2,2,2,2,0,0,1,2.7142857142857144,3.857142857142857,1.2857142857142858,1.1428571428571428
CSE2614114,2026-08-03 20:33:00+00:00,Medium,5,4,2,4,3,3,3,5,4,5,4,4,5,4,0,0,3,0,1,2,1,3.4285714285714284,4.428571428571429,1.0,1.0000000000000004
CSE2614115,2026-08-03 20:34:00+00:00,High,2,4,1,3,1,4,2,4,4,4,4,3,5,5,2,0,3,1,2,1,3,2.4285714285714284,4.142857142857143,1.7142857142857142,1.7142857142857149
CSE2614116,2026-08-03 20:35:00+00:00,Low,3,3,4,3,4,4,4,3,3,4,4,3,3,4,0,0,0,1,0,0,0,3.5714285714285716,3.4285714285714284,0.14285714285714285,-0.14285714285714324
CSE2614117,2026-08-03 20:36:00+00:00,Medium,3,2,4,2,4,5,3,3,3,4,4,5,5,5,0,1,0,2,1,0,2,3.2857142857142856,4.142857142857143,0.8571428571428571,0.8571428571428577
CSE2614118,2026-08-03 20:37:00+00:00,Medium,5,3,3,4,3,3,3,4,5,4,4,5,3,5,0,2,1,0,2,0,2,3.4285714285714284,4.285714285714286,1.0,0.8571428571428572
CSE2614119,2026-08-03 20:38:00+00:00,Medium,4,5,5,1,4,2,2,4,4,4,4,5,4,5,0,0,0,3,1,2,3,3.2857142857142856,4.285714285714286,1.2857142857142858,1.0
CSE2614120,2026-08-03 20:39:00+00:00,Medium,5,3,5,1,3,5,4,5,5,5,4,4,4,4,0,2,0,3,1,0,0,3.7142857142857144,4.428571428571429,0.8571428571428571,0.7142857142857144
CSE2614121,2026-08-03 20:40:00+00:00,Medium,2,3,3,5,3,4,2,4,4,5,4,4,4,3,2,1,2,0,1,0,1,3.142857142857143,4.0,1.0,0.8571428571428572
CSE2614122,2026-08-03 20:41:00+00:00,High,3,5,4,2,1,4,2,5,3,4,5,5,5,4,2,0,0,3,4,1,2,3.0,4.428571428571429,1.7142857142857142,1.4285714285714288
CSE2614123,2026-08-03 20:42:00+00:00,Low,3,3,2,4,1,4,3,3,3,3,4,4,4,4,0,0,1,0,3,0,1,2.857142857142857,3.5714285714285716,0.7142857142857143,0.7142857142857144
CSE2614124,2026-08-03 20:43:00+00:00,Medium,4,2,4,1,3,3,3,4,4,5,5,4,4,4,0,2,1,4,1,1,1,2.857142857142857,4.285714285714286,1.4285714285714286,1.4285714285714284
CSE2614125,2026-08-03 20:44:00+00:00,Medium,3,2,3,4,4,5,2,5,3,4,5,5,3,5,2,1,1,1,1,0,3,3.2857142857142856,4.285714285714286,1.2857142857142858,1.0
CSE2614126,2026-08-03 20:45:00+00:00,Low,3,4,4,3,4,2,5,4,5,4,3,5,4,5,1,1,0,0,1,2,0,3.5714285714285716,4.285714285714286,0.7142857142857143,0.714285714285714
CSE2614127,2026-08-03 20:46:00+00:00,Low,2,4,4,4,4,4,3,3,4,4,4,4,5,3,1,0,0,0,0,1,0,3.5714285714285716,3.857142857142857,0.2857142857142857,0.2857142857142856
CSE2614128,2026-08-03 20:47:00+00:00,High,2,4,1,3,1,4,2,4,5,5,5,5,3,4,2,1,4,2,4,0,2,2.4285714285714284,4.428571428571429,2.142857142857143,2.0000000000000004
CSE2614129,2026-08-03 20:48:00+00:00,Low,4,2,3,3,4,3,4,4,4,4,4,4,4,4,0,2,1,1,0,1,0,3.2857142857142856,4.0,0.7142857142857143,0.7142857142857144
CSE2614130,2026-08-03 20:49:00+00:00,Medium,4,3,3,3,3,2,3,4,4,4,4,4,4,4,0,1,1,1,1,2,1,3.0,4.0,1.0,1.0
CSE2614131,2026-08-03 20:50:00+00:00,Medium,3,1,3,2,4,4,3,5,5,3,4,4,4,4,2,4,0,2,0,0,1,2.857142857142857,4.142857142857143,1.2857142857142858,1.285714285714286
CSE2614132,2026-08-03 20:51:00+00:00,Medium,4,5,3,4,2,4,2,5,4,5,5,3,5,5,1,0,2,1,1,1,3,3.4285714285714284,4.571428571428571,1.2857142857142858,1.1428571428571428
CSE2614133,2026-08-03 20:52:00+00:00,High,3,1,4,2,2,3,2,4,4,4,5,5,4,4,1,3,0,3,3,1,2,2.4285714285714284,4.285714285714286,1.8571428571428572,1.8571428571428572
CSE2614134,2026-08-03 20:53:00+00:00,Medium,5,2,4,2,3,1,2,3,4,3,3,4,4,3,0,2,0,1,1,3,1,2.7142857142857144,3.4285714285714284,1.1428571428571428,0.714285714285714
CSE2614135,2026-08-03 20:54:00+00:00,Medium,4,3,3,3,2,2,4,5,4,4,4,4,4,4,1,1,1,1,2,2,0,3.0,4.142857142857143,1.1428571428571428,1.1428571428571432
CSE2614136,2026-08-03 20:55:00+00:00,Low,5,4,3,4,5,3,4,3,3,4,5,4,5,5,0,0,1,1,0,2,1,4.0,4.142857142857143,0.7142857142857143,0.14285714285714324
CSE2614137,2026-08-03 20:56:00+00:00,Medium,4,3,3,3,3,3,5,3,5,4,4,5,4,4,0,2,1,1,2,1,0,3.4285714285714284,4.142857142857143,1.0,0.7142857142857149
CSE2614138,2026-08-03 20:57:00+00:00,Medium,1,3,3,4,1,4,5,3,5,4,3,3,4,4,2,2,1,0,2,0,0,3.0,3.7142857142857144,1.0,0.7142857142857144
CSE2614139,2026-08-03 20:58:00+00:00,Medium,4,4,2,3,4,2,5,4,4,4,5,5,5,5,0,0,2,2,1,3,0,3.4285714285714284,4.571428571428571,1.1428571428571428,1.1428571428571428
CSE2614140,2026-08-03 20:59:00+00:00,Low,5,4,4,3,4,5,4,5,4,4,5,5,4,4,0,0,0,2,1,0,0,4.142857142857143,4.428571428571429,0.42857142857142855,0.2857142857142856
CSE2614141,2026-08-03 21:00:00+00:00,Medium,4,3,3,3,3,1,4,5,4,5,4,3,4,4,1,1,2,1,0,3,0,3.0,4.142857142857143,1.1428571428571428,1.1428571428571432
CSE2614142,2026-08-03 21:01:00+00:00,Medium,3,2,4,3,3,4,5,4,5,5,5,5,4,5,1,3,1,2,2,0,0,3.4285714285714284,4.714285714285714,1.2857142857142858,1.285714285714286
CSE2614143,2026-08-03 21:02:00+00:00,Medium,3,4,3,2,3,2,3,4,4,4,4,4,3,4,1,0,1,2,1,1,1,2.857142857142857,3.857142857142857,1.0,1.0
CSE2614144,2026-08-03 21:03:00+00:00,Medium,3,2,4,3,3,4,4,5,5,4,3,4,4,3,2,3,0,0,1,0,0,3.2857142857142856,4.0,0.8571428571428571,0.7142857142857144
CSE2614145,2026-08-03 21:04:00+00:00,Medium,3,3,4,2,1,4,4,4,5,4,4,4,3,3,1,2,0,2,3,0,0,3.0,3.857142857142857,1.1428571428571428,0.8571428571428572
CSE2614146,2026-08-03 21:05:00+00:00,Medium,4,5,3,3,4,2,5,4,4,4,4,5,5,4,0,0,1,1,1,3,0,3.7142857142857144,4.285714285714286,0.8571428571428571,0.5714285714285712
CSE2614147,2026-08-03 21:06:00+00:00,Medium,2,5,3,3,4,1,3,5,4,3,3,5,4,5,3,0,0,0,1,3,2,3.0,4.142857142857143,1.2857142857142858,1.1428571428571432
CSE2614148,2026-08-03 21:07:00+00:00,Medium,4,4,2,2,4,2,4,4,5,4,4,4,4,5,0,1,2,2,0,2,1,3.142857142857143,4.285714285714286,1.1428571428571428,1.1428571428571428
CSE2614149,2026-08-03 21:08:00+00:00,Medium,2,4,3,3,2,3,2,3,3,4,4,4,3,4,1,0,1,1,2,0,2,2.7142857142857144,3.5714285714285716,1.0,0.8571428571428572
CSE2614150,2026-08-03 21:09:00+00:00,Medium,3,3,3,2,5,3,4,4,4,5,3,5,5,4,1,1,2,1,0,2,0,3.2857142857142856,4.285714285714286,1.0,1.0
CSE2614151,2026-08-03 21:10:00+00:00,Medium,4,4,5,2,3,2,4,4,5,4,4,4,4,3,0,1,0,2,1,2,0,3.4285714285714284,4.0,0.8571428571428571,0.5714285714285716
CSE2614152,2026-08-03 21:11:00+00:00,Medium,4,2,2,3,2,4,4,5,4,3,4,4,4,5,1,2,1,1,2,0,1,3.0,4.142857142857143,1.1428571428571428,1.1428571428571432
CSE2614153,2026-08-03 21:12:00+00:00,Medium,4,2,3,5,4,3,3,5,5,4,3,5,5,4,1,3,1,0,1,2,1,3.4285714285714284,4.428571428571429,1.2857142857142858,1.0000000000000004
CSE2614154,2026-08-03 21:13:00+00:00,Low,3,5,5,4,5,3,4,4,4,4,4,3,5,3,1,0,0,0,0,2,0,4.142857142857143,3.857142857142857,0.42857142857142855,-0.28571428571428603
CSE2614155,2026-08-03 21:14:00+00:00,High,1,3,4,1,4,4,1,4,5,5,4,5,4,4,3,2,1,3,1,0,3,2.5714285714285716,4.428571428571429,1.8571428571428572,1.8571428571428572
CSE2614156,2026-08-03 21:15:00+00:00,Medium,4,5,3,3,3,2,4,4,4,5,4,4,5,4,0,0,2,1,1,3,0,3.4285714285714284,4.285714285714286,1.0,0.8571428571428572
CSE2614157,2026-08-03 21:16:00+00:00,Medium,1,2,4,4,3,1,3,4,4,3,4,4,3,4,3,2,0,0,1,2,1,2.5714285714285716,3.7142857142857144,1.2857142857142858,1.1428571428571428
CSE2614158,2026-08-03 21:17:00+00:00,Medium,1,4,4,4,3,3,3,4,3,3,5,5,5,5,3,0,0,1,2,2,2,3.142857142857143,4.285714285714286,1.4285714285714286,1.1428571428571428
CSE2614159,2026-08-03 21:18:00+00:00,Medium,2,4,3,3,4,2,3,4,5,4,4,4,3,4,2,1,1,1,0,1,1,3.0,4.0,1.0,1.0
CSE2614160,2026-08-03 21:19:00+00:00,Medium,5,2,2,4,3,5,3,4,5,3,3,5,3,4,0,3,1,0,2,0,1,3.4285714285714284,3.857142857142857,1.0,0.4285714285714288
CSE2614161,2026-08-03 21:20:00+00:00,Medium,3,4,2,2,3,3,2,4,5,4,3,4,4,5,1,1,2,1,1,1,3,2.7142857142857144,4.142857142857143,1.4285714285714286,1.4285714285714288
CSE2614162,2026-08-03 21:21:00+00:00,Low,4,4,2,3,3,3,4,4,4,4,3,3,4,4,0,0,2,0,0,1,0,3.2857142857142856,3.7142857142857144,0.42857142857142855,0.4285714285714288
CSE2614163,2026-08-03 21:22:00+00:00,Medium,4,3,2,3,3,5,4,5,5,3,5,3,4,4,1,2,1,2,0,0,0,3.4285714285714284,4.142857142857143,0.8571428571428571,0.7142857142857149
CSE2614164,2026-08-03 21:23:00+00:00,High,2,3,1,4,1,3,4,4,4,4,4,5,5,4,2,1,3,0,4,2,0,2.5714285714285716,4.285714285714286,1.7142857142857142,1.714285714285714
CSE2614165,2026-08-03 21:24:00+00:00,Medium,4,3,3,3,3,2,3,5,4,4,4,4,5,4,1,1,1,1,1,3,1,3.0,4.285714285714286,1.2857142857142858,1.2857142857142856
CSE2614166,2026-08-03 21:25:00+00:00,Medium,4,2,4,3,2,3,4,5,4,5,3,5,5,3,1,2,1,0,3,2,0,3.142857142857143,4.285714285714286,1.2857142857142858,1.1428571428571428
CSE2614167,2026-08-03 21:26:00+00:00,Low,3,3,3,3,4,3,4,3,4,4,4,3,3,4,0,1,1,1,0,0,0,3.2857142857142856,3.5714285714285716,0.42857142857142855,0.28571428571428603
CSE2614168,2026-08-03 21:27:00+00:00,Medium,2,5,4,4,5,3,2,4,5,5,4,4,4,4,2,0,1,0,0,1,2,3.5714285714285716,4.285714285714286,0.8571428571428571,0.714285714285714
CSE2614169,2026-08-03 21:28:00+00:00,Medium,5,4,4,3,1,3,1,4,4,4,4,5,4,5,0,0,0,1,4,1,4,3.0,4.285714285714286,1.4285714285714286,1.2857142857142856
CSE2614170,2026-08-03 21:29:00+00:00,Medium,2,5,3,4,5,2,1,4,4,4,4,5,4,4,2,0,1,0,0,2,3,3.142857142857143,4.142857142857143,1.1428571428571428,1.0000000000000004
CSE2614171,2026-08-03 21:30:00+00:00,Medium,2,5,4,4,2,2,5,3,4,4,4,5,4,4,1,0,0,0,3,2,0,3.4285714285714284,4.0,0.8571428571428571,0.5714285714285716
CSE2614172,2026-08-03 21:31:00+00:00,Low,3,4,3,4,4,3,3,4,5,4,4,3,3,4,1,1,1,0,0,0,1,3.4285714285714284,3.857142857142857,0.5714285714285714,0.4285714285714288
CSE2614173,2026-08-03 21:32:00+00:00,Low,3,3,3,4,4,4,2,4,4,4,3,3,4,4,1,1,1,0,0,0,2,3.2857142857142856,3.7142857142857144,0.7142857142857143,0.4285714285714288
CSE2614174,2026-08-03 21:33:00+00:00,Medium,4,5,3,4,2,3,3,5,4,4,4,5,5,4,1,0,1,0,3,2,1,3.4285714285714284,4.428571428571429,1.1428571428571428,1.0000000000000004
CSE2614175,2026-08-03 21:34:00+00:00,High,4,1,3,1,2,3,3,5,4,5,3,4,4,5,1,3,2,2,2,1,2,2.4285714285714284,4.285714285714286,1.8571428571428572,1.8571428571428572
CSE2614176,2026-08-03 21:35:00+00:00,Low,3,3,5,5,4,3,4,4,4,3,4,4,4,3,1,1,0,0,0,1,0,3.857142857142857,3.7142857142857144,0.42857142857142855,-0.1428571428571428
CSE2614177,2026-08-03 21:36:00+00:00,Medium,1,4,3,3,3,3,4,4,3,4,5,4,4,4,3,0,1,2,1,1,0,3.0,4.0,1.1428571428571428,1.0
CSE2614178,2026-08-03 21:37:00+00:00,Medium,5,2,2,3,4,3,5,4,5,4,4,5,4,4,0,3,2,1,1,1,0,3.4285714285714284,4.285714285714286,1.1428571428571428,0.8571428571428572
CSE2614179,2026-08-03 21:38:00+00:00,Medium,3,3,1,2,4,3,4,4,4,5,4,4,5,4,1,1,4,2,0,2,0,2.857142857142857,4.285714285714286,1.4285714285714286,1.4285714285714284
CSE2614180,2026-08-03 21:39:00+00:00,Medium,4,3,4,5,4,2,1,3,4,5,4,5,5,4,0,1,1,0,1,3,3,3.2857142857142856,4.285714285714286,1.2857142857142858,1.0
CSE2614181,2026-08-03 21:40:00+00:00,Low,4,3,4,5,3,4,2,4,4,4,4,4,3,4,0,1,0,0,1,0,2,3.5714285714285716,3.857142857142857,0.5714285714285714,0.2857142857142856
CSE2614182,2026-08-03 21:41:00+00:00,Medium,4,2,3,4,4,4,2,4,3,5,3,3,5,4,0,1,2,0,0,1,2,3.2857142857142856,3.857142857142857,0.8571428571428571,0.5714285714285716
CSE2614183,2026-08-03 21:42:00+00:00,Medium,2,5,4,4,5,4,1,4,4,4,5,4,5,3,2,0,0,1,0,1,2,3.5714285714285716,4.142857142857143,0.8571428571428571,0.5714285714285716
CSE2614184,2026-08-03 21:43:00+00:00,High,3,2,2,2,2,3,3,4,5,4,4,4,3,5,1,3,2,2,2,0,2,2.4285714285714284,4.142857142857143,1.7142857142857142,1.7142857142857149
CSE2614185,2026-08-03 21:44:00+00:00,High,2,2,2,2,2,3,5,4,4,4,4,4,4,4,2,2,2,2,2,1,0,2.5714285714285716,4.0,1.5714285714285714,1.4285714285714284
CSE2614186,2026-08-03 21:45:00+00:00,Medium,3,3,3,1,4,3,3,5,5,4,4,4,4,4,2,2,1,3,0,1,1,2.857142857142857,4.285714285714286,1.4285714285714286,1.4285714285714284
CSE2614187,2026-08-03 21:46:00+00:00,Medium,2,4,3,3,4,3,4,4,5,5,5,4,4,4,2,1,2,2,0,1,0,3.2857142857142856,4.428571428571429,1.1428571428571428,1.1428571428571432
CSE2614188,2026-08-03 21:47:00+00:00,Medium,5,3,2,5,2,5,5,4,5,5,3,5,3,5,0,2,3,0,3,0,0,3.857142857142857,4.285714285714286,1.1428571428571428,0.4285714285714284
CSE2614189,2026-08-03 21:48:00+00:00,Medium,3,5,3,4,1,3,2,4,3,4,3,5,5,4,1,0,1,0,4,2,2,3.0,4.0,1.4285714285714286,1.0
CSE2614190,2026-08-03 21:49:00+00:00,High,1,2,2,2,3,3,3,3,4,5,4,5,4,4,2,2,3,2,2,1,1,2.2857142857142856,4.142857142857143,1.8571428571428572,1.8571428571428577
CSE2614191,2026-08-03 21:50:00+00:00,Medium,4,3,3,5,2,5,3,3,4,4,4,4,5,5,0,1,1,0,2,0,2,3.5714285714285716,4.142857142857143,0.8571428571428571,0.5714285714285716
CSE2614192,2026-08-03 21:51:00+00:00,Medium,5,3,3,3,3,1,3,4,4,4,5,4,4,3,0,1,1,2,1,3,0,3.0,4.0,1.1428571428571428,1.0
CSE2614193,2026-08-03 21:52:00+00:00,Medium,5,4,2,4,4,3,5,4,4,5,3,5,5,5,0,0,3,0,1,2,0,3.857142857142857,4.428571428571429,0.8571428571428571,0.5714285714285716
CSE2614194,2026-08-03 21:53:00+00:00,Medium,1,5,3,3,4,3,3,4,4,4,4,5,5,4,3,0,1,1,1,2,1,3.142857142857143,4.285714285714286,1.2857142857142858,1.1428571428571428
CSE2614195,2026-08-03 21:54:00+00:00,Medium,3,3,3,2,2,4,3,4,5,3,4,3,4,3,1,2,0,2,1,0,0,2.857142857142857,3.7142857142857144,0.8571428571428571,0.8571428571428572
CSE2614196,2026-08-03 21:55:00+00:00,High,2,2,1,2,3,3,2,4,4,4,5,3,4,4,2,2,3,3,0,1,2,2.142857142857143,4.0,1.8571428571428572,1.8571428571428572
CSE2614197,2026-08-03 21:56:00+00:00,Low,4,3,3,4,5,3,4,4,5,4,4,3,4,4,0,2,1,0,0,1,0,3.7142857142857144,4.0,0.5714285714285714,0.2857142857142856
CSE2614198,2026-08-03 21:57:00+00:00,Low,4,4,3,4,4,4,4,4,4,5,5,5,5,3,0,0,2,1,1,1,0,3.857142857142857,4.428571428571429,0.7142857142857143,0.5714285714285716
CSE2614199,2026-08-03 21:58:00+00:00,Medium,3,4,5,2,5,4,2,4,4,4,5,5,4,4,1,0,0,3,0,0,2,3.5714285714285716,4.285714285714286,0.8571428571428571,0.714285714285714
CSE2614200,2026-08-03 21:59:00+00:00,Medium,3,5,3,3,3,2,4,4,4,3,4,5,5,4,1,0,0,1,2,3,0,3.2857142857142856,4.142857142857143,1.0,0.8571428571428577
CSE2614201,2026-08-03 22:00:00+00:00,Low,4,3,5,4,5,4,3,5,5,5,4,4,3,4,1,2,0,0,0,0,1,4.0,4.285714285714286,0.5714285714285714,0.2857142857142856
CSE2614202,2026-08-03 22:01:00+00:00,Medium,2,3,3,3,3,5,3,4,3,5,4,4,5,5,2,0,2,1,1,0,2,3.142857142857143,4.285714285714286,1.1428571428571428,1.1428571428571428
CSE2614203,2026-08-03 22:02:00+00:00,High,3,3,1,3,3,1,2,5,4,4,5,4,4,4,2,1,3,2,1,3,2,2.2857142857142856,4.285714285714286,2.0,2.0
CSE2614204,2026-08-03 22:03:00+00:00,Medium,2,3,3,4,1,3,2,4,4,4,4,4,3,4,2,1,1,0,3,0,2,2.5714285714285716,3.857142857142857,1.2857142857142858,1.2857142857142856
CSE2614205,2026-08-03 22:04:00+00:00,Low,5,3,3,4,5,4,3,4,4,4,4,4,4,5,0,1,1,0,0,0,2,3.857142857142857,4.142857142857143,0.5714285714285714,0.28571428571428603
CSE2614206,2026-08-03 22:05:00+00:00,Medium,3,4,1,2,4,3,2,4,4,3,4,4,5,4,1,0,2,2,0,2,2,2.7142857142857144,4.0,1.2857142857142858,1.2857142857142856
CSE2614207,2026-08-03 22:06:00+00:00,Medium,3,2,2,5,2,4,3,3,5,4,5,4,4,4,0,3,2,0,2,0,1,3.0,4.142857142857143,1.1428571428571428,1.1428571428571432
CSE2614208,2026-08-03 22:07:00+00:00,Medium,2,3,4,2,3,3,3,5,4,3,3,4,3,4,3,1,0,1,1,0,1,2.857142857142857,3.7142857142857144,1.0,0.8571428571428572
CSE2614209,2026-08-03 22:08:00+00:00,Low,3,3,2,3,3,4,3,3,3,4,5,3,4,4,0,0,2,2,0,0,1,3.0,3.7142857142857144,0.7142857142857143,0.7142857142857144
CSE2614210,2026-08-03 22:09:00+00:00,Medium,3,1,4,3,2,4,3,4,4,5,4,5,4,4,1,3,1,1,3,0,1,2.857142857142857,4.285714285714286,1.4285714285714286,1.4285714285714284
CSE2614211,2026-08-03 22:10:00+00:00,Medium,4,2,3,3,4,4,2,4,4,5,3,4,4,4,0,2,2,0,0,0,2,3.142857142857143,4.0,0.8571428571428571,0.8571428571428572
CSE2614212,2026-08-03 22:11:00+00:00,Medium,3,2,4,5,1,3,5,5,3,3,4,4,5,5,2,1,0,0,3,2,0,3.2857142857142856,4.142857142857143,1.1428571428571428,0.8571428571428577
CSE2614213,2026-08-03 22:12:00+00:00,Medium,2,2,3,5,3,1,5,4,4,5,3,4,4,4,2,2,2,0,1,3,0,3.0,4.0,1.4285714285714286,1.0
CSE2614214,2026-08-03 22:13:00+00:00,Medium,4,2,3,3,2,2,4,4,4,4,3,5,5,4,0,2,1,0,3,3,0,2.857142857142857,4.142857142857143,1.2857142857142858,1.285714285714286
CSE2614215,2026-08-03 22:14:00+00:00,Medium,3,3,5,3,5,4,1,5,4,5,4,5,3,4,2,1,0,1,0,0,3,3.4285714285714284,4.285714285714286,1.0,0.8571428571428572
CSE2614216,2026-08-03 22:15:00+00:00,High,2,3,3,2,4,5,3,5,4,5,4,5,5,5,3,1,2,2,1,0,2,3.142857142857143,4.714285714285714,1.5714285714285714,1.5714285714285716
CSE2614217,2026-08-03 22:16:00+00:00,Medium,2,3,3,3,2,3,5,3,5,4,3,4,4,4,1,2,1,0,2,1,0,3.0,3.857142857142857,1.0,0.8571428571428572
CSE2614218,2026-08-03 22:17:00+00:00,Low,4,4,3,4,4,5,3,4,5,3,4,5,4,4,0,1,0,0,1,0,1,3.857142857142857,4.142857142857143,0.42857142857142855,0.28571428571428603
CSE2614219,2026-08-03 22:18:00+00:00,Medium,5,1,4,5,3,3,4,3,4,4,5,5,4,4,0,3,0,0,2,1,0,3.5714285714285716,4.142857142857143,0.8571428571428571,0.5714285714285716
CSE2614220,2026-08-03 22:19:00+00:00,Medium,4,2,4,2,3,3,4,5,4,3,5,4,3,5,1,2,0,3,1,0,1,3.142857142857143,4.142857142857143,1.1428571428571428,1.0000000000000004
CSE2614221,2026-08-03 22:20:00+00:00,Medium,2,4,2,4,3,4,4,5,4,4,5,5,4,4,3,0,2,1,2,0,0,3.2857142857142856,4.428571428571429,1.1428571428571428,1.1428571428571432
CSE2614222,2026-08-03 22:21:00+00:00,Low,4,4,2,2,3,5,3,4,3,3,3,4,4,4,0,0,1,1,1,0,1,3.2857142857142856,3.5714285714285716,0.5714285714285714,0.28571428571428603
CSE2614223,2026-08-03 22:22:00+00:00,Medium,5,3,4,2,1,5,4,4,4,4,3,4,4,5,0,1,0,1,3,0,1,3.4285714285714284,4.0,0.8571428571428571,0.5714285714285716
CSE2614224,2026-08-03 22:23:00+00:00,Medium,4,3,2,1,3,3,4,3,4,4,4,5,4,4,0,1,2,3,2,1,0,2.857142857142857,4.0,1.2857142857142858,1.1428571428571428
CSE2614225,2026-08-03 22:24:00+00:00,High,2,4,3,3,3,2,2,5,3,3,4,4,5,5,3,0,0,1,1,3,3,2.7142857142857144,4.142857142857143,1.5714285714285714,1.4285714285714288
CSE2614226,2026-08-03 22:25:00+00:00,Medium,4,2,2,2,4,4,3,4,4,4,4,5,4,4,0,2,2,2,1,0,1,3.0,4.142857142857143,1.1428571428571428,1.1428571428571432
CSE2614227,2026-08-03 22:26:00+00:00,Medium,3,1,4,3,4,3,2,4,3,4,4,4,4,4,1,2,0,1,0,1,2,2.857142857142857,3.857142857142857,1.0,1.0
CSE2614228,2026-08-03 22:27:00+00:00,Low,3,4,3,4,4,2,3,4,4,3,4,4,4,3,1,0,0,0,0,2,0,3.2857142857142856,3.7142857142857144,0.42857142857142855,0.4285714285714288
CSE2614229,2026-08-03 22:28:00+00:00,Low,5,5,2,5,4,2,4,5,4,4,5,4,5,4,0,0,2,0,0,3,0,3.857142857142857,4.428571428571429,0.7142857142857143,0.5714285714285716
CSE2614230,2026-08-03 22:29:00+00:00,High,2,5,1,3,3,4,2,5,3,3,5,5,4,4,3,0,2,2,2,0,2,2.857142857142857,4.142857142857143,1.5714285714285714,1.285714285714286
CSE2614231,2026-08-03 22:30:00+00:00,Medium,2,3,3,2,3,3,4,5,4,4,3,4,4,4,3,1,1,1,1,1,0,2.857142857142857,4.0,1.1428571428571428,1.1428571428571428
CSE2614232,2026-08-03 22:31:00+00:00,Low,3,2,2,4,4,3,4,4,4,3,4,4,4,4,1,2,1,0,0,1,0,3.142857142857143,3.857142857142857,0.7142857142857143,0.7142857142857144
CSE2614233,2026-08-03 22:32:00+00:00,Medium,3,5,4,2,2,4,2,4,4,3,5,4,5,5,1,0,0,3,2,1,3,3.142857142857143,4.285714285714286,1.4285714285714286,1.1428571428571428
CSE2614234,2026-08-03 22:33:00+00:00,Medium,3,3,3,3,3,3,4,4,3,4,5,5,4,5,1,0,1,2,2,1,1,3.142857142857143,4.285714285714286,1.1428571428571428,1.1428571428571428
CSE2614235,2026-08-03 22:34:00+00:00,Low,3,3,5,5,3,4,5,3,4,5,4,4,4,4,0,1,0,0,1,0,0,4.0,4.0,0.2857142857142857,0.0
CSE2614236,2026-08-03 22:35:00+00:00,High,1,3,4,5,3,1,3,3,5,4,4,5,5,4,2,2,0,0,2,4,1,2.857142857142857,4.285714285714286,1.5714285714285714,1.4285714285714284
CSE2614237,2026-08-03 22:36:00+00:00,Low,3,3,3,2,4,5,4,4,4,4,3,5,5,4,1,1,1,1,1,0,0,3.4285714285714284,4.142857142857143,0.7142857142857143,0.7142857142857149
CSE2614238,2026-08-03 22:37:00+00:00,Low,4,4,4,3,4,3,4,3,3,4,4,4,5,4,0,0,0,1,0,2,0,3.7142857142857144,3.857142857142857,0.42857142857142855,0.1428571428571428
CSE2614239,2026-08-03 22:38:00+00:00,Low,5,3,4,4,3,3,4,5,5,3,3,4,4,5,0,2,0,0,1,1,1,3.7142857142857144,4.142857142857143,0.7142857142857143,0.4285714285714288
CSE2614240,2026-08-03 22:39:00+00:00,Medium,3,3,1,5,3,4,4,4,3,4,5,4,4,5,1,0,3,0,1,0,1,3.2857142857142856,4.142857142857143,0.8571428571428571,0.8571428571428577
CSE2614241,2026-08-03 22:40:00+00:00,Medium,4,1,4,3,3,4,5,5,4,4,4,4,5,5,1,3,0,1,1,1,0,3.4285714285714284,4.428571428571429,1.0,1.0000000000000004
CSE2614242,2026-08-03 22:41:00+00:00,Medium,4,4,1,1,3,5,4,4,3,5,3,3,4,4,0,0,4,2,0,0,0,3.142857142857143,3.7142857142857144,0.8571428571428571,0.5714285714285716
CSE2614243,2026-08-03 22:42:00+00:00,High,3,1,1,4,3,5,1,4,4,5,4,4,4,4,1,3,4,0,1,0,3,2.5714285714285716,4.142857142857143,1.7142857142857142,1.5714285714285716
CSE2614244,2026-08-03 22:43:00+00:00,Medium,2,4,3,4,4,4,1,3,4,4,4,5,4,5,1,0,1,0,1,0,4,3.142857142857143,4.142857142857143,1.0,1.0000000000000004
CSE2614245,2026-08-03 22:44:00+00:00,Medium,3,2,5,4,3,3,3,4,4,4,3,4,5,5,1,2,0,0,1,2,2,3.2857142857142856,4.142857142857143,1.1428571428571428,0.8571428571428577
CSE2614246,2026-08-03 22:45:00+00:00,High,1,3,4,1,1,3,5,5,3,4,4,4,5,4,4,0,0,3,3,2,0,2.5714285714285716,4.142857142857143,1.7142857142857142,1.5714285714285716
CSE2614247,2026-08-03 22:46:00+00:00,Low,3,3,4,3,4,3,3,3,3,4,5,4,4,5,0,0,0,2,0,1,2,3.2857142857142856,4.0,0.7142857142857143,0.7142857142857144
CSE2614248,2026-08-03 22:47:00+00:00,Low,4,3,5,3,3,3,4,4,4,5,5,4,4,4,0,1,0,2,1,1,0,3.5714285714285716,4.285714285714286,0.7142857142857143,0.714285714285714
CSE2614249,2026-08-03 22:48:00+00:00,High,5,2,4,1,3,3,3,3,5,5,5,4,5,4,0,3,1,4,1,2,1,3.0,4.428571428571429,1.7142857142857142,1.4285714285714288
CSE2614250,2026-08-03 22:49:00+00:00,Low,4,3,4,2,4,3,4,3,4,4,3,4,4,4,0,1,0,1,0,1,0,3.4285714285714284,3.7142857142857144,0.42857142857142855,0.28571428571428603
CSE2614251,2026-08-03 22:50:00+00:00,Medium,2,4,4,3,3,1,4,5,5,4,4,4,3,5,3,1,0,1,1,2,1,3.0,4.285714285714286,1.2857142857142858,1.2857142857142856
CSE2614252,2026-08-03 22:51:00+00:00,Medium,3,3,3,5,1,3,4,4,5,4,4,4,5,5,1,2,1,0,3,2,1,3.142857142857143,4.428571428571429,1.4285714285714286,1.285714285714286
CSE2614253,2026-08-03 22:52:00+00:00,Medium,4,3,1,3,3,4,3,5,5,4,4,4,4,4,1,2,3,1,1,0,1,3.0,4.285714285714286,1.2857142857142858,1.2857142857142856
CSE2614254,2026-08-03 22:53:00+00:00,High,2,3,3,5,3,2,1,5,4,5,5,4,3,5,3,1,2,0,1,1,4,2.7142857142857144,4.428571428571429,1.7142857142857142,1.7142857142857144
CSE2614255,2026-08-03 22:54:00+00:00,Medium,3,1,3,4,4,2,5,4,3,4,5,4,4,5,1,2,1,1,0,2,0,3.142857142857143,4.142857142857143,1.0,1.0000000000000004
CSE2614256,2026-08-03 22:55:00+00:00,High,2,3,4,2,3,3,4,5,5,3,5,4,5,4,3,2,0,3,1,2,0,3.0,4.428571428571429,1.5714285714285714,1.4285714285714288
CSE2614257,2026-08-03 22:56:00+00:00,Medium,3,3,5,3,2,3,5,5,4,5,5,4,5,4,2,1,0,2,2,2,0,3.4285714285714284,4.571428571428571,1.2857142857142858,1.1428571428571428
CSE2614258,2026-08-03 22:57:00+00:00,Low,3,4,3,4,3,4,3,3,4,4,3,3,4,5,0,0,1,0,0,0,2,3.4285714285714284,3.7142857142857144,0.42857142857142855,0.28571428571428603
CSE2614259,2026-08-03 22:58:00+00:00,Medium,5,3,1,2,3,4,4,4,4,5,5,3,4,5,0,1,4,3,0,0,1,3.142857142857143,4.285714285714286,1.2857142857142858,1.1428571428571428
CSE2614260,2026-08-03 22:59:00+00:00,Medium,3,4,4,1,1,4,2,4,3,3,5,3,4,4,1,0,0,4,2,0,2,2.7142857142857144,3.7142857142857144,1.2857142857142858,1.0
CSE2614261,2026-08-03 23:00:00+00:00,Medium,3,3,3,5,2,4,2,5,4,4,4,5,4,5,2,1,1,0,3,0,3,3.142857142857143,4.428571428571429,1.4285714285714286,1.285714285714286
CSE2614262,2026-08-03 23:01:00+00:00,Low,5,4,3,3,4,5,3,4,4,4,3,3,5,4,0,0,1,0,0,0,1,3.857142857142857,3.857142857142857,0.2857142857142857,0.0
CSE2614263,2026-08-03 23:02:00+00:00,Medium,3,2,3,4,2,4,4,4,5,5,4,5,4,4,1,3,2,0,3,0,0,3.142857142857143,4.428571428571429,1.2857142857142858,1.285714285714286
CSE2614264,2026-08-03 23:03:00+00:00,Medium,2,3,4,4,3,4,3,5,4,4,5,4,3,4,3,1,0,1,1,0,1,3.2857142857142856,4.142857142857143,1.0,0.8571428571428577
CSE2614265,2026-08-03 23:04:00+00:00,Low,4,2,4,3,3,4,4,4,3,5,4,3,4,5,0,1,1,1,0,0,1,3.4285714285714284,4.0,0.5714285714285714,0.5714285714285716
CSE2614266,2026-08-03 23:05:00+00:00,Medium,3,4,3,2,3,3,3,4,5,4,3,3,5,5,1,1,1,1,0,2,2,3.0,4.142857142857143,1.1428571428571428,1.1428571428571432
CSE2614267,2026-08-03 23:06:00+00:00,Medium,3,4,4,1,4,3,2,3,3,3,5,4,4,3,0,0,0,4,0,1,1,3.0,3.5714285714285716,0.8571428571428571,0.5714285714285716
CSE2614268,2026-08-03 23:07:00+00:00,Low,4,3,4,3,4,5,2,3,4,5,3,5,4,4,0,1,1,0,1,0,2,3.5714285714285716,4.0,0.7142857142857143,0.4285714285714284
CSE2614269,2026-08-03 23:08:00+00:00,Medium,3,2,4,3,3,2,3,5,4,4,4,5,4,4,2,2,0,1,2,2,1,2.857142857142857,4.285714285714286,1.4285714285714286,1.4285714285714284
CSE2614270,2026-08-03 23:09:00+00:00,Medium,3,2,4,3,5,5,3,5,5,3,5,4,4,5,2,3,0,2,0,0,2,3.5714285714285716,4.428571428571429,1.2857142857142858,0.8571428571428572
CSE2614271,2026-08-03 23:10:00+00:00,Medium,3,2,2,3,3,4,2,5,4,3,5,3,4,4,2,2,1,2,0,0,2,2.7142857142857144,4.0,1.2857142857142858,1.2857142857142856
CSE2614272,2026-08-03 23:11:00+00:00,Medium,4,4,5,1,4,3,2,5,4,4,5,3,5,4,1,0,0,4,0,2,2,3.2857142857142856,4.285714285714286,1.2857142857142858,1.0
CSE2614273,2026-08-03 23:12:00+00:00,Medium,3,4,3,1,4,1,4,4,4,3,4,5,4,5,1,0,0,3,1,3,1,2.857142857142857,4.142857142857143,1.2857142857142858,1.285714285714286
CSE2614274,2026-08-03 23:13:00+00:00,High,1,2,4,2,4,3,4,4,4,5,4,5,4,5,3,2,1,2,1,1,1,2.857142857142857,4.428571428571429,1.5714285714285714,1.5714285714285716
CSE2614275,2026-08-03 23:14:00+00:00,Medium,3,2,4,3,5,3,3,4,4,4,4,5,5,4,1,2,0,1,0,2,1,3.2857142857142856,4.285714285714286,1.0,1.0
CSE2614276,2026-08-03 23:15:00+00:00,High,4,1,3,3,3,2,4,4,4,5,5,5,4,4,0,3,2,2,2,2,0,2.857142857142857,4.428571428571429,1.5714285714285714,1.5714285714285716
CSE2614277,2026-08-03 23:16:00+00:00,Medium,3,3,2,4,4,5,4,5,4,5,3,4,3,5,2,1,3,0,0,0,1,3.5714285714285716,4.142857142857143,1.0,0.5714285714285716
CSE2614278,2026-08-03 23:17:00+00:00,Medium,5,2,4,1,3,3,3,3,4,5,3,5,5,4,0,2,1,2,2,2,1,3.0,4.142857142857143,1.4285714285714286,1.1428571428571432
CSE2614279,2026-08-03 23:18:00+00:00,Medium,4,4,2,4,2,2,3,5,3,5,4,3,4,5,1,0,3,0,1,2,2,3.0,4.142857142857143,1.2857142857142858,1.1428571428571432
CSE2614280,2026-08-03 23:19:00+00:00,Medium,2,3,4,3,2,4,3,4,4,4,4,4,5,4,2,1,0,1,2,1,1,3.0,4.142857142857143,1.1428571428571428,1.1428571428571432
CSE2614281,2026-08-03 23:20:00+00:00,Medium,4,2,2,4,3,3,4,3,4,3,4,5,4,5,0,2,1,0,2,1,1,3.142857142857143,4.0,1.0,0.8571428571428572
CSE2614282,2026-08-03 23:21:00+00:00,High,3,4,2,2,1,5,2,4,4,4,4,5,4,4,1,0,2,2,4,0,2,2.7142857142857144,4.142857142857143,1.5714285714285714,1.4285714285714288
CSE2614283,2026-08-03 23:22:00+00:00,Medium,1,3,4,4,4,3,1,4,4,3,5,5,4,4,3,1,0,1,1,1,3,2.857142857142857,4.142857142857143,1.4285714285714286,1.285714285714286
CSE2614284,2026-08-03 23:23:00+00:00,Low,3,5,4,5,1,4,4,4,4,4,4,4,4,4,1,0,0,0,3,0,0,3.7142857142857144,4.0,0.5714285714285714,0.2857142857142856
CSE2614285,2026-08-03 23:24:00+00:00,Medium,2,3,2,3,4,3,4,3,4,5,4,5,3,5,1,1,3,1,1,0,1,3.0,4.142857142857143,1.1428571428571428,1.1428571428571432
CSE2614286,2026-08-03 23:25:00+00:00,Medium,5,2,3,4,2,1,3,4,5,4,4,4,4,4,0,3,1,0,2,3,1,2.857142857142857,4.142857142857143,1.4285714285714286,1.285714285714286
CSE2614287,2026-08-03 23:26:00+00:00,Medium,4,3,4,4,4,2,3,3,5,4,4,4,5,5,0,2,0,0,0,3,2,3.4285714285714284,4.285714285714286,1.0,0.8571428571428572
CSE2614288,2026-08-03 23:27:00+00:00,High,2,3,3,3,3,3,2,5,4,4,4,5,5,4,3,1,1,1,2,2,2,2.7142857142857144,4.428571428571429,1.7142857142857142,1.7142857142857144
CSE2614289,2026-08-03 23:28:00+00:00,Low,3,4,2,4,2,5,4,3,4,5,4,3,5,4,0,0,3,0,1,0,0,3.4285714285714284,4.0,0.5714285714285714,0.5714285714285716
CSE2614290,2026-08-03 23:29:00+00:00,Low,4,3,3,4,3,4,5,4,4,4,4,5,5,4,0,1,1,0,2,1,0,3.7142857142857144,4.285714285714286,0.7142857142857143,0.5714285714285712
CSE2614291,2026-08-03 23:30:00+00:00,Medium,4,3,1,4,3,4,5,4,5,4,4,5,4,4,0,2,3,0,2,0,0,3.4285714285714284,4.285714285714286,1.0,0.8571428571428572
CSE2614292,2026-08-03 23:31:00+00:00,Medium,2,4,1,4,4,4,4,4,4,5,4,4,4,5,2,0,4,0,0,0,1,3.2857142857142856,4.285714285714286,1.0,1.0
CSE2614293,2026-08-03 23:32:00+00:00,Medium,1,4,3,2,3,3,4,5,4,5,4,3,5,4,4,0,2,2,0,2,0,2.857142857142857,4.285714285714286,1.4285714285714286,1.4285714285714284
CSE2614294,2026-08-03 23:33:00+00:00,Medium,4,2,3,4,1,4,5,4,5,5,3,3,5,3,0,3,2,0,2,1,0,3.2857142857142856,4.0,1.1428571428571428,0.7142857142857144
CSE2614295,2026-08-03 23:34:00+00:00,Medium,4,3,3,4,5,4,3,4,5,4,5,4,3,5,0,2,1,1,0,0,2,3.7142857142857144,4.285714285714286,0.8571428571428571,0.5714285714285712
CSE2614296,2026-08-03 23:35:00+00:00,Medium,4,4,3,3,2,3,4,5,4,5,5,5,4,4,1,0,2,2,3,1,0,3.2857142857142856,4.571428571428571,1.2857142857142858,1.2857142857142856
CSE2614297,2026-08-03 23:36:00+00:00,Medium,3,3,5,4,3,4,2,4,3,5,4,4,5,5,1,0,0,0,1,1,3,3.4285714285714284,4.285714285714286,0.8571428571428571,0.8571428571428572
CSE2614298,2026-08-03 23:37:00+00:00,Medium,3,3,3,2,4,4,2,4,5,5,4,4,4,3,1,2,2,2,0,0,1,3.0,4.142857142857143,1.1428571428571428,1.1428571428571432
CSE2614299,2026-08-03 23:38:00+00:00,Medium,3,4,4,5,4,3,2,5,4,4,5,4,5,4,2,0,0,0,0,2,2,3.5714285714285716,4.428571428571429,0.8571428571428571,0.8571428571428572
CSE2614300,2026-08-03 23:39:00+00:00,Medium,1,2,4,3,5,4,1,4,4,4,5,4,4,4,3,2,0,2,0,0,3,2.857142857142857,4.142857142857143,1.4285714285714286,1.285714285714286
CSE2614301,2026-08-03 23:40:00+00:00,Low,4,3,5,4,4,2,2,4,4,5,4,4,4,4,0,1,0,0,0,2,2,3.4285714285714284,4.142857142857143,0.7142857142857143,0.7142857142857149
CSE2614302,2026-08-03 23:41:00+00:00,Medium,3,3,3,5,2,4,4,4,5,5,4,3,4,4,1,2,2,0,1,0,0,3.4285714285714284,4.142857142857143,0.8571428571428571,0.7142857142857149
CSE2614303,2026-08-03 23:42:00+00:00,Medium,3,2,4,3,4,4,3,4,4,5,4,5,4,4,1,2,1,1,1,0,1,3.2857142857142856,4.285714285714286,1.0,1.0
CSE2614304,2026-08-03 23:43:00+00:00,Medium,4,3,3,3,3,3,3,5,5,5,3,5,5,4,1,2,2,0,2,2,1,3.142857142857143,4.571428571428571,1.4285714285714286,1.4285714285714284
CSE2614305,2026-08-03 23:44:00+00:00,Medium,4,3,3,1,4,4,4,4,4,4,4,5,4,5,0,1,1,3,1,0,1,3.2857142857142856,4.285714285714286,1.0,1.0
CSE2614306,2026-08-03 23:45:00+00:00,Medium,4,2,3,4,4,1,4,5,4,3,5,5,4,5,1,2,0,1,1,3,1,3.142857142857143,4.428571428571429,1.2857142857142858,1.285714285714286
CSE2614307,2026-08-03 23:46:00+00:00,Medium,3,5,3,1,3,1,3,4,4,5,4,4,4,3,1,0,2,3,1,3,0,2.7142857142857144,4.0,1.4285714285714286,1.2857142857142856
CSE2614308,2026-08-03 23:47:00+00:00,Medium,1,1,4,3,4,4,4,4,4,5,4,3,4,4,3,3,1,1,0,0,0,3.0,4.0,1.1428571428571428,1.0
CSE2614309,2026-08-03 23:48:00+00:00,Medium,3,3,3,5,2,4,3,5,4,4,4,4,3,4,2,1,1,0,2,0,1,3.2857142857142856,4.0,1.0,0.7142857142857144
CSE2614310,2026-08-03 23:49:00+00:00,Medium,4,4,2,3,2,4,3,3,5,4,4,4,4,3,0,1,2,1,2,0,0,3.142857142857143,3.857142857142857,0.8571428571428571,0.7142857142857144
CSE2614311,2026-08-03 23:50:00+00:00,Medium,1,2,4,4,3,4,3,4,4,5,4,5,4,4,3,2,1,0,2,0,1,3.0,4.285714285714286,1.2857142857142858,1.2857142857142856
CSE2614312,2026-08-03 23:51:00+00:00,Medium,4,2,4,3,4,2,4,5,4,4,4,4,4,4,1,2,0,1,0,2,0,3.2857142857142856,4.142857142857143,0.8571428571428571,0.8571428571428577
CSE2614313,2026-08-03 23:52:00+00:00,High,5,2,1,4,2,1,3,3,4,5,4,4,4,4,0,2,4,0,2,3,1,2.5714285714285716,4.0,1.7142857142857142,1.4285714285714284
CSE2614314,2026-08-03 23:53:00+00:00,Low,4,5,3,5,4,2,5,3,4,3,5,5,4,3,0,0,0,0,1,2,0,4.0,3.857142857142857,0.42857142857142855,-0.1428571428571428
CSE2614315,2026-08-03 23:54:00+00:00,Low,4,5,3,2,3,4,3,3,4,4,3,5,4,4,0,0,1,1,2,0,1,3.4285714285714284,3.857142857142857,0.7142857142857143,0.4285714285714288
CSE2614316,2026-08-03 23:55:00+00:00,High,5,1,3,4,4,2,2,5,5,5,4,3,5,5,0,4,2,0,0,3,3,3.0,4.571428571428571,1.7142857142857142,1.5714285714285712
CSE2614317,2026-08-03 23:56:00+00:00,Medium,3,3,4,4,2,4,3,3,5,4,4,5,4,4,0,2,0,0,3,0,1,3.2857142857142856,4.142857142857143,0.8571428571428571,0.8571428571428577
CSE2614318,2026-08-03 23:57:00+00:00,Low,3,4,4,2,4,4,3,4,3,5,4,3,3,4,1,0,1,2,0,0,1,3.4285714285714284,3.7142857142857144,0.7142857142857143,0.28571428571428603
CSE2614319,2026-08-03 23:58:00+00:00,Medium,2,3,3,4,2,4,4,5,4,5,3,3,3,4,3,1,2,0,1,0,0,3.142857142857143,3.857142857142857,1.0,0.7142857142857144
CSE2614320,2026-08-03 23:59:00+00:00,Medium,2,3,3,3,3,2,4,4,4,4,4,5,4,3,2,1,1,1,2,2,0,2.857142857142857,4.0,1.2857142857142858,1.1428571428571428
CSE2614321,2026-08-04 00:00:00+00:00,Medium,4,3,3,3,5,4,3,4,5,4,4,4,4,5,0,2,1,1,0,0,2,3.5714285714285716,4.285714285714286,0.8571428571428571,0.714285714285714
CSE2614322,2026-08-04 00:01:00+00:00,Medium,3,3,2,3,3,3,3,3,4,5,5,5,4,3,0,1,3,2,2,1,0,2.857142857142857,4.142857142857143,1.2857142857142858,1.285714285714286
CSE2614323,2026-08-04 00:02:00+00:00,Medium,3,3,4,3,3,4,3,4,4,4,4,5,4,4,1,1,0,1,2,0,1,3.2857142857142856,4.142857142857143,0.8571428571428571,0.8571428571428577
CSE2614324,2026-08-04 00:03:00+00:00,High,4,2,5,4,1,3,1,4,4,4,5,5,5,4,0,2,0,1,4,2,3,2.857142857142857,4.428571428571429,1.7142857142857142,1.5714285714285716
CSE2614325,2026-08-04 00:04:00+00:00,Medium,1,4,3,4,2,3,3,4,5,4,4,4,4,5,3,1,1,0,2,1,2,2.857142857142857,4.285714285714286,1.4285714285714286,1.4285714285714284
CSE2614326,2026-08-04 00:05:00+00:00,Medium,3,4,2,4,4,4,1,4,4,5,4,5,4,4,1,0,3,0,1,0,3,3.142857142857143,4.285714285714286,1.1428571428571428,1.1428571428571428
CSE2614327,2026-08-04 00:06:00+00:00,Medium,3,3,3,3,4,4,4,4,5,4,5,4,5,5,1,2,1,2,0,1,1,3.4285714285714284,4.571428571428571,1.1428571428571428,1.1428571428571428
CSE2614328,2026-08-04 00:07:00+00:00,Medium,2,2,1,4,3,4,4,4,4,5,4,4,4,4,2,2,4,0,1,0,0,2.857142857142857,4.142857142857143,1.2857142857142858,1.285714285714286
CSE2614329,2026-08-04 00:08:00+00:00,Medium,4,2,4,4,4,5,2,4,4,5,5,5,5,3,0,2,1,1,1,0,1,3.5714285714285716,4.428571428571429,0.8571428571428571,0.8571428571428572
CSE2614330,2026-08-04 00:09:00+00:00,Low,4,2,5,4,5,1,3,4,4,4,4,3,3,4,0,2,0,0,0,2,1,3.4285714285714284,3.7142857142857144,0.7142857142857143,0.28571428571428603
CSE2614331,2026-08-04 00:10:00+00:00,Medium,4,2,3,3,4,3,4,4,5,4,4,5,4,4,0,3,1,1,1,1,0,3.2857142857142856,4.285714285714286,1.0,1.0
CSE2614332,2026-08-04 00:11:00+00:00,Medium,2,2,3,4,3,2,3,4,4,4,4,3,4,3,2,2,1,0,0,2,0,2.7142857142857144,3.7142857142857144,1.0,1.0
CSE2614333,2026-08-04 00:12:00+00:00,Medium,4,5,2,4,5,2,3,4,4,4,3,4,4,5,0,0,2,0,0,2,2,3.5714285714285716,4.0,0.8571428571428571,0.4285714285714284
CSE2614334,2026-08-04 00:13:00+00:00,Medium,3,3,3,2,3,3,2,4,5,4,4,4,4,4,1,2,1,2,1,1,2,2.7142857142857144,4.142857142857143,1.4285714285714286,1.4285714285714288
CSE2614335,2026-08-04 00:14:00+00:00,High,2,3,1,3,3,4,1,5,3,4,4,4,4,5,3,0,3,1,1,0,4,2.4285714285714284,4.142857142857143,1.7142857142857142,1.7142857142857149
CSE2614336,2026-08-04 00:15:00+00:00,Medium,3,3,3,3,4,4,3,4,5,5,5,4,5,4,1,2,2,2,0,1,1,3.2857142857142856,4.571428571428571,1.2857142857142858,1.2857142857142856
CSE2614337,2026-08-04 00:16:00+00:00,Low,4,5,5,4,3,3,5,4,4,4,4,5,4,4,0,0,0,0,2,1,0,4.142857142857143,4.142857142857143,0.42857142857142855,0.0
CSE2614338,2026-08-04 00:17:00+00:00,Medium,3,3,3,4,2,3,4,5,4,4,5,4,5,5,2,1,1,1,2,2,1,3.142857142857143,4.571428571428571,1.4285714285714286,1.4285714285714284
CSE2614339,2026-08-04 00:18:00+00:00,High,3,2,2,1,2,4,2,5,5,4,5,5,4,4,2,3,2,4,3,0,2,2.2857142857142856,4.571428571428571,2.2857142857142856,2.2857142857142856
CSE2614340,2026-08-04 00:19:00+00:00,Medium,4,3,5,2,2,3,4,5,4,3,5,4,5,4,1,1,0,3,2,2,0,3.2857142857142856,4.285714285714286,1.2857142857142858,1.0
CSE2614341,2026-08-04 00:20:00+00:00,Low,4,3,5,3,3,4,4,4,4,4,4,3,4,4,0,1,0,1,0,0,0,3.7142857142857144,3.857142857142857,0.2857142857142857,0.1428571428571428
CSE2614342,2026-08-04 00:21:00+00:00,Low,3,4,4,3,4,3,4,4,4,4,4,5,4,5,1,0,0,1,1,1,1,3.5714285714285716,4.285714285714286,0.7142857142857143,0.714285714285714
CSE2614343,2026-08-04 00:22:00+00:00,High,3,3,2,1,4,3,2,4,4,5,3,5,5,3,1,1,3,2,1,2,1,2.5714285714285716,4.142857142857143,1.5714285714285714,1.5714285714285716
CSE2614344,2026-08-04 00:23:00+00:00,Low,3,5,2,5,2,4,5,4,5,3,4,4,4,4,1,0,1,0,2,0,0,3.7142857142857144,4.0,0.5714285714285714,0.2857142857142856
CSE2614345,2026-08-04 00:24:00+00:00,Medium,2,3,3,3,4,3,1,3,4,4,5,4,4,4,1,1,1,2,0,1,3,2.7142857142857144,4.0,1.2857142857142858,1.2857142857142856
CSE2614346,2026-08-04 00:25:00+00:00,Medium,4,2,5,2,4,3,3,4,5,4,5,3,4,4,0,3,0,3,0,1,1,3.2857142857142856,4.142857142857143,1.1428571428571428,0.8571428571428577
CSE2614347,2026-08-04 00:26:00+00:00,High,3,4,4,3,1,1,2,4,5,5,4,5,4,5,1,1,1,1,4,3,3,2.5714285714285716,4.571428571428571,2.0,1.9999999999999996
CSE2614348,2026-08-04 00:27:00+00:00,Low,4,2,5,3,4,2,4,4,4,4,4,4,4,4,0,2,0,1,0,2,0,3.4285714285714284,4.0,0.7142857142857143,0.5714285714285716
CSE2614349,2026-08-04 00:28:00+00:00,Medium,3,4,5,5,2,3,4,4,5,4,5,5,4,4,1,1,0,0,3,1,0,3.7142857142857144,4.428571428571429,0.8571428571428571,0.7142857142857144
CSE2614350,2026-08-04 00:29:00+00:00,High,2,2,4,4,2,1,2,5,4,5,3,4,4,3,3,2,1,0,2,3,1,2.4285714285714284,4.0,1.7142857142857142,1.5714285714285716
CSE2614351,2026-08-04 00:30:00+00:00,Medium,2,2,1,2,5,3,5,3,4,4,5,4,4,5,1,2,3,3,0,1,0,2.857142857142857,4.142857142857143,1.4285714285714286,1.285714285714286
CSE2614352,2026-08-04 00:31:00+00:00,High,3,3,1,3,2,5,3,5,4,5,4,4,4,4,2,1,4,1,2,0,1,2.857142857142857,4.285714285714286,1.5714285714285714,1.4285714285714284
CSE2614353,2026-08-04 00:32:00+00:00,Medium,4,1,3,4,3,5,3,5,4,5,5,4,4,5,1,3,2,1,1,0,2,3.2857142857142856,4.571428571428571,1.4285714285714286,1.2857142857142856
CSE2614354,2026-08-04 00:33:00+00:00,Medium,5,3,3,4,3,3,2,4,5,4,4,3,5,4,0,2,1,0,0,2,2,3.2857142857142856,4.142857142857143,1.0,0.8571428571428577
CSE2614355,2026-08-04 00:34:00+00:00,Medium,2,2,4,5,4,4,3,4,4,5,4,3,4,4,2,2,1,0,0,0,1,3.4285714285714284,4.0,0.8571428571428571,0.5714285714285716
CSE2614356,2026-08-04 00:35:00+00:00,Medium,2,2,5,2,3,4,4,4,5,5,5,4,4,3,2,3,0,3,1,0,0,3.142857142857143,4.285714285714286,1.2857142857142858,1.1428571428571428
CSE2614357,2026-08-04 00:36:00+00:00,Medium,3,3,2,5,4,3,2,4,5,3,3,4,4,4,1,2,1,0,0,1,2,3.142857142857143,3.857142857142857,1.0,0.7142857142857144
CSE2614358,2026-08-04 00:37:00+00:00,Medium,2,4,3,3,3,3,3,3,5,4,5,5,5,4,1,1,1,2,2,2,1,3.0,4.428571428571429,1.4285714285714286,1.4285714285714288
CSE2614359,2026-08-04 00:38:00+00:00,Medium,2,4,3,4,3,3,4,5,4,4,4,5,5,4,3,0,1,0,2,2,0,3.2857142857142856,4.428571428571429,1.1428571428571428,1.1428571428571432
CSE2614360,2026-08-04 00:39:00+00:00,High,4,2,2,1,3,3,1,4,4,4,5,5,5,4,0,2,2,4,2,2,3,2.2857142857142856,4.428571428571429,2.142857142857143,2.1428571428571432
CSE2614361,2026-08-04 00:40:00+00:00,Medium,4,4,3,5,3,3,3,5,4,4,4,5,4,4,1,0,1,0,2,1,1,3.5714285714285716,4.285714285714286,0.8571428571428571,0.714285714285714
CSE2614362,2026-08-04 00:41:00+00:00,Medium,3,1,4,3,2,4,4,4,4,5,4,5,3,3,1,3,1,1,3,0,0,3.0,4.0,1.2857142857142858,1.0
CSE2614363,2026-08-04 00:42:00+00:00,Low,3,3,4,4,4,3,4,4,4,3,5,4,4,4,1,1,0,1,0,1,0,3.5714285714285716,4.0,0.5714285714285714,0.4285714285714284
CSE2614364,2026-08-04 00:43:00+00:00,Low,2,5,4,5,5,3,4,3,5,5,4,5,5,4,1,0,1,0,0,2,0,4.0,4.428571428571429,0.5714285714285714,0.4285714285714288
CSE2614365,2026-08-04 00:44:00+00:00,Medium,3,4,1,4,5,5,2,3,5,5,3,5,4,5,0,1,4,0,0,0,3,3.4285714285714284,4.285714285714286,1.1428571428571428,0.8571428571428572
CSE2614366,2026-08-04 00:45:00+00:00,Low,3,3,4,3,3,3,3,5,4,4,4,3,4,3,2,1,0,1,0,1,0,3.142857142857143,3.857142857142857,0.7142857142857143,0.7142857142857144
CSE2614367,2026-08-04 00:46:00+00:00,Medium,4,3,4,3,4,3,1,4,4,5,4,4,4,4,0,1,1,1,0,1,3,3.142857142857143,4.142857142857143,1.0,1.0000000000000004
CSE2614368,2026-08-04 00:47:00+00:00,Medium,3,5,1,2,4,3,5,5,4,3,4,3,4,4,2,0,2,2,0,1,0,3.2857142857142856,3.857142857142857,1.0,0.5714285714285716
CSE2614369,2026-08-04 00:48:00+00:00,Medium,1,3,3,3,4,4,2,5,3,4,5,4,5,4,4,0,1,2,0,1,2,2.857142857142857,4.285714285714286,1.4285714285714286,1.4285714285714284
CSE2614370,2026-08-04 00:49:00+00:00,Medium,2,3,3,3,3,4,4,3,5,4,4,5,4,4,1,2,1,1,2,0,0,3.142857142857143,4.142857142857143,1.0,1.0000000000000004
CSE2614371,2026-08-04 00:50:00+00:00,Low,5,2,3,4,3,4,4,5,4,4,4,4,4,5,0,2,1,0,1,0,1,3.5714285714285716,4.285714285714286,0.7142857142857143,0.714285714285714
CSE2614372,2026-08-04 00:51:00+00:00,Medium,4,3,3,3,3,3,2,4,4,5,4,4,3,4,0,1,2,1,1,0,2,3.0,4.0,1.0,1.0
CSE2614373,2026-08-04 00:52:00+00:00,Low,4,3,3,3,5,4,4,4,4,4,4,4,4,4,0,1,1,1,0,0,0,3.7142857142857144,4.0,0.42857142857142855,0.2857142857142856
CSE2614374,2026-08-04 00:53:00+00:00,Medium,3,4,3,4,3,4,3,5,5,4,4,4,5,4,2,1,1,0,1,1,1,3.4285714285714284,4.428571428571429,1.0,1.0000000000000004
CSE2614375,2026-08-04 00:54:00+00:00,Medium,3,4,4,2,3,4,5,5,4,3,5,4,4,5,2,0,0,3,1,0,0,3.5714285714285716,4.285714285714286,0.8571428571428571,0.714285714285714
CSE2614376,2026-08-04 00:55:00+00:00,Low,3,4,5,5,3,2,5,4,4,5,3,3,3,4,1,0,0,0,0,1,0,3.857142857142857,3.7142857142857144,0.2857142857142857,-0.1428571428571428
CSE2614377,2026-08-04 00:56:00+00:00,Medium,3,3,3,4,3,4,3,4,4,4,4,5,5,5,1,1,1,0,2,1,2,3.2857142857142856,4.428571428571429,1.1428571428571428,1.1428571428571432
CSE2614378,2026-08-04 00:57:00+00:00,Low,4,4,3,2,4,4,5,5,4,4,4,5,4,4,1,0,1,2,1,0,0,3.7142857142857144,4.285714285714286,0.7142857142857143,0.5714285714285712
CSE2614379,2026-08-04 00:58:00+00:00,Medium,3,3,3,5,3,2,1,4,4,4,4,4,4,5,1,1,1,0,1,2,4,2.857142857142857,4.142857142857143,1.4285714285714286,1.285714285714286
CSE2614380,2026-08-04 00:59:00+00:00,Medium,3,3,4,4,3,1,2,3,5,5,4,4,5,4,0,2,1,0,1,4,2,2.857142857142857,4.285714285714286,1.4285714285714286,1.4285714285714284
CSE2614381,2026-08-04 01:00:00+00:00,Medium,4,3,3,2,3,5,2,5,4,4,5,4,5,4,1,1,1,3,1,0,2,3.142857142857143,4.428571428571429,1.2857142857142858,1.285714285714286
CSE2614382,2026-08-04 01:01:00+00:00,Low,3,4,3,4,4,3,3,5,4,4,4,4,5,3,2,0,1,0,0,2,0,3.4285714285714284,4.142857142857143,0.7142857142857143,0.7142857142857149
CSE2614383,2026-08-04 01:02:00+00:00,Low,4,4,5,4,5,3,3,4,4,5,4,4,4,4,0,0,0,0,0,1,1,4.0,4.142857142857143,0.2857142857142857,0.14285714285714324
CSE2614384,2026-08-04 01:03:00+00:00,Medium,2,4,4,3,2,3,3,4,4,5,3,4,4,4,2,0,1,0,2,1,1,3.0,4.0,1.0,1.0
CSE2614385,2026-08-04 01:04:00+00:00,Low,4,4,2,3,3,3,5,4,4,4,5,4,3,4,0,0,2,2,1,0,0,3.4285714285714284,4.0,0.7142857142857143,0.5714285714285716
CSE2614386,2026-08-04 01:05:00+00:00,Medium,3,4,4,4,3,4,2,5,4,4,4,5,4,4,2,0,0,0,2,0,2,3.4285714285714284,4.285714285714286,0.8571428571428571,0.8571428571428572
CSE2614387,2026-08-04 01:06:00+00:00,Low,3,3,4,5,5,5,2,4,4,4,5,4,4,4,1,1,0,0,0,0,2,3.857142857142857,4.142857142857143,0.5714285714285714,0.28571428571428603
CSE2614388,2026-08-04 01:07:00+00:00,Medium,3,2,2,1,3,4,3,5,3,3,3,4,4,5,2,1,1,2,1,0,2,2.5714285714285716,3.857142857142857,1.2857142857142858,1.2857142857142856
CSE2614389,2026-08-04 01:08:00+00:00,Medium,2,3,3,4,4,3,5,4,5,4,4,3,5,4,2,2,1,0,0,2,0,3.4285714285714284,4.142857142857143,1.0,0.7142857142857149
CSE2614390,2026-08-04 01:09:00+00:00,Medium,4,1,4,3,4,4,3,5,4,3,4,4,4,4,1,3,0,1,0,0,1,3.2857142857142856,4.0,0.8571428571428571,0.7142857142857144
CSE2614391,2026-08-04 01:10:00+00:00,Low,4,4,4,2,3,4,3,4,5,4,4,5,4,3,0,1,0,2,2,0,0,3.4285714285714284,4.142857142857143,0.7142857142857143,0.7142857142857149
CSE2614392,2026-08-04 01:11:00+00:00,Medium,1,4,3,2,4,4,4,5,4,4,5,4,5,4,4,0,1,3,0,1,0,3.142857142857143,4.428571428571429,1.2857142857142858,1.285714285714286
CSE2614393,2026-08-04 01:12:00+00:00,Medium,4,2,4,3,2,3,4,5,4,4,5,5,4,5,1,2,0,2,3,1,1,3.142857142857143,4.571428571428571,1.4285714285714286,1.4285714285714284
CSE2614394,2026-08-04 01:13:00+00:00,Low,5,2,4,3,3,4,3,5,5,4,3,4,4,3,0,3,0,0,1,0,0,3.4285714285714284,4.0,0.5714285714285714,0.5714285714285716
CSE2614395,2026-08-04 01:14:00+00:00,Low,4,5,3,4,4,5,4,4,4,5,5,4,4,4,0,0,2,1,0,0,0,4.142857142857143,4.285714285714286,0.42857142857142855,0.14285714285714235
CSE2614396,2026-08-04 01:15:00+00:00,Low,3,5,4,4,4,4,1,4,5,4,3,5,4,4,1,0,0,0,1,0,3,3.5714285714285716,4.142857142857143,0.7142857142857143,0.5714285714285716
CSE2614397,2026-08-04 01:16:00+00:00,High,2,1,5,2,3,3,4,4,4,5,5,4,5,4,2,3,0,3,1,2,0,2.857142857142857,4.428571428571429,1.5714285714285714,1.5714285714285716
CSE2614398,2026-08-04 01:17:00+00:00,Medium,2,1,4,4,4,3,4,4,4,5,3,4,5,4,2,3,1,0,0,2,0,3.142857142857143,4.142857142857143,1.1428571428571428,1.0000000000000004
CSE2614399,2026-08-04 01:18:00+00:00,High,2,3,2,3,3,1,1,5,4,4,4,3,4,5,3,1,2,1,0,3,4,2.142857142857143,4.142857142857143,2.0,2.0000000000000004
CSE2614400,2026-08-04 01:19:00+00:00,Medium,3,1,3,4,3,3,5,3,4,4,5,4,4,5,0,3,1,1,1,1,0,3.142857142857143,4.142857142857143,1.0,1.0000000000000004
CSE2614401,2026-08-04 01:20:00+00:00,Medium,4,3,3,4,4,4,4,5,4,5,5,3,5,4,1,1,2,1,0,1,0,3.7142857142857144,4.428571428571429,0.8571428571428571,0.7142857142857144
CSE2614402,2026-08-04 01:21:00+00:00,Low,4,2,4,3,4,4,4,4,4,4,3,4,5,4,0,2,0,0,0,1,0,3.5714285714285716,4.0,0.42857142857142855,0.4285714285714284
CSE2614403,2026-08-04 01:22:00+00:00,Medium,2,4,2,4,3,3,5,4,5,5,3,5,5,5,2,1,3,0,2,2,0,3.2857142857142856,4.571428571428571,1.4285714285714286,1.2857142857142856
CSE2614404,2026-08-04 01:23:00+00:00,High,5,2,1,1,2,3,2,5,4,4,5,3,4,4,0,2,3,4,1,1,2,2.2857142857142856,4.142857142857143,1.8571428571428572,1.8571428571428577
CSE2614405,2026-08-04 01:24:00+00:00,Low,4,2,4,4,4,4,3,4,4,4,4,3,4,3,0,2,0,0,0,0,0,3.5714285714285716,3.7142857142857144,0.2857142857142857,0.1428571428571428
CSE2614406,2026-08-04 01:25:00+00:00,High,4,4,3,2,3,2,2,4,5,4,4,4,5,5,0,1,1,2,1,3,3,2.857142857142857,4.428571428571429,1.5714285714285714,1.5714285714285716
CSE2614407,2026-08-04 01:26:00+00:00,Medium,1,4,3,5,3,3,4,4,4,5,5,3,4,5,3,0,2,0,0,1,1,3.2857142857142856,4.285714285714286,1.0,1.0
CSE2614408,2026-08-04 01:27:00+00:00,Low,5,4,4,4,1,3,4,4,4,4,5,4,4,4,0,0,0,1,3,1,0,3.5714285714285716,4.142857142857143,0.7142857142857143,0.5714285714285716
CSE2614409,2026-08-04 01:28:00+00:00,Low,3,3,5,4,4,4,5,3,4,4,4,3,5,4,0,1,0,0,0,1,0,4.0,3.857142857142857,0.2857142857142857,-0.1428571428571428
CSE2614410,2026-08-04 01:29:00+00:00,High,1,2,3,4,3,1,2,4,4,4,5,4,5,3,3,2,1,1,1,4,1,2.2857142857142856,4.142857142857143,1.8571428571428572,1.8571428571428577
CSE2614411,2026-08-04 01:30:00+00:00,Medium,4,1,2,2,3,4,3,5,5,3,3,4,5,4,1,4,1,1,1,1,1,2.7142857142857144,4.142857142857143,1.4285714285714286,1.4285714285714288
CSE2614412,2026-08-04 01:31:00+00:00,Low,4,3,5,2,4,3,4,4,4,5,4,4,4,4,0,1,0,2,0,1,0,3.5714285714285716,4.142857142857143,0.5714285714285714,0.5714285714285716
CSE2614413,2026-08-04 01:32:00+00:00,Medium,4,3,3,4,4,3,3,4,5,5,5,4,5,5,0,2,2,1,0,2,2,3.4285714285714284,4.714285714285714,1.2857142857142858,1.285714285714286
CSE2614414,2026-08-04 01:33:00+00:00,High,3,2,3,3,1,3,1,4,5,4,5,5,3,5,1,3,1,2,4,0,4,2.2857142857142856,4.428571428571429,2.142857142857143,2.1428571428571432
CSE2614415,2026-08-04 01:34:00+00:00,Medium,3,2,3,1,3,1,4,3,4,4,3,4,4,5,0,2,1,2,1,3,1,2.4285714285714284,3.857142857142857,1.4285714285714286,1.4285714285714288
CSE2614416,2026-08-04 01:35:00+00:00,Medium,2,4,4,4,3,5,3,5,4,4,5,4,4,5,3,0,0,1,1,0,2,3.5714285714285716,4.428571428571429,1.0,0.8571428571428572
CSE2614417,2026-08-04 01:36:00+00:00,High,2,3,1,3,1,3,2,4,4,4,4,3,5,4,2,1,3,1,2,2,2,2.142857142857143,4.0,1.8571428571428572,1.8571428571428572
CSE2614418,2026-08-04 01:37:00+00:00,Medium,4,2,5,1,5,2,4,3,4,4,3,3,4,4,0,2,0,2,0,2,0,3.2857142857142856,3.5714285714285716,0.8571428571428571,0.28571428571428603
CSE2614419,2026-08-04 01:38:00+00:00,Medium,5,4,2,2,4,1,4,4,3,4,4,4,4,4,0,0,2,2,0,3,0,3.142857142857143,3.857142857142857,1.0,0.7142857142857144
CSE2614420,2026-08-04 01:39:00+00:00,Medium,3,5,4,3,2,3,5,5,5,4,5,4,4,4,2,0,0,2,2,1,0,3.5714285714285716,4.428571428571429,1.0,0.8571428571428572
CSE2614421,2026-08-04 01:40:00+00:00,Medium,4,4,2,3,3,3,3,5,5,4,3,5,4,3,1,1,2,0,2,1,0,3.142857142857143,4.142857142857143,1.0,1.0000000000000004
CSE2614422,2026-08-04 01:41:00+00:00,High,5,1,3,3,2,2,3,4,5,4,4,4,4,4,0,4,1,1,2,2,1,2.7142857142857144,4.142857142857143,1.5714285714285714,1.4285714285714288
CSE2614423,2026-08-04 01:42:00+00:00,Medium,3,4,5,3,1,1,3,4,4,4,4,4,5,4,1,0,0,1,3,4,1,2.857142857142857,4.142857142857143,1.4285714285714286,1.285714285714286
CSE2614424,2026-08-04 01:43:00+00:00,High,3,3,2,1,3,2,3,4,4,4,4,4,5,4,1,1,2,3,1,3,1,2.4285714285714284,4.142857142857143,1.7142857142857142,1.7142857142857149
CSE2614425,2026-08-04 01:44:00+00:00,High,3,3,3,3,2,2,3,5,4,5,3,5,3,5,2,1,2,0,3,1,2,2.7142857142857144,4.285714285714286,1.5714285714285714,1.5714285714285712
CSE2614426,2026-08-04 01:45:00+00:00,Medium,2,5,3,4,2,3,3,4,4,5,5,4,4,3,2,0,2,1,2,1,0,3.142857142857143,4.142857142857143,1.1428571428571428,1.0000000000000004
CSE2614427,2026-08-04 01:46:00+00:00,Medium,3,4,4,5,5,3,3,4,5,5,4,5,5,4,1,1,1,0,0,2,1,3.857142857142857,4.571428571428571,0.8571428571428571,0.714285714285714
CSE2614428,2026-08-04 01:47:00+00:00,Low,4,4,4,4,5,3,3,5,5,4,4,5,4,5,1,1,0,0,0,1,2,3.857142857142857,4.571428571428571,0.7142857142857143,0.714285714285714
CSE2614429,2026-08-04 01:48:00+00:00,Medium,4,3,3,3,5,2,3,3,4,5,4,5,3,4,0,1,2,1,0,1,1,3.2857142857142856,4.0,0.8571428571428571,0.7142857142857144
CSE2614430,2026-08-04 01:49:00+00:00,Low,2,4,2,4,3,3,4,3,3,4,3,4,4,4,1,0,2,0,1,1,0,3.142857142857143,3.5714285714285716,0.7142857142857143,0.4285714285714288
CSE2614431,2026-08-04 01:50:00+00:00,Medium,2,3,2,2,3,3,4,3,5,4,3,4,4,4,1,2,2,1,1,1,0,2.7142857142857144,3.857142857142857,1.1428571428571428,1.1428571428571428
CSE2614432,2026-08-04 01:51:00+00:00,Medium,3,5,4,5,3,3,3,5,5,3,3,4,5,5,2,0,0,0,1,2,2,3.7142857142857144,4.285714285714286,1.0,0.5714285714285712
CSE2614433,2026-08-04 01:52:00+00:00,High,3,2,1,3,3,2,4,4,5,4,5,4,4,5,1,3,3,2,1,2,1,2.5714285714285716,4.428571428571429,1.8571428571428572,1.8571428571428572
CSE2614434,2026-08-04 01:53:00+00:00,Medium,3,4,3,3,3,2,2,4,3,5,4,4,4,5,1,0,2,1,1,2,3,2.857142857142857,4.142857142857143,1.4285714285714286,1.285714285714286
CSE2614435,2026-08-04 01:54:00+00:00,Low,4,5,4,4,3,3,3,4,4,3,4,4,4,5,0,0,0,0,1,1,2,3.7142857142857144,4.0,0.5714285714285714,0.2857142857142856
CSE2614436,2026-08-04 01:55:00+00:00,Medium,2,5,4,4,2,2,3,4,5,4,3,4,5,4,2,0,0,0,2,3,1,3.142857142857143,4.142857142857143,1.1428571428571428,1.0000000000000004
CSE2614437,2026-08-04 01:56:00+00:00,High,2,2,4,3,2,3,1,4,4,4,3,5,4,4,2,2,0,0,3,1,3,2.4285714285714284,4.0,1.5714285714285714,1.5714285714285716
CSE2614438,2026-08-04 01:57:00+00:00,Medium,3,5,5,3,5,3,2,4,3,5,5,5,4,4,1,0,0,2,0,1,2,3.7142857142857144,4.285714285714286,0.8571428571428571,0.5714285714285712
CSE2614439,2026-08-04 01:58:00+00:00,High,2,2,2,3,2,4,2,4,4,5,4,3,3,5,2,2,3,1,1,0,3,2.4285714285714284,4.0,1.7142857142857142,1.5714285714285716
CSE2614440,2026-08-04 01:59:00+00:00,High,1,5,1,1,3,4,4,3,5,4,4,4,5,5,2,0,3,3,1,1,1,2.7142857142857144,4.285714285714286,1.5714285714285714,1.5714285714285712
CSE2614441,2026-08-04 02:00:00+00:00,High,3,2,4,1,2,2,1,4,4,3,5,4,3,4,1,2,0,4,2,1,3,2.142857142857143,3.857142857142857,1.8571428571428572,1.7142857142857144
CSE2614442,2026-08-04 02:01:00+00:00,High,5,2,2,3,2,1,4,3,5,5,4,4,4,4,0,3,3,1,2,3,0,2.7142857142857144,4.142857142857143,1.7142857142857142,1.4285714285714288
CSE2614443,2026-08-04 02:02:00+00:00,Medium,5,2,2,4,2,1,3,4,3,5,3,4,4,4,0,1,3,0,2,3,1,2.7142857142857144,3.857142857142857,1.4285714285714286,1.1428571428571428
CSE2614444,2026-08-04 02:03:00+00:00,High,4,4,1,3,3,1,3,4,5,4,4,4,4,5,0,1,3,1,1,3,2,2.7142857142857144,4.285714285714286,1.5714285714285714,1.5714285714285712
CSE2614445,2026-08-04 02:04:00+00:00,Medium,3,2,3,4,4,2,2,4,5,3,4,4,4,3,1,3,0,0,0,2,1,2.857142857142857,3.857142857142857,1.0,1.0
CSE2614446,2026-08-04 02:05:00+00:00,Medium,5,3,3,3,3,1,5,4,5,4,3,4,4,4,0,2,1,0,1,3,0,3.2857142857142856,4.0,1.0,0.7142857142857144
CSE2614447,2026-08-04 02:06:00+00:00,Medium,4,3,2,1,3,4,2,3,5,3,4,4,3,3,0,2,1,3,1,0,1,2.7142857142857144,3.5714285714285716,1.1428571428571428,0.8571428571428572
CSE2614448,2026-08-04 02:07:00+00:00,Medium,3,4,2,4,1,3,5,4,3,4,3,4,4,4,1,0,2,0,3,1,0,3.142857142857143,3.7142857142857144,1.0,0.5714285714285716
CSE2614449,2026-08-04 02:08:00+00:00,Medium,4,2,4,3,1,3,2,4,3,5,4,3,4,4,0,1,1,1,2,1,2,2.7142857142857144,3.857142857142857,1.1428571428571428,1.1428571428571428
CSE2614450,2026-08-04 02:09:00+00:00,Medium,4,3,5,3,3,3,3,5,3,4,5,5,3,4,1,0,0,2,2,0,1,3.4285714285714284,4.142857142857143,0.8571428571428571,0.7142857142857149
CSE2614451,2026-08-04 02:10:00+00:00,Low,4,4,3,3,3,4,4,4,4,4,4,4,3,4,0,0,1,1,1,0,0,3.5714285714285716,3.857142857142857,0.42857142857142855,0.2857142857142856
CSE2614452,2026-08-04 02:11:00+00:00,High,3,4,2,2,3,3,3,4,5,4,5,5,4,4,1,1,2,3,2,1,1,2.857142857142857,4.428571428571429,1.5714285714285714,1.5714285714285716
CSE2614453,2026-08-04 02:12:00+00:00,Medium,3,3,3,3,3,4,4,3,5,5,5,5,3,5,0,2,2,2,2,0,1,3.2857142857142856,4.428571428571429,1.2857142857142858,1.1428571428571432
CSE2614454,2026-08-04 02:13:00+00:00,Medium,4,3,1,3,4,1,5,3,3,5,4,5,4,4,0,0,4,1,1,3,0,3.0,4.0,1.2857142857142858,1.0
CSE2614455,2026-08-04 02:14:00+00:00,High,2,4,3,3,1,2,3,5,5,5,3,4,4,4,3,1,2,0,3,2,1,2.5714285714285716,4.285714285714286,1.7142857142857142,1.714285714285714
CSE2614456,2026-08-04 02:15:00+00:00,High,4,3,3,3,1,3,3,5,4,4,4,5,5,4,1,1,1,1,4,2,1,2.857142857142857,4.428571428571429,1.5714285714285714,1.5714285714285716
CSE2614457,2026-08-04 02:16:00+00:00,Medium,5,4,2,4,2,3,2,3,4,5,3,4,5,4,0,0,3,0,2,2,2,3.142857142857143,4.0,1.2857142857142858,0.8571428571428572
CSE2614458,2026-08-04 02:17:00+00:00,Medium,3,4,2,2,3,2,4,4,3,5,4,4,5,4,1,0,3,2,1,3,0,2.857142857142857,4.142857142857143,1.4285714285714286,1.285714285714286
CSE2614459,2026-08-04 02:18:00+00:00,Medium,2,3,4,3,3,3,4,4,4,5,5,4,4,4,2,1,1,2,1,1,0,3.142857142857143,4.285714285714286,1.1428571428571428,1.1428571428571428
CSE2614460,2026-08-04 02:19:00+00:00,Medium,3,3,3,4,3,3,3,3,5,5,4,5,5,5,0,2,2,0,2,2,2,3.142857142857143,4.571428571428571,1.4285714285714286,1.4285714285714284
CSE2614461,2026-08-04 02:20:00+00:00,Medium,3,2,3,5,3,3,5,5,4,3,5,5,4,4,2,2,0,0,2,1,0,3.4285714285714284,4.285714285714286,1.0,0.8571428571428572
CSE2614462,2026-08-04 02:21:00+00:00,Medium,3,2,4,3,3,4,5,4,4,4,4,5,5,4,1,2,0,1,2,1,0,3.4285714285714284,4.285714285714286,1.0,0.8571428571428572
CSE2614463,2026-08-04 02:22:00+00:00,Low,2,4,4,4,3,4,4,4,4,3,5,4,4,4,2,0,0,1,1,0,0,3.5714285714285716,4.0,0.5714285714285714,0.4285714285714284
CSE2614464,2026-08-04 02:23:00+00:00,Medium,3,1,4,4,1,3,3,5,3,4,3,4,5,4,2,2,0,0,3,2,1,2.7142857142857144,4.0,1.4285714285714286,1.2857142857142856
CSE2614465,2026-08-04 02:24:00+00:00,Medium,1,3,2,3,3,4,5,4,5,5,4,3,4,4,3,2,3,1,0,0,0,3.0,4.142857142857143,1.2857142857142858,1.1428571428571432
CSE2614466,2026-08-04 02:25:00+00:00,High,3,1,3,3,3,3,3,5,5,4,4,5,5,5,2,4,1,1,2,2,2,2.7142857142857144,4.714285714285714,2.0,2.0
CSE2614467,2026-08-04 02:26:00+00:00,Medium,4,4,4,3,4,2,3,4,5,3,4,4,4,5,0,1,0,1,0,2,2,3.4285714285714284,4.142857142857143,0.8571428571428571,0.7142857142857149
CSE2614468,2026-08-04 02:27:00+00:00,Medium,2,4,4,4,3,3,4,4,5,4,5,3,4,5,2,1,0,1,0,1,1,3.4285714285714284,4.285714285714286,0.8571428571428571,0.8571428571428572
CSE2614469,2026-08-04 02:28:00+00:00,Medium,3,4,3,2,3,2,2,3,4,4,3,4,4,5,0,0,1,1,1,2,3,2.7142857142857144,3.857142857142857,1.1428571428571428,1.1428571428571428
CSE2614470,2026-08-04 02:29:00+00:00,High,3,2,3,4,3,3,2,4,5,5,5,5,5,4,1,3,2,1,2,2,2,2.857142857142857,4.714285714285714,1.8571428571428572,1.8571428571428572
CSE2614471,2026-08-04 02:30:00+00:00,Medium,3,3,4,2,1,3,4,3,3,5,4,4,5,4,0,0,1,2,3,2,0,2.857142857142857,4.0,1.1428571428571428,1.1428571428571428
CSE2614472,2026-08-04 02:31:00+00:00,Low,4,3,2,5,4,4,3,5,4,4,3,4,3,4,1,1,2,0,0,0,1,3.5714285714285716,3.857142857142857,0.7142857142857143,0.2857142857142856
CSE2614473,2026-08-04 02:32:00+00:00,Medium,5,2,4,2,4,4,2,5,5,5,4,3,4,4,0,3,1,2,0,0,2,3.2857142857142856,4.285714285714286,1.1428571428571428,1.0
CSE2614474,2026-08-04 02:33:00+00:00,Medium,5,4,3,2,3,4,3,4,4,4,5,5,4,5,0,0,1,3,2,0,2,3.4285714285714284,4.428571428571429,1.1428571428571428,1.0000000000000004
CSE2614475,2026-08-04 02:34:00+00:00,High,5,2,3,2,4,1,3,4,5,5,4,3,4,5,0,3,2,2,0,3,2,2.857142857142857,4.285714285714286,1.7142857142857142,1.4285714285714284
CSE2614476,2026-08-04 02:35:00+00:00,Medium,3,4,2,3,3,4,3,5,5,5,4,4,4,5,2,1,3,1,1,0,2,3.142857142857143,4.571428571428571,1.4285714285714286,1.4285714285714284
CSE2614477,2026-08-04 02:36:00+00:00,Medium,4,3,4,3,2,5,3,3,4,3,5,4,4,5,0,1,0,2,2,0,2,3.4285714285714284,4.0,1.0,0.5714285714285716
CSE2614478,2026-08-04 02:37:00+00:00,High,5,4,3,4,1,1,3,4,4,4,4,5,5,5,0,0,1,0,4,4,2,3.0,4.428571428571429,1.5714285714285714,1.4285714285714288
CSE2614479,2026-08-04 02:38:00+00:00,High,1,2,2,4,3,3,1,4,4,3,5,4,5,5,3,2,1,1,1,2,4,2.2857142857142856,4.285714285714286,2.0,2.0
CSE2614480,2026-08-04 02:39:00+00:00,High,2,5,3,1,3,3,2,5,4,5,5,5,5,4,3,0,2,4,2,2,2,2.7142857142857144,4.714285714285714,2.142857142857143,2.0
CSE2614481,2026-08-04 02:40:00+00:00,Low,3,4,4,4,3,3,4,5,4,3,4,4,4,5,2,0,0,0,1,1,1,3.5714285714285716,4.142857142857143,0.7142857142857143,0.5714285714285716
CSE2614482,2026-08-04 02:41:00+00:00,Medium,3,4,5,4,3,1,2,4,3,5,4,5,4,5,1,0,0,0,2,3,3,3.142857142857143,4.285714285714286,1.2857142857142858,1.1428571428571428
CSE2614483,2026-08-04 02:42:00+00:00,Medium,2,3,4,5,3,1,3,3,4,4,4,5,4,4,1,1,0,0,2,3,1,3.0,4.0,1.1428571428571428,1.0
CSE2614484,2026-08-04 02:43:00+00:00,High,1,2,2,4,2,3,1,5,5,5,4,4,4,4,4,3,3,0,2,1,3,2.142857142857143,4.428571428571429,2.2857142857142856,2.285714285714286
CSE2614485,2026-08-04 02:44:00+00:00,High,4,4,5,2,1,3,3,4,5,5,5,5,5,4,0,1,0,3,4,2,1,3.142857142857143,4.714285714285714,1.5714285714285714,1.5714285714285716
CSE2614486,2026-08-04 02:45:00+00:00,Medium,2,5,5,4,5,2,5,5,3,5,4,4,5,4,3,0,0,0,0,3,0,4.0,4.285714285714286,0.8571428571428571,0.2857142857142856
CSE2614487,2026-08-04 02:46:00+00:00,Medium,3,4,2,2,4,3,3,4,4,4,4,4,3,5,1,0,2,2,0,0,2,3.0,4.0,1.0,1.0
CSE2614488,2026-08-04 02:47:00+00:00,Medium,2,1,4,3,4,4,3,4,5,4,4,4,5,5,2,4,0,1,0,1,2,3.0,4.428571428571429,1.4285714285714286,1.4285714285714288
CSE2614489,2026-08-04 02:48:00+00:00,High,1,3,4,1,3,1,3,4,3,5,4,3,5,3,3,0,1,3,0,4,0,2.2857142857142856,3.857142857142857,1.5714285714285714,1.5714285714285716
CSE2614490,2026-08-04 02:49:00+00:00,Low,4,5,4,3,4,2,4,4,3,5,4,4,4,4,0,0,1,1,0,2,0,3.7142857142857144,4.0,0.5714285714285714,0.2857142857142856
CSE2614491,2026-08-04 02:50:00+00:00,Medium,1,3,4,3,2,3,3,3,4,4,5,5,4,4,2,1,0,2,3,1,1,2.7142857142857144,4.142857142857143,1.4285714285714286,1.4285714285714288
CSE2614492,2026-08-04 02:51:00+00:00,Medium,3,5,3,1,3,3,4,4,4,5,4,4,5,4,1,0,2,3,1,2,0,3.142857142857143,4.285714285714286,1.2857142857142858,1.1428571428571428
CSE2614493,2026-08-04 02:52:00+00:00,Medium,4,2,3,4,3,1,3,3,3,3,3,5,5,4,0,1,0,0,2,4,1,2.857142857142857,3.7142857142857144,1.1428571428571428,0.8571428571428572
CSE2614494,2026-08-04 02:53:00+00:00,Medium,4,5,3,3,1,5,3,4,4,5,4,4,4,4,0,0,2,1,3,0,1,3.4285714285714284,4.142857142857143,1.0,0.7142857142857149
CSE2614495,2026-08-04 02:54:00+00:00,Low,3,4,4,4,4,4,3,4,4,4,5,3,3,4,1,0,0,1,0,0,1,3.7142857142857144,3.857142857142857,0.42857142857142855,0.1428571428571428
CSE2614496,2026-08-04 02:55:00+00:00,Medium,3,2,5,4,4,3,4,4,5,4,4,5,4,5,1,3,0,0,1,1,1,3.5714285714285716,4.428571428571429,1.0,0.8571428571428572
CSE2614497,2026-08-04 02:56:00+00:00,High,3,4,2,1,3,2,1,4,4,5,5,3,4,3,1,0,3,4,0,2,2,2.2857142857142856,4.0,1.7142857142857142,1.7142857142857144
CSE2614498,2026-08-04 02:57:00+00:00,Medium,2,3,4,4,3,3,2,4,5,4,4,5,4,5,2,2,0,0,2,1,3,3.0,4.428571428571429,1.4285714285714286,1.4285714285714288
CSE2614499,2026-08-04 02:58:00+00:00,Low,4,4,2,4,3,4,2,5,4,3,3,4,4,4,1,0,1,0,1,0,2,3.2857142857142856,3.857142857142857,0.7142857142857143,0.5714285714285716
CSE2614500,2026-08-04 02:59:00+00:00,High,4,3,3,3,3,2,2,4,4,5,5,5,4,4,0,1,2,2,2,2,2,2.857142857142857,4.428571428571429,1.5714285714285714,1.5714285714285716
CSE2614501,2026-08-04 03:00:00+00:00,Medium,3,3,2,3,2,3,3,4,4,4,3,5,5,4,1,1,2,0,3,2,1,2.7142857142857144,4.142857142857143,1.4285714285714286,1.4285714285714288
CSE2614502,2026-08-04 03:01:00+00:00,Medium,2,4,4,2,3,2,3,3,5,4,4,4,4,5,1,1,0,2,1,2,2,2.857142857142857,4.142857142857143,1.2857142857142858,1.285714285714286
CSE2614503,2026-08-04 03:02:00+00:00,Medium,3,3,4,3,5,2,4,3,4,4,5,4,4,5,0,1,0,2,0,2,1,3.4285714285714284,4.142857142857143,0.8571428571428571,0.7142857142857149
CSE2614504,2026-08-04 03:03:00+00:00,Medium,3,3,4,5,1,3,3,3,5,4,4,5,4,5,0,2,0,0,4,1,2,3.142857142857143,4.285714285714286,1.2857142857142858,1.1428571428571428
CSE2614505,2026-08-04 03:04:00+00:00,Medium,2,5,2,5,3,4,4,5,5,3,4,4,4,5,3,0,1,0,1,0,1,3.5714285714285716,4.285714285714286,0.8571428571428571,0.714285714285714
CSE2614506,2026-08-04 03:05:00+00:00,Medium,2,3,2,5,3,2,3,3,4,4,5,3,4,5,1,1,2,0,0,2,2,2.857142857142857,4.0,1.1428571428571428,1.1428571428571428
CSE2614507,2026-08-04 03:06:00+00:00,High,2,3,1,4,2,3,2,5,4,5,5,4,4,4,3,1,4,1,2,1,2,2.4285714285714284,4.428571428571429,2.0,2.0000000000000004
CSE2614508,2026-08-04 03:07:00+00:00,Medium,2,5,4,2,2,3,3,4,3,5,3,5,5,4,2,0,1,1,3,2,1,3.0,4.142857142857143,1.4285714285714286,1.1428571428571432
CSE2614509,2026-08-04 03:08:00+00:00,Medium,4,3,5,3,2,2,4,3,4,4,3,4,5,4,0,1,0,0,2,3,0,3.2857142857142856,3.857142857142857,0.8571428571428571,0.5714285714285716
CSE2614510,2026-08-04 03:09:00+00:00,High,1,3,3,2,5,1,5,5,4,4,4,3,5,4,4,1,1,2,0,4,0,2.857142857142857,4.142857142857143,1.7142857142857142,1.285714285714286
CSE2614511,2026-08-04 03:10:00+00:00,High,4,3,1,4,2,3,3,5,5,4,4,5,4,4,1,2,3,0,3,1,1,2.857142857142857,4.428571428571429,1.5714285714285714,1.5714285714285716
CSE2614512,2026-08-04 03:11:00+00:00,High,3,1,2,4,2,4,3,4,4,5,4,4,5,5,1,3,3,0,2,1,2,2.7142857142857144,4.428571428571429,1.7142857142857142,1.7142857142857144
CSE2614513,2026-08-04 03:12:00+00:00,Low,4,4,4,4,3,2,3,4,4,4,4,4,4,4,0,0,0,0,1,2,1,3.4285714285714284,4.0,0.5714285714285714,0.5714285714285716
CSE2614514,2026-08-04 03:13:00+00:00,High,3,1,5,2,2,4,3,4,4,4,5,5,3,5,1,3,0,3,3,0,2,2.857142857142857,4.285714285714286,1.7142857142857142,1.4285714285714284
CSE2614515,2026-08-04 03:14:00+00:00,Medium,2,3,4,2,3,4,2,4,5,3,4,4,4,4,2,2,0,2,1,0,2,2.857142857142857,4.0,1.2857142857142858,1.1428571428571428
CSE2614516,2026-08-04 03:15:00+00:00,Medium,3,3,2,3,2,4,3,5,4,5,4,4,3,4,2,1,3,1,2,0,1,2.857142857142857,4.142857142857143,1.4285714285714286,1.285714285714286
CSE2614517,2026-08-04 03:16:00+00:00,Medium,3,1,4,4,4,4,3,3,4,5,5,4,3,4,0,3,1,1,0,0,1,3.2857142857142856,4.0,0.8571428571428571,0.7142857142857144
CSE2614518,2026-08-04 03:17:00+00:00,Low,3,4,5,4,4,3,3,4,5,5,4,4,4,5,1,1,0,0,0,1,2,3.7142857142857144,4.428571428571429,0.7142857142857143,0.7142857142857144
CSE2614519,2026-08-04 03:18:00+00:00,Medium,3,3,5,3,3,2,4,5,4,4,4,4,5,4,2,1,0,1,1,3,0,3.2857142857142856,4.285714285714286,1.1428571428571428,1.0
CSE2614520,2026-08-04 03:19:00+00:00,Medium,4,3,4,1,2,3,1,4,4,5,5,3,3,3,0,1,1,4,1,0,2,2.5714285714285716,3.857142857142857,1.2857142857142858,1.2857142857142856
CSE2614521,2026-08-04 03:20:00+00:00,Medium,3,4,5,4,2,1,3,4,4,5,3,4,4,4,1,0,0,0,2,3,1,3.142857142857143,4.0,1.0,0.8571428571428572
CSE2614522,2026-08-04 03:21:00+00:00,Medium,4,3,3,4,2,4,3,5,4,4,4,5,4,4,1,1,1,0,3,0,1,3.2857142857142856,4.285714285714286,1.0,1.0
CSE2614523,2026-08-04 03:22:00+00:00,Low,4,3,3,5,5,3,3,5,4,4,4,5,4,4,1,1,1,0,0,1,1,3.7142857142857144,4.285714285714286,0.7142857142857143,0.5714285714285712
CSE2614524,2026-08-04 03:23:00+00:00,Medium,2,4,4,4,3,3,2,3,5,5,4,4,4,4,1,1,1,0,1,1,2,3.142857142857143,4.142857142857143,1.0,1.0000000000000004
CSE2614525,2026-08-04 03:24:00+00:00,Medium,4,4,1,3,2,3,4,5,3,5,4,4,4,4,1,0,4,1,2,1,0,3.0,4.142857142857143,1.2857142857142858,1.1428571428571432
CSE2614526,2026-08-04 03:25:00+00:00,Medium,4,3,4,2,3,3,2,4,5,5,5,4,4,4,0,2,1,3,1,1,2,3.0,4.428571428571429,1.4285714285714286,1.4285714285714288
CSE2614527,2026-08-04 03:26:00+00:00,Medium,2,2,4,3,2,3,4,3,4,4,3,5,4,4,1,2,0,0,3,1,0,2.857142857142857,3.857142857142857,1.0,1.0
CSE2614528,2026-08-04 03:27:00+00:00,Medium,1,1,5,2,4,3,2,4,5,5,3,5,3,3,3,4,0,1,1,0,1,2.5714285714285716,4.0,1.4285714285714286,1.4285714285714284
CSE2614529,2026-08-04 03:28:00+00:00,Medium,4,4,1,1,4,5,3,4,4,5,5,4,4,5,0,0,4,4,0,0,2,3.142857142857143,4.428571428571429,1.4285714285714286,1.285714285714286
CSE2614530,2026-08-04 03:29:00+00:00,Medium,4,3,5,4,1,3,4,4,5,3,4,5,4,3,0,2,0,0,4,1,0,3.4285714285714284,4.0,1.0,0.5714285714285716
CSE2614531,2026-08-04 03:30:00+00:00,Medium,4,4,1,3,4,2,4,4,5,5,5,4,4,4,0,1,4,2,0,2,0,3.142857142857143,4.428571428571429,1.2857142857142858,1.285714285714286
CSE2614532,2026-08-04 03:31:00+00:00,Medium,3,4,3,3,3,4,5,5,5,4,4,4,3,4,2,1,1,1,1,0,0,3.5714285714285716,4.142857142857143,0.8571428571428571,0.5714285714285716
CSE2614533,2026-08-04 03:32:00+00:00,Medium,2,5,1,4,3,2,3,5,5,4,4,4,4,4,3,0,3,0,1,2,1,2.857142857142857,4.285714285714286,1.4285714285714286,1.4285714285714284
CSE2614534,2026-08-04 03:33:00+00:00,High,3,2,3,3,2,3,2,4,3,4,5,4,5,4,1,1,1,2,2,2,2,2.5714285714285716,4.142857142857143,1.5714285714285714,1.5714285714285716
CSE2614535,2026-08-04 03:34:00+00:00,Low,4,4,4,2,4,3,3,4,3,4,4,5,3,5,0,0,0,2,1,0,2,3.4285714285714284,4.0,0.7142857142857143,0.5714285714285716
CSE2614536,2026-08-04 03:35:00+00:00,High,3,2,3,4,2,2,2,5,4,5,4,4,4,5,2,2,2,0,2,2,3,2.5714285714285716,4.428571428571429,1.8571428571428572,1.8571428571428572
CSE2614537,2026-08-04 03:36:00+00:00,Low,3,5,4,3,4,5,3,4,4,4,4,5,5,4,1,0,0,1,1,0,1,3.857142857142857,4.285714285714286,0.5714285714285714,0.4285714285714284
CSE2614538,2026-08-04 03:37:00+00:00,High,2,3,4,2,1,2,2,4,4,4,5,5,5,4,2,1,0,3,4,3,2,2.2857142857142856,4.428571428571429,2.142857142857143,2.1428571428571432
CSE2614539,2026-08-04 03:38:00+00:00,Medium,3,4,3,5,3,5,3,5,5,4,4,5,4,4,2,1,1,0,2,0,1,3.7142857142857144,4.428571428571429,1.0,0.7142857142857144
CSE2614540,2026-08-04 03:39:00+00:00,Medium,2,1,5,1,3,4,3,4,4,4,4,4,4,4,2,3,0,3,1,0,1,2.7142857142857144,4.0,1.4285714285714286,1.2857142857142856
CSE2614541,2026-08-04 03:40:00+00:00,Medium,1,4,4,4,3,2,1,4,4,4,5,4,3,5,3,0,0,1,1,1,4,2.7142857142857144,4.142857142857143,1.4285714285714286,1.4285714285714288
CSE2614542,2026-08-04 03:41:00+00:00,Low,2,4,4,3,2,5,2,3,4,4,4,3,4,4,1,0,0,1,1,0,2,3.142857142857143,3.7142857142857144,0.7142857142857143,0.5714285714285716
CSE2614543,2026-08-04 03:42:00+00:00,High,4,3,4,1,1,3,3,5,5,4,3,4,5,4,1,2,0,2,3,2,1,2.7142857142857144,4.285714285714286,1.5714285714285714,1.5714285714285712
CSE2614544,2026-08-04 03:43:00+00:00,Medium,1,3,3,2,3,4,4,5,4,5,4,3,5,4,4,1,2,2,0,1,0,2.857142857142857,4.285714285714286,1.4285714285714286,1.4285714285714284
CSE2614545,2026-08-04 03:44:00+00:00,Low,4,5,3,5,3,4,4,5,3,4,5,4,4,4,1,0,1,0,1,0,0,4.0,4.142857142857143,0.42857142857142855,0.14285714285714324
CSE2614546,2026-08-04 03:45:00+00:00,Medium,5,4,2,3,2,4,4,4,5,5,4,5,4,4,0,1,3,1,3,0,0,3.4285714285714284,4.428571428571429,1.1428571428571428,1.0000000000000004
CSE2614547,2026-08-04 03:46:00+00:00,Medium,1,4,2,3,5,4,2,5,4,3,4,4,5,4,4,0,1,1,0,1,2,3.0,4.142857142857143,1.2857142857142858,1.1428571428571432
CSE2614548,2026-08-04 03:47:00+00:00,Low,5,3,3,4,4,5,3,5,5,4,4,4,3,4,0,2,1,0,0,0,1,3.857142857142857,4.142857142857143,0.5714285714285714,0.28571428571428603
CSE2614549,2026-08-04 03:48:00+00:00,Medium,2,3,2,2,3,5,4,4,4,4,3,3,3,5,2,1,2,1,0,0,1,3.0,3.7142857142857144,1.0,0.7142857142857144
CSE2614550,2026-08-04 03:49:00+00:00,Medium,3,3,4,4,2,2,4,5,4,4,5,5,4,3,2,1,0,1,3,2,0,3.142857142857143,4.285714285714286,1.2857142857142858,1.1428571428571428
CSE2614551,2026-08-04 03:50:00+00:00,Medium,3,4,3,3,3,5,4,5,4,4,4,4,5,5,2,0,1,1,1,0,1,3.5714285714285716,4.428571428571429,0.8571428571428571,0.8571428571428572
CSE2614552,2026-08-04 03:51:00+00:00,Medium,1,4,4,3,4,4,3,4,4,5,4,4,4,4,3,0,1,1,0,0,1,3.2857142857142856,4.142857142857143,0.8571428571428571,0.8571428571428577
CSE2614553,2026-08-04 03:52:00+00:00,Medium,3,4,2,3,4,4,3,4,3,3,4,5,5,5,1,0,1,1,1,1,2,3.2857142857142856,4.142857142857143,1.0,0.8571428571428577
CSE2614554,2026-08-04 03:53:00+00:00,Medium,1,4,3,3,2,4,5,3,3,4,3,5,4,5,2,0,1,0,3,0,0,3.142857142857143,3.857142857142857,0.8571428571428571,0.7142857142857144
CSE2614555,2026-08-04 03:54:00+00:00,Low,4,2,3,3,3,4,5,3,4,3,4,4,5,4,0,2,0,1,1,1,0,3.4285714285714284,3.857142857142857,0.7142857142857143,0.4285714285714288
CSE2614556,2026-08-04 03:55:00+00:00,Medium,3,3,5,4,3,3,1,5,5,4,4,4,5,4,2,2,0,0,1,2,3,3.142857142857143,4.428571428571429,1.4285714285714286,1.285714285714286
CSE2614557,2026-08-04 03:56:00+00:00,Medium,2,3,2,3,4,4,3,5,3,4,5,3,4,4,3,0,2,2,0,0,1,3.0,4.0,1.1428571428571428,1.0
CSE2614558,2026-08-04 03:57:00+00:00,Medium,4,3,3,3,5,2,3,4,4,5,4,5,5,5,0,1,2,1,0,3,2,3.2857142857142856,4.571428571428571,1.2857142857142858,1.2857142857142856
CSE2614559,2026-08-04 03:58:00+00:00,Low,4,3,5,2,5,3,4,4,4,3,4,5,5,3,0,1,0,2,0,2,0,3.7142857142857144,4.0,0.7142857142857143,0.2857142857142856
CSE2614560,2026-08-04 03:59:00+00:00,Low,4,5,5,3,4,4,4,4,4,3,4,5,5,4,0,0,0,1,1,1,0,4.142857142857143,4.142857142857143,0.42857142857142855,0.0
CSE2614561,2026-08-04 04:00:00+00:00,Medium,5,3,3,5,2,2,4,5,4,4,4,3,5,4,0,1,1,0,1,3,0,3.4285714285714284,4.142857142857143,0.8571428571428571,0.7142857142857149
CSE2614562,2026-08-04 04:01:00+00:00,Low,3,5,5,4,3,5,4,4,4,4,5,4,3,3,1,0,0,1,1,0,0,4.142857142857143,3.857142857142857,0.42857142857142855,-0.28571428571428603
CSE2614563,2026-08-04 04:02:00+00:00,High,2,3,2,3,3,4,1,4,4,4,4,5,5,4,2,1,2,1,2,1,3,2.5714285714285716,4.285714285714286,1.7142857142857142,1.714285714285714
CSE2614564,2026-08-04 04:03:00+00:00,Low,3,5,3,3,4,5,3,3,4,5,4,5,4,3,0,0,2,1,1,0,0,3.7142857142857144,4.0,0.5714285714285714,0.2857142857142856
CSE2614565,2026-08-04 04:04:00+00:00,Medium,3,4,1,2,4,1,5,4,4,4,4,4,4,4,1,0,3,2,0,3,0,2.857142857142857,4.0,1.2857142857142858,1.1428571428571428
CSE2614566,2026-08-04 04:05:00+00:00,Low,3,5,3,2,3,5,3,4,5,3,4,4,4,4,1,0,0,2,1,0,1,3.4285714285714284,4.0,0.7142857142857143,0.5714285714285716
CSE2614567,2026-08-04 04:06:00+00:00,High,3,1,3,2,3,5,4,4,5,5,5,5,5,4,1,4,2,3,2,0,0,3.0,4.714285714285714,1.7142857142857142,1.7142857142857144
CSE2614568,2026-08-04 04:07:00+00:00,Medium,3,3,4,4,4,3,2,4,3,5,3,5,4,5,1,0,1,0,1,1,3,3.2857142857142856,4.142857142857143,1.0,0.8571428571428577
CSE2614569,2026-08-04 04:08:00+00:00,Medium,3,3,4,3,4,3,3,5,3,5,4,5,5,4,2,0,1,1,1,2,1,3.2857142857142856,4.428571428571429,1.1428571428571428,1.1428571428571432
CSE2614570,2026-08-04 04:09:00+00:00,Low,3,5,4,3,2,4,4,4,4,5,4,4,4,4,1,0,1,1,2,0,0,3.5714285714285716,4.142857142857143,0.7142857142857143,0.5714285714285716
CSE2614571,2026-08-04 04:10:00+00:00,Low,4,3,3,3,4,4,5,3,3,4,5,3,4,4,0,0,1,2,0,0,0,3.7142857142857144,3.7142857142857144,0.42857142857142855,0.0
CSE2614572,2026-08-04 04:11:00+00:00,Medium,3,5,3,4,3,2,2,4,4,3,5,4,4,4,1,0,0,1,1,2,2,3.142857142857143,4.0,1.0,0.8571428571428572
CSE2614573,2026-08-04 04:12:00+00:00,Low,3,4,4,3,3,4,3,4,4,4,5,4,5,3,1,0,0,2,1,1,0,3.4285714285714284,4.142857142857143,0.7142857142857143,0.7142857142857149
CSE2614574,2026-08-04 04:13:00+00:00,Low,3,3,5,5,4,4,5,4,4,3,4,5,3,4,1,1,0,0,1,0,0,4.142857142857143,3.857142857142857,0.42857142857142855,-0.28571428571428603
CSE2614575,2026-08-04 04:14:00+00:00,Low,1,4,3,4,4,3,4,4,4,4,4,4,3,5,3,0,1,0,0,0,1,3.2857142857142856,4.0,0.7142857142857143,0.7142857142857144
CSE2614576,2026-08-04 04:15:00+00:00,Medium,3,2,4,2,3,3,5,5,3,5,4,4,4,4,2,1,1,2,1,1,0,3.142857142857143,4.142857142857143,1.1428571428571428,1.0000000000000004
CSE2614577,2026-08-04 04:16:00+00:00,Medium,3,3,3,3,2,1,4,4,4,4,3,5,5,4,1,1,1,0,3,4,0,2.7142857142857144,4.142857142857143,1.4285714285714286,1.4285714285714288
CSE2614578,2026-08-04 04:17:00+00:00,Medium,3,4,4,2,4,3,3,4,3,4,4,4,5,5,1,0,0,2,0,2,2,3.2857142857142856,4.142857142857143,1.0,0.8571428571428577
CSE2614579,2026-08-04 04:18:00+00:00,Medium,4,3,4,3,3,3,3,5,4,4,5,5,4,4,1,1,0,2,2,1,1,3.2857142857142856,4.428571428571429,1.1428571428571428,1.1428571428571432
CSE2614580,2026-08-04 04:19:00+00:00,Medium,3,4,2,3,3,2,3,4,4,5,4,5,4,4,1,0,3,1,2,2,1,2.857142857142857,4.285714285714286,1.4285714285714286,1.4285714285714284
CSE2614581,2026-08-04 04:20:00+00:00,Low,2,3,4,3,4,2,5,4,3,4,4,5,3,4,2,0,0,1,1,1,0,3.2857142857142856,3.857142857142857,0.7142857142857143,0.5714285714285716
CSE2614582,2026-08-04 04:21:00+00:00,Low,4,5,3,4,4,5,2,3,5,4,3,4,4,4,0,0,1,0,0,0,2,3.857142857142857,3.857142857142857,0.42857142857142855,0.0
CSE2614583,2026-08-04 04:22:00+00:00,Medium,2,5,4,3,4,2,4,4,5,5,4,5,3,4,2,0,1,1,1,1,0,3.4285714285714284,4.285714285714286,0.8571428571428571,0.8571428571428572
CSE2614584,2026-08-04 04:23:00+00:00,Medium,4,3,3,2,4,2,3,5,5,3,4,4,5,5,1,2,0,2,0,3,2,3.0,4.428571428571429,1.4285714285714286,1.4285714285714288
CSE2614585,2026-08-04 04:24:00+00:00,Medium,3,2,4,1,5,1,3,4,4,4,4,4,3,4,1,2,0,3,0,2,1,2.7142857142857144,3.857142857142857,1.2857142857142858,1.1428571428571428
CSE2614586,2026-08-04 04:25:00+00:00,Medium,4,2,5,4,1,3,2,4,4,4,4,4,5,3,0,2,0,0,3,2,1,3.0,4.0,1.1428571428571428,1.0
CSE2614587,2026-08-04 04:26:00+00:00,Medium,4,5,3,3,3,2,3,4,4,5,4,4,4,3,0,0,2,1,1,2,0,3.2857142857142856,4.0,0.8571428571428571,0.7142857142857144
CSE2614588,2026-08-04 04:27:00+00:00,Medium,3,3,2,4,4,3,3,5,3,5,5,4,4,3,2,0,3,1,0,1,0,3.142857142857143,4.142857142857143,1.0,1.0000000000000004
CSE2614589,2026-08-04 04:28:00+00:00,Medium,5,3,3,5,3,4,3,5,5,4,4,4,5,4,0,2,1,0,1,1,1,3.7142857142857144,4.428571428571429,0.8571428571428571,0.7142857142857144
CSE2614590,2026-08-04 04:29:00+00:00,Low,4,5,2,2,3,4,5,4,4,4,3,3,4,4,0,0,2,1,0,0,0,3.5714285714285716,3.7142857142857144,0.42857142857142855,0.1428571428571428
CSE2614591,2026-08-04 04:30:00+00:00,Medium,5,3,2,4,4,2,2,4,5,4,4,4,3,3,0,2,2,0,0,1,1,3.142857142857143,3.857142857142857,0.8571428571428571,0.7142857142857144
CSE2614592,2026-08-04 04:31:00+00:00,Low,4,4,4,3,2,3,3,4,4,4,3,5,4,4,0,0,0,0,3,1,1,3.2857142857142856,4.0,0.7142857142857143,0.7142857142857144
CSE2614593,2026-08-04 04:32:00+00:00,Medium,4,3,4,4,3,2,3,4,4,4,4,5,4,4,0,1,0,0,2,2,1,3.2857142857142856,4.142857142857143,0.8571428571428571,0.8571428571428577
CSE2614594,2026-08-04 04:33:00+00:00,Low,4,3,4,4,3,2,4,5,4,4,4,4,4,4,1,1,0,0,1,2,0,3.4285714285714284,4.142857142857143,0.7142857142857143,0.7142857142857149
CSE2614595,2026-08-04 04:34:00+00:00,Medium,3,4,4,1,3,2,4,4,5,4,3,4,4,4,1,1,0,2,1,2,0,3.0,4.0,1.0,1.0
CSE2614596,2026-08-04 04:35:00+00:00,Medium,4,3,3,4,2,2,3,4,3,3,4,4,5,5,0,0,0,0,2,3,2,3.0,4.0,1.0,1.0
CSE2614597,2026-08-04 04:36:00+00:00,Low,4,3,4,3,4,4,3,4,4,3,5,4,4,4,0,1,0,2,0,0,1,3.5714285714285716,4.0,0.5714285714285714,0.4285714285714284
CSE2614598,2026-08-04 04:37:00+00:00,Medium,5,3,4,4,4,4,2,4,4,4,5,5,4,5,0,1,0,1,1,0,3,3.7142857142857144,4.428571428571429,0.8571428571428571,0.7142857142857144
CSE2614599,2026-08-04 04:38:00+00:00,Medium,1,3,4,2,1,4,5,3,4,4,4,4,4,5,2,1,0,2,3,0,0,2.857142857142857,4.0,1.1428571428571428,1.1428571428571428
CSE2614600,2026-08-04 04:39:00+00:00,Low,3,4,4,2,3,4,5,4,4,5,4,4,4,4,1,0,1,2,1,0,0,3.5714285714285716,4.142857142857143,0.7142857142857143,0.5714285714285716
CSE2614601,2026-08-04 04:40:00+00:00,Low,4,4,1,4,4,3,2,4,4,3,5,4,3,3,0,0,2,1,0,0,1,3.142857142857143,3.7142857142857144,0.5714285714285714,0.5714285714285716
CSE2614602,2026-08-04 04:41:00+00:00,Low,5,4,4,2,4,2,3,4,4,4,4,4,4,4,0,0,0,2,0,2,1,3.4285714285714284,4.0,0.7142857142857143,0.5714285714285716
CSE2614603,2026-08-04 04:42:00+00:00,Medium,4,2,4,5,5,2,4,4,4,4,4,5,5,5,0,2,0,0,0,3,1,3.7142857142857144,4.428571428571429,0.8571428571428571,0.7142857142857144
CSE2614604,2026-08-04 04:43:00+00:00,High,1,3,1,1,4,4,4,4,5,4,4,3,4,5,3,2,3,3,0,0,1,2.5714285714285716,4.142857142857143,1.7142857142857142,1.5714285714285716
CSE2614605,2026-08-04 04:44:00+00:00,Low,3,3,4,2,3,4,3,4,4,4,4,3,4,4,1,1,0,2,0,0,1,3.142857142857143,3.857142857142857,0.7142857142857143,0.7142857142857144
CSE2614606,2026-08-04 04:45:00+00:00,Medium,3,4,3,4,3,1,3,3,4,4,4,4,4,5,0,0,1,0,1,3,2,3.0,4.0,1.0,1.0
CSE2614607,2026-08-04 04:46:00+00:00,Medium,2,3,2,3,3,4,4,5,3,4,4,5,4,4,3,0,2,1,2,0,0,3.0,4.142857142857143,1.1428571428571428,1.1428571428571432
CSE2614608,2026-08-04 04:47:00+00:00,Medium,2,4,2,2,3,3,4,4,4,4,4,4,4,4,2,0,2,2,1,1,0,2.857142857142857,4.0,1.1428571428571428,1.1428571428571428
CSE2614609,2026-08-04 04:48:00+00:00,High,1,2,4,3,3,2,2,3,4,4,4,4,4,5,2,2,0,1,1,2,3,2.4285714285714284,4.0,1.5714285714285714,1.5714285714285716
CSE2614610,2026-08-04 04:49:00+00:00,Low,3,2,3,4,5,4,3,4,4,4,4,4,3,4,1,2,1,0,0,0,1,3.4285714285714284,3.857142857142857,0.7142857142857143,0.4285714285714288
CSE2614611,2026-08-04 04:50:00+00:00,Medium,1,3,4,4,5,4,4,3,5,4,5,4,4,5,2,2,0,1,0,0,1,3.5714285714285716,4.285714285714286,0.8571428571428571,0.714285714285714
CSE2614612,2026-08-04 04:51:00+00:00,Medium,2,2,5,4,3,4,3,4,5,4,4,5,4,3,2,3,0,0,2,0,0,3.2857142857142856,4.142857142857143,1.0,0.8571428571428577
CSE2614613,2026-08-04 04:52:00+00:00,Medium,3,4,1,4,3,4,3,3,3,5,3,4,4,4,0,0,4,0,1,0,1,3.142857142857143,3.7142857142857144,0.8571428571428571,0.5714285714285716
CSE2614614,2026-08-04 04:53:00+00:00,Medium,2,4,4,3,4,1,4,4,4,3,4,4,4,4,2,0,0,1,0,3,0,3.142857142857143,3.857142857142857,0.8571428571428571,0.7142857142857144
CSE2614615,2026-08-04 04:54:00+00:00,Low,4,5,3,4,4,3,5,4,5,4,5,5,4,4,0,0,1,1,1,1,0,4.0,4.428571428571429,0.5714285714285714,0.4285714285714288
CSE2614616,2026-08-04 04:55:00+00:00,Medium,2,2,3,5,3,1,3,4,3,4,4,3,3,4,2,1,1,0,0,2,1,2.7142857142857144,3.5714285714285716,1.0,0.8571428571428572
CSE2614617,2026-08-04 04:56:00+00:00,Low,4,2,4,4,3,4,4,3,4,4,4,5,4,3,0,2,0,0,2,0,0,3.5714285714285716,3.857142857142857,0.5714285714285714,0.2857142857142856
CSE2614618,2026-08-04 04:57:00+00:00,High,2,3,3,4,1,1,3,5,4,4,5,4,4,5,3,1,1,1,3,3,2,2.4285714285714284,4.428571428571429,2.0,2.0000000000000004
CSE2614619,2026-08-04 04:58:00+00:00,Medium,4,3,4,3,2,2,3,4,5,4,4,4,3,4,0,2,0,1,2,1,1,3.0,4.0,1.0,1.0
CSE2614620,2026-08-04 04:59:00+00:00,Medium,4,2,3,3,1,4,3,5,3,3,4,4,5,5,1,1,0,1,3,1,2,2.857142857142857,4.142857142857143,1.2857142857142858,1.285714285714286
CSE2614621,2026-08-04 05:00:00+00:00,High,2,2,4,2,2,1,5,4,4,5,4,4,5,4,2,2,1,2,2,4,0,2.5714285714285716,4.285714285714286,1.8571428571428572,1.714285714285714
CSE2614622,2026-08-04 05:01:00+00:00,Medium,1,4,3,2,4,4,3,4,4,5,3,5,4,4,3,0,2,1,1,0,1,3.0,4.142857142857143,1.1428571428571428,1.1428571428571432
CSE2614623,2026-08-04 05:02:00+00:00,High,4,1,3,3,3,3,2,4,5,5,5,4,5,4,0,4,2,2,1,2,2,2.7142857142857144,4.571428571428571,1.8571428571428572,1.8571428571428568
CSE2614624,2026-08-04 05:03:00+00:00,Medium,3,4,4,3,3,4,2,5,4,4,5,5,4,4,2,0,0,2,2,0,2,3.2857142857142856,4.428571428571429,1.1428571428571428,1.1428571428571432
CSE2614625,2026-08-04 05:04:00+00:00,Medium,2,4,4,5,2,4,4,4,4,5,5,4,5,4,2,0,1,0,2,1,0,3.5714285714285716,4.428571428571429,0.8571428571428571,0.8571428571428572
CSE2614626,2026-08-04 05:05:00+00:00,Low,4,4,5,5,4,4,1,4,5,4,5,5,4,3,0,1,0,0,1,0,2,3.857142857142857,4.285714285714286,0.5714285714285714,0.4285714285714284
CSE2614627,2026-08-04 05:06:00+00:00,Medium,2,3,2,1,4,4,4,5,3,5,4,4,5,3,3,0,3,3,0,1,0,2.857142857142857,4.142857142857143,1.4285714285714286,1.285714285714286
CSE2614628,2026-08-04 05:07:00+00:00,Medium,4,2,2,2,4,3,2,5,5,3,3,5,3,4,1,3,1,1,1,0,2,2.7142857142857144,4.0,1.2857142857142858,1.2857142857142856
CSE2614629,2026-08-04 05:08:00+00:00,Medium,4,2,2,5,2,4,2,4,4,4,4,5,4,4,0,2,2,0,3,0,2,3.0,4.142857142857143,1.2857142857142858,1.1428571428571432
CSE2614630,2026-08-04 05:09:00+00:00,Medium,3,5,2,4,3,2,5,4,4,4,4,4,4,4,1,0,2,0,1,2,0,3.4285714285714284,4.0,0.8571428571428571,0.5714285714285716
CSE2614631,2026-08-04 05:10:00+00:00,Medium,4,4,3,3,3,4,4,4,5,5,5,4,3,5,0,1,2,2,1,0,1,3.5714285714285716,4.428571428571429,1.0,0.8571428571428572
CSE2614632,2026-08-04 05:11:00+00:00,Medium,2,1,4,3,3,2,4,3,3,5,4,5,3,5,1,2,1,1,2,1,1,2.7142857142857144,4.0,1.2857142857142858,1.2857142857142856
CSE2614633,2026-08-04 05:12:00+00:00,Low,3,4,4,4,2,3,4,4,4,3,4,4,4,4,1,0,0,0,2,1,0,3.4285714285714284,3.857142857142857,0.5714285714285714,0.4285714285714288
CSE2614634,2026-08-04 05:13:00+00:00,Medium,4,3,4,5,3,3,3,5,4,3,5,4,5,4,1,1,0,0,1,2,1,3.5714285714285716,4.285714285714286,0.8571428571428571,0.714285714285714
CSE2614635,2026-08-04 05:14:00+00:00,Medium,4,4,2,5,2,4,1,4,4,4,4,5,3,5,0,0,2,0,3,0,4,3.142857142857143,4.142857142857143,1.2857142857142858,1.0000000000000004
CSE2614636,2026-08-04 05:15:00+00:00,Medium,4,5,3,2,3,3,3,5,5,4,5,5,3,5,1,0,1,3,2,0,2,3.2857142857142856,4.571428571428571,1.2857142857142858,1.2857142857142856
CSE2614637,2026-08-04 05:16:00+00:00,Medium,2,4,4,4,2,3,4,4,4,4,5,4,4,5,2,0,0,1,2,1,1,3.2857142857142856,4.285714285714286,1.0,1.0
CSE2614638,2026-08-04 05:17:00+00:00,High,5,3,3,2,1,3,3,5,4,4,5,5,4,5,0,1,1,3,4,1,2,2.857142857142857,4.571428571428571,1.7142857142857142,1.714285714285714
CSE2614639,2026-08-04 05:18:00+00:00,Medium,4,4,4,2,3,2,5,5,3,4,4,4,4,3,1,0,0,2,1,2,0,3.4285714285714284,3.857142857142857,0.8571428571428571,0.4285714285714288
CSE2614640,2026-08-04 05:19:00+00:00,Medium,3,5,3,2,3,4,3,4,5,5,5,4,4,5,1,0,2,3,1,0,2,3.2857142857142856,4.571428571428571,1.2857142857142858,1.2857142857142856
CSE2614641,2026-08-04 05:20:00+00:00,Medium,2,3,2,3,5,3,4,5,4,4,4,5,5,5,3,1,2,1,0,2,1,3.142857142857143,4.571428571428571,1.4285714285714286,1.4285714285714284
CSE2614642,2026-08-04 05:21:00+00:00,Medium,3,2,4,4,3,3,2,4,4,5,4,4,4,3,1,2,1,0,1,1,1,3.0,4.0,1.0,1.0
CSE2614643,2026-08-04 05:22:00+00:00,Low,2,5,4,3,4,4,4,3,3,5,4,4,3,3,1,0,1,1,0,0,0,3.7142857142857144,3.5714285714285716,0.42857142857142855,-0.1428571428571428
CSE2614644,2026-08-04 05:23:00+00:00,Medium,4,4,4,3,3,1,4,4,5,3,4,4,4,4,0,1,0,1,1,3,0,3.2857142857142856,4.0,0.8571428571428571,0.7142857142857144
CSE2614645,2026-08-04 05:24:00+00:00,High,3,1,1,4,2,1,3,4,4,3,3,5,5,4,1,3,2,0,3,4,1,2.142857142857143,4.0,2.0,1.8571428571428572
CSE2614646,2026-08-04 05:25:00+00:00,Medium,1,3,3,3,2,5,3,5,4,3,4,5,3,4,4,1,0,1,3,0,1,2.857142857142857,4.0,1.4285714285714286,1.1428571428571428
CSE2614647,2026-08-04 05:26:00+00:00,Medium,4,2,2,2,4,4,2,5,4,4,3,3,4,4,1,2,2,1,0,0,2,2.857142857142857,3.857142857142857,1.1428571428571428,1.0
CSE2614648,2026-08-04 05:27:00+00:00,Medium,3,4,3,5,3,3,3,3,5,5,3,4,4,4,0,1,2,0,1,1,1,3.4285714285714284,4.0,0.8571428571428571,0.5714285714285716
CSE2614649,2026-08-04 05:28:00+00:00,Low,3,3,3,3,4,3,3,3,4,4,4,3,4,4,0,1,1,1,0,1,1,3.142857142857143,3.7142857142857144,0.7142857142857143,0.5714285714285716
CSE2614650,2026-08-04 05:29:00+00:00,Medium,5,2,3,4,3,2,3,4,4,4,5,3,4,3,0,2,1,1,0,2,0,3.142857142857143,3.857142857142857,0.8571428571428571,0.7142857142857144
CSE2614651,2026-08-04 05:30:00+00:00,High,3,3,2,2,2,3,4,4,5,5,3,5,5,4,1,2,3,1,3,2,0,2.7142857142857144,4.428571428571429,1.7142857142857142,1.7142857142857144
CSE2614652,2026-08-04 05:31:00+00:00,Medium,4,2,3,3,3,1,2,3,4,4,4,4,4,4,0,2,1,1,1,3,2,2.5714285714285716,3.857142857142857,1.4285714285714286,1.2857142857142856
CSE2614653,2026-08-04 05:32:00+00:00,Low,4,4,3,4,4,5,5,5,5,5,4,3,3,3,1,1,2,0,0,0,0,4.142857142857143,4.0,0.5714285714285714,-0.14285714285714324
CSE2614654,2026-08-04 05:33:00+00:00,Medium,3,4,3,4,2,3,3,5,4,3,4,4,4,5,2,0,0,0,2,1,2,3.142857142857143,4.142857142857143,1.0,1.0000000000000004
CSE2614655,2026-08-04 05:34:00+00:00,Medium,2,3,2,4,4,2,4,3,4,4,3,4,4,4,1,1,2,0,0,2,0,3.0,3.7142857142857144,0.8571428571428571,0.7142857142857144
CSE2614656,2026-08-04 05:35:00+00:00,High,4,3,3,2,1,2,3,5,4,3,5,4,5,4,1,1,0,3,3,3,1,2.5714285714285716,4.285714285714286,1.7142857142857142,1.714285714285714
CSE2614657,2026-08-04 05:36:00+00:00,Medium,1,3,3,5,4,3,3,5,3,5,4,3,3,4,4,0,2,0,0,0,1,3.142857142857143,3.857142857142857,1.0,0.7142857142857144
CSE2614658,2026-08-04 05:37:00+00:00,Low,3,4,3,3,4,4,5,5,4,4,4,4,5,5,2,0,1,1,0,1,0,3.7142857142857144,4.428571428571429,0.7142857142857143,0.7142857142857144
CSE2614659,2026-08-04 05:38:00+00:00,Medium,4,4,4,2,2,3,3,4,4,4,5,4,5,3,0,0,0,3,2,2,0,3.142857142857143,4.142857142857143,1.0,1.0000000000000004
CSE2614660,2026-08-04 05:39:00+00:00,Medium,4,3,4,4,1,1,2,4,4,4,4,4,5,3,0,1,0,0,3,4,1,2.7142857142857144,4.0,1.2857142857142858,1.2857142857142856
CSE2614661,2026-08-04 05:40:00+00:00,Medium,3,3,2,4,4,2,3,5,4,4,4,4,5,4,2,1,2,0,0,3,1,3.0,4.285714285714286,1.2857142857142858,1.2857142857142856
CSE2614662,2026-08-04 05:41:00+00:00,Medium,5,3,4,1,1,3,4,5,4,4,3,5,4,4,0,1,0,2,4,1,0,3.0,4.142857142857143,1.1428571428571428,1.1428571428571432
CSE2614663,2026-08-04 05:42:00+00:00,Medium,3,2,2,4,3,5,4,4,5,5,3,4,4,4,1,3,3,0,1,0,0,3.2857142857142856,4.142857142857143,1.1428571428571428,0.8571428571428577
CSE2614664,2026-08-04 05:43:00+00:00,Medium,3,3,2,5,3,3,3,5,3,5,5,3,5,4,2,0,3,0,0,2,1,3.142857142857143,4.285714285714286,1.1428571428571428,1.1428571428571428
CSE2614665,2026-08-04 05:44:00+00:00,Low,4,2,5,4,4,4,4,4,5,4,3,5,4,4,0,3,0,0,1,0,0,3.857142857142857,4.142857142857143,0.5714285714285714,0.28571428571428603
CSE2614666,2026-08-04 05:45:00+00:00,Low,2,3,3,4,3,3,3,3,4,3,4,3,4,5,1,1,0,0,0,1,2,3.0,3.7142857142857144,0.7142857142857143,0.7142857142857144
CSE2614667,2026-08-04 05:46:00+00:00,Medium,3,4,4,4,4,1,3,4,5,5,4,5,4,5,1,1,1,0,1,3,2,3.2857142857142856,4.571428571428571,1.2857142857142858,1.2857142857142856
CSE2614668,2026-08-04 05:47:00+00:00,Low,1,4,2,3,4,5,4,4,3,3,4,4,5,3,3,0,1,1,0,0,0,3.2857142857142856,3.7142857142857144,0.7142857142857143,0.4285714285714288
CSE2614669,2026-08-04 05:48:00+00:00,Medium,3,4,3,3,3,1,3,5,5,4,4,4,4,4,2,1,1,1,1,3,1,2.857142857142857,4.285714285714286,1.4285714285714286,1.4285714285714284
CSE2614670,2026-08-04 05:49:00+00:00,Medium,2,4,2,3,3,3,4,5,5,4,4,4,4,4,3,1,2,1,1,1,0,3.0,4.285714285714286,1.2857142857142858,1.2857142857142856
CSE2614671,2026-08-04 05:50:00+00:00,Medium,2,4,2,5,4,3,3,4,4,4,5,5,5,4,2,0,2,0,1,2,1,3.2857142857142856,4.428571428571429,1.1428571428571428,1.1428571428571432
CSE2614672,2026-08-04 05:51:00+00:00,Medium,4,4,3,2,4,2,3,4,3,3,5,5,4,4,0,0,0,3,1,2,1,3.142857142857143,4.0,1.0,0.8571428571428572
CSE2614673,2026-08-04 05:52:00+00:00,Medium,5,1,2,3,3,3,2,3,4,3,3,4,3,5,0,3,1,0,1,0,3,2.7142857142857144,3.5714285714285716,1.1428571428571428,0.8571428571428572
CSE2614674,2026-08-04 05:53:00+00:00,Low,4,3,4,1,5,4,4,5,4,5,3,4,3,4,1,1,1,2,0,0,0,3.5714285714285716,4.0,0.7142857142857143,0.4285714285714284
CSE2614675,2026-08-04 05:54:00+00:00,Low,3,4,3,4,4,3,3,4,4,5,4,4,5,3,1,0,2,0,0,2,0,3.4285714285714284,4.142857142857143,0.7142857142857143,0.7142857142857149
CSE2614676,2026-08-04 05:55:00+00:00,High,3,2,2,1,1,4,4,5,5,4,4,5,4,4,2,3,2,3,4,0,0,2.4285714285714284,4.428571428571429,2.0,2.0000000000000004
CSE2614677,2026-08-04 05:56:00+00:00,Medium,4,3,4,2,3,3,3,5,5,3,4,4,5,4,1,2,0,2,1,2,1,3.142857142857143,4.285714285714286,1.2857142857142858,1.1428571428571428
CSE2614678,2026-08-04 05:57:00+00:00,Low,3,3,5,4,3,3,5,4,5,4,4,5,3,4,1,2,0,0,2,0,0,3.7142857142857144,4.142857142857143,0.7142857142857143,0.4285714285714288
CSE2614679,2026-08-04 05:58:00+00:00,Low,5,4,4,2,3,2,4,4,4,4,4,3,5,4,0,0,0,2,0,3,0,3.4285714285714284,4.0,0.7142857142857143,0.5714285714285716
CSE2614680,2026-08-04 05:59:00+00:00,Low,4,5,3,2,3,5,4,3,5,4,5,4,4,4,0,0,1,3,1,0,0,3.7142857142857144,4.142857142857143,0.7142857142857143,0.4285714285714288
CSE2614681,2026-08-04 06:00:00+00:00,High,3,2,1,2,5,3,2,5,5,5,5,4,3,4,2,3,4,3,0,0,2,2.5714285714285716,4.428571428571429,2.0,1.8571428571428572
CSE2614682,2026-08-04 06:01:00+00:00,Medium,5,3,5,3,4,2,4,5,5,4,4,5,4,4,0,2,0,1,1,2,0,3.7142857142857144,4.428571428571429,0.8571428571428571,0.7142857142857144
CSE2614683,2026-08-04 06:02:00+00:00,Medium,5,2,3,4,4,4,3,4,4,4,5,4,5,4,0,2,1,1,0,1,1,3.5714285714285716,4.285714285714286,0.8571428571428571,0.714285714285714
CSE2614684,2026-08-04 06:03:00+00:00,Medium,1,5,4,2,4,3,2,4,5,4,4,5,4,4,3,0,0,2,1,1,2,3.0,4.285714285714286,1.2857142857142858,1.2857142857142856
CSE2614685,2026-08-04 06:04:00+00:00,Medium,4,4,1,5,5,4,3,4,5,4,4,5,5,5,0,1,3,0,0,1,2,3.7142857142857144,4.571428571428571,1.0,0.8571428571428568
CSE2614686,2026-08-04 06:05:00+00:00,Medium,1,4,3,4,3,3,3,4,4,5,3,3,3,5,3,0,2,0,0,0,2,3.0,3.857142857142857,1.0,0.8571428571428572
CSE2614687,2026-08-04 06:06:00+00:00,Low,4,2,3,2,4,3,4,4,3,4,4,4,4,4,0,1,1,2,0,1,0,3.142857142857143,3.857142857142857,0.7142857142857143,0.7142857142857144
CSE2614688,2026-08-04 06:07:00+00:00,Medium,2,4,2,4,3,4,3,5,4,5,5,4,4,4,3,0,3,1,1,0,1,3.142857142857143,4.428571428571429,1.2857142857142858,1.285714285714286
CSE2614689,2026-08-04 06:08:00+00:00,High,2,2,3,4,3,2,3,5,5,5,4,5,4,4,3,3,2,0,2,2,1,2.7142857142857144,4.571428571428571,1.8571428571428572,1.8571428571428568
CSE2614690,2026-08-04 06:09:00+00:00,Medium,3,5,5,4,3,1,3,4,4,3,4,5,5,3,1,0,0,0,2,4,0,3.4285714285714284,4.0,1.0,0.5714285714285716
CSE2614691,2026-08-04 06:10:00+00:00,Medium,1,4,4,1,4,4,1,4,3,4,4,4,5,4,3,0,0,3,0,1,3,2.7142857142857144,4.0,1.4285714285714286,1.2857142857142856
CSE2614692,2026-08-04 06:11:00+00:00,Low,5,4,3,4,3,3,3,5,4,4,5,4,4,4,0,0,1,1,1,1,1,3.5714285714285716,4.285714285714286,0.7142857142857143,0.714285714285714
CSE2614693,2026-08-04 06:12:00+00:00,Medium,5,5,2,3,4,2,5,4,5,5,5,4,4,4,0,0,3,2,0,2,0,3.7142857142857144,4.428571428571429,1.0,0.7142857142857144
CSE2614694,2026-08-04 06:13:00+00:00,High,1,1,1,3,4,2,3,4,5,4,4,5,5,4,3,4,3,1,1,3,1,2.142857142857143,4.428571428571429,2.2857142857142856,2.285714285714286
CSE2614695,2026-08-04 06:14:00+00:00,Medium,3,4,2,3,4,4,4,3,4,4,5,5,4,5,0,0,2,2,1,0,1,3.4285714285714284,4.285714285714286,0.8571428571428571,0.8571428571428572
CSE2614696,2026-08-04 06:15:00+00:00,Medium,4,3,2,4,3,4,4,4,4,4,5,5,5,4,0,1,2,1,2,1,0,3.4285714285714284,4.428571428571429,1.0,1.0000000000000004
CSE2614697,2026-08-04 06:16:00+00:00,High,3,2,4,3,5,1,1,5,4,4,5,4,4,4,2,2,0,2,0,3,3,2.7142857142857144,4.285714285714286,1.7142857142857142,1.5714285714285712
CSE2614698,2026-08-04 06:17:00+00:00,Medium,3,4,4,4,2,1,3,4,3,5,4,4,5,4,1,0,1,0,2,4,1,3.0,4.142857142857143,1.2857142857142858,1.1428571428571432
CSE2614699,2026-08-04 06:18:00+00:00,Medium,1,3,3,4,5,5,3,4,4,4,4,4,5,4,3,1,1,0,0,0,1,3.4285714285714284,4.142857142857143,0.8571428571428571,0.7142857142857149
CSE2614700,2026-08-04 06:19:00+00:00,Low,3,2,5,3,3,4,4,4,4,4,5,3,4,4,1,2,0,2,0,0,0,3.4285714285714284,4.0,0.7142857142857143,0.5714285714285716
CSE2614701,2026-08-04 06:20:00+00:00,High,4,1,2,3,2,3,4,5,5,5,4,5,5,5,1,4,3,1,3,2,1,2.7142857142857144,4.857142857142857,2.142857142857143,2.1428571428571423
CSE2614702,2026-08-04 06:21:00+00:00,Low,3,3,3,5,3,4,4,3,4,4,5,4,4,4,0,1,1,0,1,0,0,3.5714285714285716,4.0,0.42857142857142855,0.4285714285714284
CSE2614703,2026-08-04 06:22:00+00:00,Medium,3,2,2,5,3,4,2,3,3,4,4,5,5,4,0,1,2,0,2,1,2,3.0,4.0,1.1428571428571428,1.0
CSE2614704,2026-08-04 06:23:00+00:00,Medium,3,3,3,4,3,3,1,3,4,5,4,4,5,5,0,1,2,0,1,2,4,2.857142857142857,4.285714285714286,1.4285714285714286,1.4285714285714284
CSE2614705,2026-08-04 06:24:00+00:00,Medium,5,3,1,4,3,5,4,4,4,4,4,4,4,5,0,1,3,0,1,0,1,3.5714285714285716,4.142857142857143,0.8571428571428571,0.5714285714285716
CSE2614706,2026-08-04 06:25:00+00:00,Low,3,4,3,5,4,4,2,3,4,5,4,3,5,3,0,0,2,0,0,1,1,3.5714285714285716,3.857142857142857,0.5714285714285714,0.2857142857142856
CSE2614707,2026-08-04 06:26:00+00:00,Medium,3,4,2,4,4,3,4,5,4,5,5,4,5,4,2,0,3,1,0,2,0,3.4285714285714284,4.571428571428571,1.1428571428571428,1.1428571428571428
CSE2614708,2026-08-04 06:27:00+00:00,Low,3,3,4,4,5,2,3,3,5,4,4,4,4,3,0,2,0,0,0,2,0,3.4285714285714284,3.857142857142857,0.5714285714285714,0.4285714285714288
CSE2614709,2026-08-04 06:28:00+00:00,Medium,3,4,3,3,4,1,2,4,4,5,4,4,4,4,1,0,2,1,0,3,2,2.857142857142857,4.142857142857143,1.2857142857142858,1.285714285714286
CSE2614710,2026-08-04 06:29:00+00:00,Low,3,4,3,3,3,4,4,4,3,4,4,4,4,5,1,0,1,1,1,0,1,3.4285714285714284,4.0,0.7142857142857143,0.5714285714285716
CSE2614711,2026-08-04 06:30:00+00:00,High,2,3,1,2,3,3,2,4,5,5,4,3,5,4,2,2,4,2,0,2,2,2.2857142857142856,4.285714285714286,2.0,2.0
CSE2614712,2026-08-04 06:31:00+00:00,Medium,2,3,4,3,4,3,4,4,5,4,3,4,4,5,2,2,0,0,0,1,1,3.2857142857142856,4.142857142857143,0.8571428571428571,0.8571428571428577
CSE2614713,2026-08-04 06:32:00+00:00,Low,4,4,4,2,3,4,4,5,4,3,4,3,4,4,1,0,0,2,0,0,0,3.5714285714285716,3.857142857142857,0.42857142857142855,0.2857142857142856
CSE2614714,2026-08-04 06:33:00+00:00,High,2,4,5,3,1,3,2,4,5,5,5,5,4,4,2,1,0,2,4,1,2,2.857142857142857,4.571428571428571,1.7142857142857142,1.714285714285714
CSE2614715,2026-08-04 06:34:00+00:00,Medium,3,2,4,4,2,2,5,5,3,3,4,5,4,4,2,1,0,0,3,2,0,3.142857142857143,4.0,1.1428571428571428,0.8571428571428572
CSE2614716,2026-08-04 06:35:00+00:00,Low,3,5,2,4,5,3,5,3,3,4,3,4,4,4,0,0,2,0,0,1,0,3.857142857142857,3.5714285714285716,0.42857142857142855,-0.2857142857142856
CSE2614717,2026-08-04 06:36:00+00:00,Medium,3,3,1,3,4,4,4,4,4,5,4,4,5,5,1,1,4,1,0,1,1,3.142857142857143,4.428571428571429,1.2857142857142858,1.285714285714286
CSE2614718,2026-08-04 06:37:00+00:00,Medium,1,4,4,2,5,4,3,5,4,4,5,5,3,3,4,0,0,3,0,0,0,3.2857142857142856,4.142857142857143,1.0,0.8571428571428577
CSE2614719,2026-08-04 06:38:00+00:00,High,3,1,2,2,4,4,4,5,4,4,4,5,5,3,2,3,2,2,1,1,0,2.857142857142857,4.285714285714286,1.5714285714285714,1.4285714285714284
CSE2614720,2026-08-04 06:39:00+00:00,Low,2,5,4,4,5,4,3,4,4,4,3,4,5,4,2,0,0,0,0,1,1,3.857142857142857,4.0,0.5714285714285714,0.1428571428571428
CSE2614721,2026-08-04 06:40:00+00:00,Low,4,4,3,3,5,3,4,4,4,5,5,5,3,3,0,0,2,2,0,0,0,3.7142857142857144,4.142857142857143,0.5714285714285714,0.4285714285714288
CSE2614722,2026-08-04 06:41:00+00:00,High,2,2,3,4,3,2,2,3,4,5,3,4,5,5,1,2,2,0,1,3,3,2.5714285714285716,4.142857142857143,1.7142857142857142,1.5714285714285716
CSE2614723,2026-08-04 06:42:00+00:00,Medium,3,2,3,2,3,4,5,4,4,4,5,3,5,5,1,2,1,3,0,1,0,3.142857142857143,4.285714285714286,1.1428571428571428,1.1428571428571428
CSE2614724,2026-08-04 06:43:00+00:00,Low,3,3,4,2,4,3,3,4,4,4,3,4,3,4,1,1,0,1,0,0,1,3.142857142857143,3.7142857142857144,0.5714285714285714,0.5714285714285716
CSE2614725,2026-08-04 06:44:00+00:00,Medium,5,4,4,3,2,3,3,3,4,3,5,4,5,4,0,0,0,2,2,2,1,3.4285714285714284,4.0,1.0,0.5714285714285716
CSE2614726,2026-08-04 06:45:00+00:00,Medium,2,4,3,3,4,4,5,5,4,4,5,5,4,5,3,0,1,2,1,0,0,3.5714285714285716,4.571428571428571,1.0,0.9999999999999996
CSE2614727,2026-08-04 06:46:00+00:00,Medium,4,4,3,3,2,4,3,4,4,5,5,3,4,4,0,0,2,2,1,0,1,3.2857142857142856,4.142857142857143,0.8571428571428571,0.8571428571428577
CSE2614728,2026-08-04 06:47:00+00:00,Medium,3,3,4,3,4,3,2,4,5,5,4,4,4,4,1,2,1,1,0,1,2,3.142857142857143,4.285714285714286,1.1428571428571428,1.1428571428571428
CSE2614729,2026-08-04 06:48:00+00:00,Medium,4,3,2,4,3,3,3,4,4,4,4,5,4,4,0,1,2,0,2,1,1,3.142857142857143,4.142857142857143,1.0,1.0000000000000004
CSE2614730,2026-08-04 06:49:00+00:00,Low,5,4,2,3,5,4,4,5,4,4,4,5,4,4,0,0,2,1,0,0,0,3.857142857142857,4.285714285714286,0.42857142857142855,0.4285714285714284
CSE2614731,2026-08-04 06:50:00+00:00,Medium,4,3,4,3,4,2,5,5,4,3,4,5,5,4,1,1,0,1,1,3,0,3.5714285714285716,4.285714285714286,1.0,0.714285714285714
CSE2614732,2026-08-04 06:51:00+00:00,Medium,3,1,2,2,5,4,3,3,4,4,5,4,4,4,0,3,2,3,0,0,1,2.857142857142857,4.0,1.2857142857142858,1.1428571428571428
CSE2614733,2026-08-04 06:52:00+00:00,Medium,4,4,1,2,2,4,4,4,4,3,5,5,4,4,0,0,2,3,3,0,0,3.0,4.142857142857143,1.1428571428571428,1.1428571428571432
CSE2614734,2026-08-04 06:53:00+00:00,Low,5,3,4,3,4,4,4,3,4,4,4,5,4,4,0,1,0,1,1,0,0,3.857142857142857,4.0,0.42857142857142855,0.1428571428571428
CSE2614735,2026-08-04 06:54:00+00:00,Medium,4,4,1,5,2,3,4,4,4,4,4,4,5,4,0,0,3,0,2,2,0,3.2857142857142856,4.142857142857143,1.0,0.8571428571428577
CSE2614736,2026-08-04 06:55:00+00:00,High,3,2,2,2,2,5,4,3,4,5,4,5,4,5,0,2,3,2,3,0,1,2.857142857142857,4.285714285714286,1.5714285714285714,1.4285714285714284
CSE2614737,2026-08-04 06:56:00+00:00,High,2,1,3,1,3,5,5,5,4,4,5,4,4,4,3,3,1,4,1,0,0,2.857142857142857,4.285714285714286,1.7142857142857142,1.4285714285714284
CSE2614738,2026-08-04 06:57:00+00:00,Low,4,4,2,5,4,3,4,4,4,4,5,5,4,5,0,0,2,0,1,1,1,3.7142857142857144,4.428571428571429,0.7142857142857143,0.7142857142857144
CSE2614739,2026-08-04 06:58:00+00:00,Medium,3,4,1,3,2,3,1,4,4,4,4,3,3,5,1,0,3,1,1,0,4,2.4285714285714284,3.857142857142857,1.4285714285714286,1.4285714285714288
CSE2614740,2026-08-04 06:59:00+00:00,Medium,4,4,2,3,3,5,3,4,5,5,4,5,4,3,0,1,3,1,2,0,0,3.4285714285714284,4.285714285714286,1.0,0.8571428571428572
CSE2614741,2026-08-04 07:00:00+00:00,Medium,3,5,4,4,1,3,3,4,4,4,4,5,4,4,1,0,0,0,4,1,1,3.2857142857142856,4.142857142857143,1.0,0.8571428571428577
CSE2614742,2026-08-04 07:01:00+00:00,Medium,5,5,4,4,3,2,1,4,3,5,3,3,5,4,0,0,1,0,0,3,3,3.4285714285714284,3.857142857142857,1.0,0.4285714285714288
CSE2614743,2026-08-04 07:02:00+00:00,Medium,4,5,3,3,4,1,3,4,4,4,3,5,4,4,0,0,1,0,1,3,1,3.2857142857142856,4.0,0.8571428571428571,0.7142857142857144
CSE2614744,2026-08-04 07:03:00+00:00,Medium,2,2,3,5,4,4,1,3,4,5,4,5,4,5,1,2,2,0,1,0,4,3.0,4.285714285714286,1.4285714285714286,1.2857142857142856
CSE2614745,2026-08-04 07:04:00+00:00,Medium,3,5,3,3,4,4,3,5,5,4,4,5,3,5,2,0,1,1,1,0,2,3.5714285714285716,4.428571428571429,1.0,0.8571428571428572
CSE2614746,2026-08-04 07:05:00+00:00,Medium,1,1,5,5,3,4,2,4,4,4,4,3,4,5,3,3,0,0,0,0,3,3.0,4.0,1.2857142857142858,1.0
CSE2614747,2026-08-04 07:06:00+00:00,High,3,4,2,3,1,4,2,5,4,5,4,5,5,5,2,0,3,1,4,1,3,2.7142857142857144,4.714285714285714,2.0,2.0
CSE2614748,2026-08-04 07:07:00+00:00,Medium,3,3,3,3,3,3,3,5,3,4,4,4,4,3,2,0,1,1,1,1,0,3.0,3.857142857142857,0.8571428571428571,0.8571428571428572
CSE2614749,2026-08-04 07:08:00+00:00,Medium,3,3,1,5,2,4,1,3,3,4,5,5,3,4,0,0,3,0,3,0,3,2.7142857142857144,3.857142857142857,1.2857142857142858,1.1428571428571428
CSE2614750,2026-08-04 07:09:00+00:00,Medium,2,4,4,5,4,3,1,4,5,5,3,5,5,4,2,1,1,0,1,2,3,3.2857142857142856,4.428571428571429,1.4285714285714286,1.1428571428571432
CSE2614751,2026-08-04 07:10:00+00:00,High,3,3,2,2,4,2,3,4,4,4,5,4,5,4,1,1,2,3,0,3,1,2.7142857142857144,4.285714285714286,1.5714285714285714,1.5714285714285712
CSE2614752,2026-08-04 07:11:00+00:00,Low,3,4,3,3,4,4,4,4,4,5,4,4,4,4,1,0,2,1,0,0,0,3.5714285714285716,4.142857142857143,0.5714285714285714,0.5714285714285716
CSE2614753,2026-08-04 07:12:00+00:00,High,3,3,1,2,3,4,3,4,4,3,5,5,5,5,1,1,2,3,2,1,2,2.7142857142857144,4.428571428571429,1.7142857142857142,1.7142857142857144
CSE2614754,2026-08-04 07:13:00+00:00,Medium,4,3,3,3,3,1,4,4,5,4,4,5,4,4,0,2,1,1,2,3,0,3.0,4.285714285714286,1.2857142857142858,1.2857142857142856
CSE2614755,2026-08-04 07:14:00+00:00,Medium,5,3,3,3,5,1,3,3,4,4,5,4,5,5,0,1,1,2,0,4,2,3.2857142857142856,4.285714285714286,1.4285714285714286,1.0
CSE2614756,2026-08-04 07:15:00+00:00,Medium,3,2,4,4,2,3,3,4,5,3,5,3,4,3,1,3,0,1,1,1,0,3.0,3.857142857142857,1.0,0.8571428571428572
CSE2614757,2026-08-04 07:16:00+00:00,Medium,4,4,3,3,4,3,1,3,4,4,4,4,4,4,0,0,1,1,0,1,3,3.142857142857143,3.857142857142857,0.8571428571428571,0.7142857142857144
CSE2614758,2026-08-04 07:17:00+00:00,Low,5,3,3,2,4,3,4,4,3,4,4,4,3,4,0,0,1,2,0,0,0,3.4285714285714284,3.7142857142857144,0.42857142857142855,0.28571428571428603
CSE2614759,2026-08-04 07:18:00+00:00,Low,1,3,4,5,3,4,3,3,4,5,4,4,4,3,2,1,1,0,1,0,0,3.2857142857142856,3.857142857142857,0.7142857142857143,0.5714285714285716
CSE2614760,2026-08-04 07:19:00+00:00,Low,4,3,3,2,4,4,4,4,4,4,4,4,5,4,0,1,1,2,0,1,0,3.4285714285714284,4.142857142857143,0.7142857142857143,0.7142857142857149
CSE2614761,2026-08-04 07:20:00+00:00,Low,4,3,3,4,3,5,3,5,4,4,4,4,5,4,1,1,1,0,1,0,1,3.5714285714285716,4.285714285714286,0.7142857142857143,0.714285714285714
CSE2614762,2026-08-04 07:21:00+00:00,Low,3,4,5,5,1,4,4,4,4,4,5,4,5,4,1,0,0,0,3,1,0,3.7142857142857144,4.285714285714286,0.7142857142857143,0.5714285714285712
CSE2614763,2026-08-04 07:22:00+00:00,Medium,3,5,4,2,3,3,2,5,3,4,4,4,3,4,2,0,0,2,1,0,2,3.142857142857143,3.857142857142857,1.0,0.7142857142857144
CSE2614764,2026-08-04 07:23:00+00:00,Medium,3,2,3,3,4,4,3,3,4,5,4,3,4,5,0,2,2,1,0,0,2,3.142857142857143,4.0,1.0,0.8571428571428572
CSE2614765,2026-08-04 07:24:00+00:00,Medium,3,5,4,4,2,2,4,5,4,4,4,5,4,4,2,0,0,0,3,2,0,3.4285714285714284,4.285714285714286,1.0,0.8571428571428572
CSE2614766,2026-08-04 07:25:00+00:00,Low,2,5,5,3,5,4,4,4,4,3,4,5,4,5,2,0,0,1,0,0,1,4.0,4.142857142857143,0.5714285714285714,0.14285714285714324
CSE2614767,2026-08-04 07:26:00+00:00,Medium,4,5,2,4,5,3,1,4,5,4,4,5,5,5,0,0,2,0,0,2,4,3.4285714285714284,4.571428571428571,1.1428571428571428,1.1428571428571428
CSE2614768,2026-08-04 07:27:00+00:00,High,3,3,3,4,4,1,4,4,5,5,5,4,5,5,1,2,2,1,0,4,1,3.142857142857143,4.714285714285714,1.5714285714285714,1.5714285714285716
CSE2614769,2026-08-04 07:28:00+00:00,Medium,3,4,4,1,2,3,4,4,5,4,4,4,4,3,1,1,0,3,2,1,0,3.0,4.0,1.1428571428571428,1.0
CSE2614770,2026-08-04 07:29:00+00:00,Low,2,4,4,4,4,4,4,3,3,4,4,4,4,4,1,0,0,0,0,0,0,3.7142857142857144,3.7142857142857144,0.14285714285714285,0.0
CSE2614771,2026-08-04 07:30:00+00:00,Medium,2,4,4,2,4,3,4,4,4,5,4,5,4,3,2,0,1,2,1,1,0,3.2857142857142856,4.142857142857143,1.0,0.8571428571428577
CSE2614772,2026-08-04 07:31:00+00:00,High,4,1,2,3,2,1,5,3,4,5,5,4,4,4,0,3,3,2,2,3,0,2.5714285714285716,4.142857142857143,1.8571428571428572,1.5714285714285716
CSE2614773,2026-08-04 07:32:00+00:00,High,2,3,3,3,3,2,2,4,4,4,4,4,5,5,2,1,1,1,1,3,3,2.5714285714285716,4.285714285714286,1.7142857142857142,1.714285714285714
CSE2614774,2026-08-04 07:33:00+00:00,Medium,3,4,2,2,3,3,1,5,4,4,4,4,3,4,2,0,2,2,1,0,3,2.5714285714285716,4.0,1.4285714285714286,1.4285714285714284
CSE2614775,2026-08-04 07:34:00+00:00,Medium,4,4,4,1,3,1,3,4,4,5,4,5,5,3,0,0,1,3,2,4,0,2.857142857142857,4.285714285714286,1.4285714285714286,1.4285714285714284
CSE2614776,2026-08-04 07:35:00+00:00,Medium,5,3,2,2,4,5,5,5,4,5,5,3,3,4,0,1,3,3,0,0,0,3.7142857142857144,4.142857142857143,1.0,0.4285714285714288
CSE2614777,2026-08-04 07:36:00+00:00,Medium,5,4,3,3,1,5,3,3,4,5,4,4,5,4,0,0,2,1,3,0,1,3.4285714285714284,4.142857142857143,1.0,0.7142857142857149
CSE2614778,2026-08-04 07:37:00+00:00,High,3,4,3,2,2,1,4,4,4,4,4,5,5,5,1,0,1,2,3,4,1,2.7142857142857144,4.428571428571429,1.7142857142857142,1.7142857142857144
CSE2614779,2026-08-04 07:38:00+00:00,Medium,5,3,5,4,2,3,2,3,4,4,5,4,4,4,0,1,0,1,2,1,2,3.4285714285714284,4.0,1.0,0.5714285714285716
CSE2614780,2026-08-04 07:39:00+00:00,Medium,3,3,3,2,4,3,4,3,5,4,4,5,4,4,0,2,1,2,1,1,0,3.142857142857143,4.142857142857143,1.0,1.0000000000000004
CSE2614781,2026-08-04 07:40:00+00:00,High,4,1,3,2,3,4,3,3,5,5,4,4,3,5,0,4,2,2,1,0,2,2.857142857142857,4.142857142857143,1.5714285714285714,1.285714285714286
CSE2614782,2026-08-04 07:41:00+00:00,Medium,4,3,3,4,3,2,2,4,5,4,4,4,5,4,0,2,1,0,1,3,2,3.0,4.285714285714286,1.2857142857142858,1.2857142857142856
CSE2614783,2026-08-04 07:42:00+00:00,Medium,5,3,2,3,2,5,3,4,5,4,5,4,4,5,0,2,2,2,2,0,2,3.2857142857142856,4.428571428571429,1.4285714285714286,1.1428571428571432
CSE2614784,2026-08-04 07:43:00+00:00,Medium,2,4,4,4,5,5,1,3,5,4,5,4,4,4,1,1,0,1,0,0,3,3.5714285714285716,4.142857142857143,0.8571428571428571,0.5714285714285716
CSE2614785,2026-08-04 07:44:00+00:00,High,2,5,3,3,2,2,4,5,3,4,4,5,4,5,3,0,1,1,3,2,1,3.0,4.285714285714286,1.5714285714285714,1.2857142857142856
CSE2614786,2026-08-04 07:45:00+00:00,Medium,3,2,5,4,2,4,5,4,5,5,5,4,4,4,1,3,0,1,2,0,0,3.5714285714285716,4.428571428571429,1.0,0.8571428571428572
CSE2614787,2026-08-04 07:46:00+00:00,Medium,4,2,2,4,3,3,4,5,3,5,4,5,5,5,1,1,3,0,2,2,1,3.142857142857143,4.571428571428571,1.4285714285714286,1.4285714285714284
CSE2614788,2026-08-04 07:47:00+00:00,Medium,4,4,2,3,2,3,3,4,4,3,4,4,5,4,0,0,1,1,2,2,1,3.0,4.0,1.0,1.0
CSE2614789,2026-08-04 07:48:00+00:00,Medium,3,3,1,4,4,3,4,4,5,4,4,3,5,4,1,2,3,0,0,2,0,3.142857142857143,4.142857142857143,1.1428571428571428,1.0000000000000004
CSE2614790,2026-08-04 07:49:00+00:00,Medium,2,4,2,3,3,4,4,5,4,4,4,4,4,3,3,0,2,1,1,0,0,3.142857142857143,4.0,1.0,0.8571428571428572
CSE2614791,2026-08-04 07:50:00+00:00,Medium,3,5,3,2,4,5,3,5,5,4,3,5,4,4,2,0,1,1,1,0,1,3.5714285714285716,4.285714285714286,0.8571428571428571,0.714285714285714
CSE2614792,2026-08-04 07:51:00+00:00,Medium,3,4,4,3,3,3,3,5,4,4,4,3,4,5,2,0,0,1,0,1,2,3.2857142857142856,4.142857142857143,0.8571428571428571,0.8571428571428577
CSE2614793,2026-08-04 07:52:00+00:00,High,4,3,1,3,1,2,3,4,5,4,4,5,3,4,0,2,3,1,4,1,1,2.4285714285714284,4.142857142857143,1.7142857142857142,1.7142857142857149
CSE2614794,2026-08-04 07:53:00+00:00,Medium,5,2,4,3,2,4,4,4,4,5,4,5,5,4,0,2,1,1,3,1,0,3.4285714285714284,4.428571428571429,1.1428571428571428,1.0000000000000004
CSE2614795,2026-08-04 07:54:00+00:00,Medium,5,2,3,3,3,3,3,3,4,4,3,4,3,5,0,2,1,0,1,0,2,3.142857142857143,3.7142857142857144,0.8571428571428571,0.5714285714285716
CSE2614796,2026-08-04 07:55:00+00:00,Medium,4,2,4,2,3,5,4,4,4,5,4,4,4,4,0,2,1,2,1,0,0,3.4285714285714284,4.142857142857143,0.8571428571428571,0.7142857142857149
CSE2614797,2026-08-04 07:56:00+00:00,Medium,5,3,3,3,4,2,3,3,5,4,4,5,5,4,0,2,1,1,1,3,1,3.2857142857142856,4.285714285714286,1.2857142857142858,1.0
CSE2614798,2026-08-04 07:57:00+00:00,High,3,3,2,2,4,1,4,5,4,5,5,4,5,4,2,1,3,3,0,4,0,2.7142857142857144,4.571428571428571,1.8571428571428572,1.8571428571428568
CSE2614799,2026-08-04 07:58:00+00:00,Medium,5,3,5,3,3,3,3,4,5,3,5,5,5,3,0,2,0,2,2,2,0,3.5714285714285716,4.285714285714286,1.1428571428571428,0.714285714285714
CSE2614800,2026-08-04 07:59:00+00:00,High,5,2,1,2,3,2,3,4,5,4,4,4,3,5,0,3,3,2,1,1,2,2.5714285714285716,4.142857142857143,1.7142857142857142,1.5714285714285716
CSE2614801,2026-08-04 08:00:00+00:00,Medium,4,4,3,2,2,3,3,4,5,5,3,3,5,4,0,1,2,1,1,2,1,3.0,4.142857142857143,1.1428571428571428,1.1428571428571432
CSE2614802,2026-08-04 08:01:00+00:00,High,2,1,2,4,3,3,2,5,4,4,4,3,4,4,3,3,2,0,0,1,2,2.4285714285714284,4.0,1.5714285714285714,1.5714285714285716
CSE2614803,2026-08-04 08:02:00+00:00,High,2,4,2,1,3,4,3,4,3,3,4,5,5,5,2,0,1,3,2,1,2,2.7142857142857144,4.142857142857143,1.5714285714285714,1.4285714285714288
CSE2614804,2026-08-04 08:03:00+00:00,Medium,2,5,1,5,3,5,3,4,5,3,5,5,4,4,2,0,2,0,2,0,1,3.4285714285714284,4.285714285714286,1.0,0.8571428571428572
CSE2614805,2026-08-04 08:04:00+00:00,Medium,2,4,3,4,5,5,2,4,3,5,4,5,4,4,2,0,2,0,0,0,2,3.5714285714285716,4.142857142857143,0.8571428571428571,0.5714285714285716
CSE2614806,2026-08-04 08:05:00+00:00,Medium,1,4,3,3,5,2,3,3,4,4,5,5,5,4,2,0,1,2,0,3,1,3.0,4.285714285714286,1.2857142857142858,1.2857142857142856
CSE2614807,2026-08-04 08:06:00+00:00,Medium,2,4,4,3,3,4,3,5,4,4,4,4,4,4,3,0,0,1,1,0,1,3.2857142857142856,4.142857142857143,0.8571428571428571,0.8571428571428577
CSE2614808,2026-08-04 08:07:00+00:00,Medium,2,3,3,3,3,1,3,4,4,5,4,4,4,3,2,1,2,1,1,3,0,2.5714285714285716,4.0,1.4285714285714286,1.4285714285714284
CSE2614809,2026-08-04 08:08:00+00:00,Medium,3,2,4,4,4,2,2,4,4,4,4,4,3,4,1,2,0,0,0,1,2,3.0,3.857142857142857,0.8571428571428571,0.8571428571428572
CSE2614810,2026-08-04 08:09:00+00:00,Medium,3,4,5,1,2,5,4,4,4,4,4,4,5,4,1,0,0,3,2,0,0,3.4285714285714284,4.142857142857143,0.8571428571428571,0.7142857142857149
CSE2614811,2026-08-04 08:10:00+00:00,Medium,5,3,4,2,1,3,5,4,3,3,5,4,5,4,0,0,0,3,3,2,0,3.2857142857142856,4.0,1.1428571428571428,0.7142857142857144
CSE2614812,2026-08-04 08:11:00+00:00,Medium,3,5,3,3,4,4,3,5,4,4,5,4,5,4,2,0,1,2,0,1,1,3.5714285714285716,4.428571428571429,1.0,0.8571428571428572
CSE2614813,2026-08-04 08:12:00+00:00,Medium,3,3,1,4,1,3,4,4,4,5,4,5,3,4,1,1,4,0,4,0,0,2.7142857142857144,4.142857142857143,1.4285714285714286,1.4285714285714288
CSE2614814,2026-08-04 08:13:00+00:00,Low,4,2,5,3,4,4,3,4,4,5,5,5,4,3,0,2,0,2,1,0,0,3.5714285714285716,4.285714285714286,0.7142857142857143,0.714285714285714
CSE2614815,2026-08-04 08:14:00+00:00,High,2,4,2,2,2,3,3,3,4,4,5,5,4,4,1,0,2,3,3,1,1,2.5714285714285716,4.142857142857143,1.5714285714285714,1.5714285714285716
CSE2614816,2026-08-04 08:15:00+00:00,High,3,1,3,4,3,3,3,4,4,4,5,5,4,5,1,3,1,1,2,1,2,2.857142857142857,4.428571428571429,1.5714285714285714,1.5714285714285716
CSE2614817,2026-08-04 08:16:00+00:00,Medium,4,3,4,2,2,5,4,4,4,5,4,5,4,4,0,1,1,2,3,0,0,3.4285714285714284,4.285714285714286,1.0,0.8571428571428572
CSE2614818,2026-08-04 08:17:00+00:00,Medium,3,3,3,3,3,4,3,4,4,4,4,5,4,5,1,1,1,1,2,0,2,3.142857142857143,4.285714285714286,1.1428571428571428,1.1428571428571428
CSE2614819,2026-08-04 08:18:00+00:00,High,1,2,3,3,1,3,2,5,4,3,4,4,5,5,4,2,0,1,3,2,3,2.142857142857143,4.285714285714286,2.142857142857143,2.142857142857143
CSE2614820,2026-08-04 08:19:00+00:00,Medium,3,1,4,5,2,4,4,3,4,5,3,5,3,5,0,3,1,0,3,0,1,3.2857142857142856,4.0,1.1428571428571428,0.7142857142857144
CSE2614821,2026-08-04 08:20:00+00:00,Medium,1,2,4,5,3,5,3,4,4,3,4,4,4,4,3,2,0,0,1,0,1,3.2857142857142856,3.857142857142857,1.0,0.5714285714285716
CSE2614822,2026-08-04 08:21:00+00:00,Medium,2,3,4,3,4,2,4,5,4,5,4,4,4,5,3,1,1,1,0,2,1,3.142857142857143,4.428571428571429,1.2857142857142858,1.285714285714286
CSE2614823,2026-08-04 08:22:00+00:00,High,3,4,3,2,1,4,1,4,4,5,5,5,5,4,1,0,2,3,4,1,3,2.5714285714285716,4.571428571428571,2.0,1.9999999999999996
CSE2614824,2026-08-04 08:23:00+00:00,High,2,3,3,2,2,1,3,4,5,4,4,4,3,4,2,2,1,2,2,2,1,2.2857142857142856,4.0,1.7142857142857142,1.7142857142857144
CSE2614825,2026-08-04 08:24:00+00:00,Medium,3,3,4,3,5,4,3,4,5,5,4,4,5,4,1,2,1,1,0,1,1,3.5714285714285716,4.428571428571429,1.0,0.8571428571428572
CSE2614826,2026-08-04 08:25:00+00:00,Low,5,3,3,3,4,3,5,4,4,4,3,4,5,4,0,1,1,0,0,2,0,3.7142857142857144,4.0,0.5714285714285714,0.2857142857142856
CSE2614827,2026-08-04 08:26:00+00:00,Low,2,5,2,5,3,4,4,4,5,4,5,3,4,4,2,0,2,0,0,0,0,3.5714285714285716,4.142857142857143,0.5714285714285714,0.5714285714285716
CSE2614828,2026-08-04 08:27:00+00:00,Medium,5,3,4,3,2,5,4,5,5,4,3,5,5,5,0,2,0,0,3,0,1,3.7142857142857144,4.571428571428571,0.8571428571428571,0.8571428571428568
CSE2614829,2026-08-04 08:28:00+00:00,Medium,3,2,3,3,5,4,4,5,5,4,3,4,5,4,2,3,1,0,0,1,0,3.4285714285714284,4.285714285714286,1.0,0.8571428571428572
CSE2614830,2026-08-04 08:29:00+00:00,Medium,1,4,4,4,3,2,3,4,4,4,4,5,5,5,3,0,0,0,2,3,2,3.0,4.428571428571429,1.4285714285714286,1.4285714285714288
CSE2614831,2026-08-04 08:30:00+00:00,Medium,3,2,2,3,3,3,4,4,5,3,4,4,4,5,1,3,1,1,1,1,1,2.857142857142857,4.142857142857143,1.2857142857142858,1.285714285714286
CSE2614832,2026-08-04 08:31:00+00:00,Low,2,4,4,5,4,4,4,4,3,4,3,5,4,4,2,0,0,0,1,0,0,3.857142857142857,3.857142857142857,0.42857142857142855,0.0
CSE2614833,2026-08-04 08:32:00+00:00,Medium,3,3,4,4,2,2,3,3,4,5,4,5,5,5,0,1,1,0,3,3,2,3.0,4.428571428571429,1.4285714285714286,1.4285714285714288
CSE2614834,2026-08-04 08:33:00+00:00,Medium,4,3,1,3,5,3,3,4,4,3,5,4,5,4,0,1,2,2,0,2,1,3.142857142857143,4.142857142857143,1.1428571428571428,1.0000000000000004
CSE2614835,2026-08-04 08:34:00+00:00,High,3,4,3,1,3,1,3,3,4,4,4,5,5,4,0,0,1,3,2,4,1,2.5714285714285716,4.142857142857143,1.5714285714285714,1.5714285714285716
CSE2614836,2026-08-04 08:35:00+00:00,Medium,3,4,3,3,2,4,2,5,4,4,5,4,5,4,2,0,1,2,2,1,2,3.0,4.428571428571429,1.4285714285714286,1.4285714285714288
CSE2614837,2026-08-04 08:36:00+00:00,Low,3,1,5,4,2,5,5,4,4,4,4,3,4,5,1,3,0,0,1,0,0,3.5714285714285716,4.0,0.7142857142857143,0.4285714285714284
CSE2614838,2026-08-04 08:37:00+00:00,Medium,5,5,4,3,2,1,4,5,4,4,4,5,3,4,0,0,0,1,3,2,0,3.4285714285714284,4.142857142857143,0.8571428571428571,0.7142857142857149
CSE2614839,2026-08-04 08:38:00+00:00,Medium,5,3,2,5,3,3,3,4,5,4,4,5,5,3,0,2,2,0,2,2,0,3.4285714285714284,4.285714285714286,1.1428571428571428,0.8571428571428572
CSE2614840,2026-08-04 08:39:00+00:00,Medium,3,2,3,4,3,2,3,4,4,4,4,4,5,4,1,2,1,0,1,3,1,2.857142857142857,4.142857142857143,1.2857142857142858,1.285714285714286
CSE2614841,2026-08-04 08:40:00+00:00,Low,4,4,2,3,4,5,3,5,4,4,3,5,4,4,1,0,2,0,1,0,1,3.5714285714285716,4.142857142857143,0.7142857142857143,0.5714285714285716
CSE2614842,2026-08-04 08:41:00+00:00,Medium,1,3,2,2,5,5,3,4,4,4,4,4,4,5,3,1,2,2,0,0,2,3.0,4.142857142857143,1.4285714285714286,1.1428571428571432
CSE2614843,2026-08-04 08:42:00+00:00,Medium,3,2,4,3,3,4,2,5,3,5,4,3,4,5,2,1,1,1,0,0,3,3.0,4.142857142857143,1.1428571428571428,1.1428571428571432
CSE2614844,2026-08-04 08:43:00+00:00,Low,4,3,4,3,4,4,4,4,4,5,4,5,4,4,0,1,1,1,1,0,0,3.7142857142857144,4.285714285714286,0.5714285714285714,0.5714285714285712
CSE2614845,2026-08-04 08:44:00+00:00,Medium,4,5,3,3,4,2,4,4,4,4,4,5,4,5,0,0,1,1,1,2,1,3.5714285714285716,4.285714285714286,0.8571428571428571,0.714285714285714
CSE2614846,2026-08-04 08:45:00+00:00,High,3,4,3,2,2,3,3,4,5,5,5,5,4,4,1,1,2,3,3,1,1,2.857142857142857,4.571428571428571,1.7142857142857142,1.714285714285714
CSE2614847,2026-08-04 08:46:00+00:00,Medium,4,3,1,5,4,1,2,4,4,5,3,3,4,4,0,1,4,0,0,3,2,2.857142857142857,3.857142857142857,1.4285714285714286,1.0
CSE2614848,2026-08-04 08:47:00+00:00,High,4,2,1,3,2,5,4,4,5,5,5,5,4,3,0,3,4,2,3,0,0,3.0,4.428571428571429,1.7142857142857142,1.4285714285714288
CSE2614849,2026-08-04 08:48:00+00:00,Low,4,4,3,4,4,5,4,3,4,5,4,4,4,4,0,0,2,0,0,0,0,4.0,4.0,0.2857142857142857,0.0
CSE2614850,2026-08-04 08:49:00+00:00,Medium,3,4,4,3,2,1,2,3,4,5,4,5,4,4,0,0,1,1,3,3,2,2.7142857142857144,4.142857142857143,1.4285714285714286,1.4285714285714288
CSE2614851,2026-08-04 08:50:00+00:00,Medium,3,3,2,2,4,2,4,3,4,4,4,3,5,4,0,1,2,2,0,3,0,2.857142857142857,3.857142857142857,1.1428571428571428,1.0
CSE2614852,2026-08-04 08:51:00+00:00,Medium,3,4,3,3,4,4,4,4,4,4,5,5,5,4,1,0,1,2,1,1,0,3.5714285714285716,4.428571428571429,0.8571428571428571,0.8571428571428572
CSE2614853,2026-08-04 08:52:00+00:00,Low,2,5,5,5,3,5,3,4,4,4,4,3,5,3,2,0,0,0,0,0,0,4.0,3.857142857142857,0.2857142857142857,-0.1428571428571428
CSE2614854,2026-08-04 08:53:00+00:00,High,3,4,2,1,3,1,4,3,5,5,5,3,4,3,0,1,3,4,0,3,0,2.5714285714285716,4.0,1.5714285714285714,1.4285714285714284
CSE2614855,2026-08-04 08:54:00+00:00,Medium,4,2,4,3,3,4,3,4,4,5,4,4,4,5,0,2,1,1,1,0,2,3.2857142857142856,4.285714285714286,1.0,1.0
CSE2614856,2026-08-04 08:55:00+00:00,Medium,5,1,3,3,3,3,4,4,4,5,4,5,4,5,0,3,2,1,2,1,1,3.142857142857143,4.428571428571429,1.4285714285714286,1.285714285714286
CSE2614857,2026-08-04 08:56:00+00:00,Medium,5,3,2,3,4,4,1,4,5,4,3,5,4,5,0,2,2,0,1,0,4,3.142857142857143,4.285714285714286,1.2857142857142858,1.1428571428571428
CSE2614858,2026-08-04 08:57:00+00:00,Low,5,3,4,4,4,3,3,4,5,3,3,4,4,4,0,2,0,0,0,1,1,3.7142857142857144,3.857142857142857,0.5714285714285714,0.1428571428571428
CSE2614859,2026-08-04 08:58:00+00:00,Low,2,4,3,4,3,5,4,3,4,4,3,5,4,4,1,0,1,0,2,0,0,3.5714285714285716,3.857142857142857,0.5714285714285714,0.2857142857142856
CSE2614860,2026-08-04 08:59:00+00:00,High,3,3,1,4,2,3,4,4,4,5,4,5,4,5,1,1,4,0,3,1,1,2.857142857142857,4.428571428571429,1.5714285714285714,1.5714285714285716
CSE2614861,2026-08-04 09:00:00+00:00,Medium,2,4,5,3,2,3,3,5,4,4,5,3,4,4,3,0,0,2,1,1,1,3.142857142857143,4.142857142857143,1.1428571428571428,1.0000000000000004
CSE2614862,2026-08-04 09:01:00+00:00,Low,3,2,4,3,3,5,5,3,4,5,4,4,4,4,0,2,1,1,1,0,0,3.5714285714285716,4.0,0.7142857142857143,0.4285714285714284
CSE2614863,2026-08-04 09:02:00+00:00,Low,2,4,4,1,3,4,3,4,4,4,4,3,4,3,2,0,0,3,0,0,0,3.0,3.7142857142857144,0.7142857142857143,0.7142857142857144
CSE2614864,2026-08-04 09:03:00+00:00,Medium,4,4,3,3,2,2,2,5,3,3,4,5,4,5,1,0,0,1,3,2,3,2.857142857142857,4.142857142857143,1.4285714285714286,1.285714285714286
CSE2614865,2026-08-04 09:04:00+00:00,Medium,4,2,4,3,3,3,2,5,4,5,3,5,4,5,1,2,1,0,2,1,3,3.0,4.428571428571429,1.4285714285714286,1.4285714285714288
CSE2614866,2026-08-04 09:05:00+00:00,Medium,4,2,3,4,2,3,3,5,4,4,4,4,3,4,1,2,1,0,2,0,1,3.0,4.0,1.0,1.0
CSE2614867,2026-08-04 09:06:00+00:00,Medium,1,2,4,3,3,3,4,4,4,4,3,5,4,4,3,2,0,0,2,1,0,2.857142857142857,4.0,1.1428571428571428,1.1428571428571428
CSE2614868,2026-08-04 09:07:00+00:00,Medium,4,3,3,5,2,3,3,4,4,4,4,5,4,4,0,1,1,0,3,1,1,3.2857142857142856,4.142857142857143,1.0,0.8571428571428577
CSE2614869,2026-08-04 09:08:00+00:00,High,3,2,5,2,2,1,4,5,4,4,3,5,4,4,2,2,0,1,3,3,0,2.7142857142857144,4.142857142857143,1.5714285714285714,1.4285714285714288
CSE2614870,2026-08-04 09:09:00+00:00,Medium,3,3,1,3,2,4,4,4,4,5,4,4,4,5,1,1,4,1,2,0,1,2.857142857142857,4.285714285714286,1.4285714285714286,1.4285714285714284
CSE2614871,2026-08-04 09:10:00+00:00,Medium,2,5,4,2,3,4,3,3,3,3,5,5,4,4,1,0,0,3,2,0,1,3.2857142857142856,3.857142857142857,1.0,0.5714285714285716
CSE2614872,2026-08-04 09:11:00+00:00,Medium,4,2,3,2,2,4,3,4,4,3,4,4,4,5,0,2,0,2,2,0,2,2.857142857142857,4.0,1.1428571428571428,1.1428571428571428
CSE2614873,2026-08-04 09:12:00+00:00,Medium,3,2,2,5,4,3,5,4,4,4,3,4,4,4,1,2,2,0,0,1,0,3.4285714285714284,3.857142857142857,0.8571428571428571,0.4285714285714288
CSE2614874,2026-08-04 09:13:00+00:00,Low,4,4,4,4,5,2,3,4,4,3,4,5,4,4,0,0,0,0,0,2,1,3.7142857142857144,4.0,0.42857142857142855,0.2857142857142856
CSE2614875,2026-08-04 09:14:00+00:00,Medium,3,5,3,1,3,2,4,5,3,4,4,5,4,4,2,0,1,3,2,2,0,3.0,4.142857142857143,1.4285714285714286,1.1428571428571432
CSE2614876,2026-08-04 09:15:00+00:00,High,3,4,1,2,3,3,1,4,4,3,5,3,4,5,1,0,2,3,0,1,4,2.4285714285714284,4.0,1.5714285714285714,1.5714285714285716
CSE2614877,2026-08-04 09:16:00+00:00,Medium,5,3,4,2,2,3,2,3,5,5,4,4,4,4,0,2,1,2,2,1,2,3.0,4.142857142857143,1.4285714285714286,1.1428571428571432
CSE2614878,2026-08-04 09:17:00+00:00,Medium,4,3,2,3,2,1,3,4,3,4,3,4,3,5,0,0,2,0,2,2,2,2.5714285714285716,3.7142857142857144,1.1428571428571428,1.1428571428571428
CSE2614879,2026-08-04 09:18:00+00:00,Medium,3,3,3,2,2,3,5,4,4,4,3,5,4,3,1,1,1,1,3,1,0,3.0,3.857142857142857,1.1428571428571428,0.8571428571428572
CSE2614880,2026-08-04 09:19:00+00:00,Low,3,4,3,1,3,5,4,3,4,4,3,5,3,3,0,0,1,2,2,0,0,3.2857142857142856,3.5714285714285716,0.7142857142857143,0.28571428571428603
CSE2614881,2026-08-04 09:20:00+00:00,Medium,5,3,4,3,3,2,4,5,4,3,4,5,4,4,0,1,0,1,2,2,0,3.4285714285714284,4.142857142857143,0.8571428571428571,0.7142857142857149
CSE2614882,2026-08-04 09:21:00+00:00,Medium,3,3,2,1,4,5,5,4,4,5,5,4,3,5,1,1,3,4,0,0,0,3.2857142857142856,4.285714285714286,1.2857142857142858,1.0
CSE2614883,2026-08-04 09:22:00+00:00,Medium,4,3,4,2,3,2,2,4,5,4,4,4,4,4,0,2,0,2,1,2,2,2.857142857142857,4.142857142857143,1.2857142857142858,1.285714285714286
CSE2614884,2026-08-04 09:23:00+00:00,Low,4,3,4,3,4,4,3,5,3,4,5,4,4,4,1,0,0,2,0,0,1,3.5714285714285716,4.142857142857143,0.5714285714285714,0.5714285714285716
CSE2614885,2026-08-04 09:24:00+00:00,Medium,3,5,3,2,2,5,5,5,4,5,5,5,5,4,2,0,2,3,3,0,0,3.5714285714285716,4.714285714285714,1.4285714285714286,1.1428571428571428
CSE2614886,2026-08-04 09:25:00+00:00,Low,3,5,4,5,5,4,3,4,4,5,4,4,4,5,1,0,1,0,0,0,2,4.142857142857143,4.285714285714286,0.5714285714285714,0.14285714285714235
CSE2614887,2026-08-04 09:26:00+00:00,Low,4,3,3,5,3,4,3,4,4,4,5,3,4,5,0,1,1,0,0,0,2,3.5714285714285716,4.142857142857143,0.5714285714285714,0.5714285714285716
CSE2614888,2026-08-04 09:27:00+00:00,Medium,3,3,2,4,4,2,4,4,5,4,5,4,5,4,1,2,2,1,0,3,0,3.142857142857143,4.428571428571429,1.2857142857142858,1.285714285714286
CSE2614889,2026-08-04 09:28:00+00:00,Low,4,4,3,4,2,3,3,5,4,3,4,3,5,4,1,0,0,0,1,2,1,3.2857142857142856,4.0,0.7142857142857143,0.7142857142857144
CSE2614890,2026-08-04 09:29:00+00:00,Medium,3,3,4,5,3,2,1,5,4,4,3,4,4,4,2,1,0,0,1,2,3,3.0,4.0,1.2857142857142858,1.0
CSE2614891,2026-08-04 09:30:00+00:00,Low,3,2,5,5,2,4,3,4,4,4,4,4,4,3,1,2,0,0,2,0,0,3.4285714285714284,3.857142857142857,0.7142857142857143,0.4285714285714288
CSE2614892,2026-08-04 09:31:00+00:00,Medium,3,2,3,4,3,4,1,4,4,4,4,4,4,4,1,2,1,0,1,0,3,2.857142857142857,4.0,1.1428571428571428,1.1428571428571428
CSE2614893,2026-08-04 09:32:00+00:00,Medium,3,5,2,3,3,4,1,5,5,4,4,4,4,4,2,0,2,1,1,0,3,3.0,4.285714285714286,1.2857142857142858,1.2857142857142856
CSE2614894,2026-08-04 09:33:00+00:00,Medium,2,4,3,2,2,4,4,5,3,4,4,4,4,3,3,0,1,2,2,0,0,3.0,3.857142857142857,1.1428571428571428,0.8571428571428572
CSE2614895,2026-08-04 09:34:00+00:00,Medium,3,4,4,3,1,4,4,4,5,4,4,5,4,4,1,1,0,1,4,0,0,3.2857142857142856,4.285714285714286,1.0,1.0
CSE2614896,2026-08-04 09:35:00+00:00,Medium,3,3,4,4,3,3,4,4,4,4,4,5,4,5,1,1,0,0,2,1,1,3.4285714285714284,4.285714285714286,0.8571428571428571,0.8571428571428572
CSE2614897,2026-08-04 09:36:00+00:00,Low,4,4,3,3,5,3,3,5,3,4,3,3,3,3,1,0,1,0,0,0,0,3.5714285714285716,3.4285714285714284,0.2857142857142857,-0.14285714285714324
CSE2614898,2026-08-04 09:37:00+00:00,Low,3,3,3,4,5,3,3,5,4,4,3,3,3,4,2,1,1,0,0,0,1,3.4285714285714284,3.7142857142857144,0.7142857142857143,0.28571428571428603
CSE2614899,2026-08-04 09:38:00+00:00,Medium,2,4,5,4,3,3,3,3,4,4,4,5,4,5,1,0,0,0,2,1,2,3.4285714285714284,4.142857142857143,0.8571428571428571,0.7142857142857149
CSE2614900,2026-08-04 09:39:00+00:00,High,3,3,1,2,3,3,3,4,4,4,4,4,5,4,1,1,3,2,1,2,1,2.5714285714285716,4.142857142857143,1.5714285714285714,1.5714285714285716
CSE2614901,2026-08-04 09:40:00+00:00,Low,4,4,5,2,4,2,5,4,4,5,4,4,3,4,0,0,0,2,0,1,0,3.7142857142857144,4.0,0.42857142857142855,0.2857142857142856
CSE2614902,2026-08-04 09:41:00+00:00,Medium,4,3,5,4,1,2,5,4,5,4,4,4,4,4,0,2,0,0,3,2,0,3.4285714285714284,4.142857142857143,1.0,0.7142857142857149
CSE2614903,2026-08-04 09:42:00+00:00,Low,4,3,4,4,4,4,2,5,4,4,4,3,4,5,1,1,0,0,0,0,3,3.5714285714285716,4.142857142857143,0.7142857142857143,0.5714285714285716
CSE2614904,2026-08-04 09:43:00+00:00,Low,4,4,5,3,2,4,4,5,4,4,4,4,4,4,1,0,0,1,2,0,0,3.7142857142857144,4.142857142857143,0.5714285714285714,0.4285714285714288
CSE2614905,2026-08-04 09:44:00+00:00,Medium,4,1,5,4,2,4,3,5,3,4,4,5,3,4,1,2,0,0,3,0,1,3.2857142857142856,4.0,1.0,0.7142857142857144
CSE2614906,2026-08-04 09:45:00+00:00,Low,5,5,2,3,3,4,3,5,4,4,4,4,4,4,0,0,2,1,1,0,1,3.5714285714285716,4.142857142857143,0.7142857142857143,0.5714285714285716
CSE2614907,2026-08-04 09:46:00+00:00,Medium,2,4,5,3,3,2,5,3,5,4,5,4,4,4,1,1,0,2,1,2,0,3.4285714285714284,4.142857142857143,1.0,0.7142857142857149
CSE2614908,2026-08-04 09:47:00+00:00,Medium,5,5,3,3,5,3,1,5,4,4,4,4,3,5,0,0,1,1,0,0,4,3.5714285714285716,4.142857142857143,0.8571428571428571,0.5714285714285716
CSE2614909,2026-08-04 09:48:00+00:00,High,4,3,3,1,2,2,4,4,4,4,5,5,5,4,0,1,1,4,3,3,0,2.7142857142857144,4.428571428571429,1.7142857142857142,1.7142857142857144
CSE2614910,2026-08-04 09:49:00+00:00,Medium,3,1,5,4,4,3,3,4,5,4,3,4,5,4,1,4,0,0,0,2,1,3.2857142857142856,4.142857142857143,1.1428571428571428,0.8571428571428577
CSE2614911,2026-08-04 09:50:00+00:00,Medium,3,4,3,3,4,2,4,5,4,4,4,5,5,4,2,0,1,1,1,3,0,3.2857142857142856,4.428571428571429,1.1428571428571428,1.1428571428571432
CSE2614912,2026-08-04 09:51:00+00:00,Low,4,3,4,5,3,4,5,5,5,4,4,4,4,4,1,2,0,0,1,0,0,4.0,4.285714285714286,0.5714285714285714,0.2857142857142856
CSE2614913,2026-08-04 09:52:00+00:00,Medium,3,1,3,5,2,3,5,4,5,4,4,5,4,4,1,4,1,0,3,1,0,3.142857142857143,4.285714285714286,1.4285714285714286,1.1428571428571428
CSE2614914,2026-08-04 09:53:00+00:00,High,3,2,2,2,3,2,5,4,5,5,5,4,4,5,1,3,3,3,1,2,0,2.7142857142857144,4.571428571428571,1.8571428571428572,1.8571428571428568
CSE2614915,2026-08-04 09:54:00+00:00,Medium,4,3,3,1,3,4,3,5,5,4,4,4,5,3,1,2,1,3,1,1,0,3.0,4.285714285714286,1.2857142857142858,1.2857142857142856
CSE2614916,2026-08-04 09:55:00+00:00,Low,5,4,2,3,3,4,4,4,3,5,4,4,4,4,0,0,3,1,1,0,0,3.5714285714285716,4.0,0.7142857142857143,0.4285714285714284
CSE2614917,2026-08-04 09:56:00+00:00,High,3,4,1,2,2,2,4,4,5,4,4,5,4,3,1,1,3,2,3,2,0,2.5714285714285716,4.142857142857143,1.7142857142857142,1.5714285714285716
CSE2614918,2026-08-04 09:57:00+00:00,Low,4,4,3,2,4,4,4,4,5,4,3,3,4,4,0,1,1,1,0,0,0,3.5714285714285716,3.857142857142857,0.42857142857142855,0.2857142857142856
CSE2614919,2026-08-04 09:58:00+00:00,High,3,2,1,3,3,3,3,5,4,4,5,4,4,4,2,2,3,2,1,1,1,2.5714285714285716,4.285714285714286,1.7142857142857142,1.714285714285714
CSE2614920,2026-08-04 09:59:00+00:00,Medium,4,3,1,2,3,3,5,4,4,4,4,4,4,3,0,1,3,2,1,1,0,3.0,3.857142857142857,1.1428571428571428,0.8571428571428572
CSE2614921,2026-08-04 10:00:00+00:00,Medium,3,2,2,4,4,4,4,4,4,5,5,4,3,4,1,2,3,1,0,0,0,3.2857142857142856,4.142857142857143,1.0,0.8571428571428577
CSE2614922,2026-08-04 10:01:00+00:00,Medium,3,4,3,4,4,3,2,4,4,5,5,5,4,4,1,0,2,1,1,1,2,3.2857142857142856,4.428571428571429,1.1428571428571428,1.1428571428571432
CSE2614923,2026-08-04 10:02:00+00:00,Medium,2,2,3,3,3,1,4,3,4,5,3,4,4,4,1,2,2,0,1,3,0,2.5714285714285716,3.857142857142857,1.2857142857142858,1.2857142857142856
CSE2614924,2026-08-04 10:03:00+00:00,High,2,1,3,3,3,1,3,4,5,4,3,5,4,4,2,4,1,0,2,3,1,2.2857142857142856,4.142857142857143,1.8571428571428572,1.8571428571428577
CSE2614925,2026-08-04 10:04:00+00:00,Medium,2,3,3,5,3,3,2,4,5,4,5,4,4,4,2,2,1,0,1,1,2,3.0,4.285714285714286,1.2857142857142858,1.2857142857142856
CSE2614926,2026-08-04 10:05:00+00:00,Medium,3,4,3,5,1,2,4,4,4,4,4,4,4,4,1,0,1,0,3,2,0,3.142857142857143,4.0,1.0,0.8571428571428572
CSE2614927,2026-08-04 10:06:00+00:00,Medium,3,1,3,4,3,2,5,4,4,4,3,5,4,4,1,3,1,0,2,2,0,3.0,4.0,1.2857142857142858,1.0
CSE2614928,2026-08-04 10:07:00+00:00,Medium,3,3,3,3,4,3,2,4,4,4,4,4,4,4,1,1,1,1,0,1,2,3.0,4.0,1.0,1.0
CSE2614929,2026-08-04 10:08:00+00:00,Medium,3,3,2,4,3,3,5,4,4,5,4,4,5,4,1,1,3,0,1,2,0,3.2857142857142856,4.285714285714286,1.1428571428571428,1.0
CSE2614930,2026-08-04 10:09:00+00:00,Medium,2,3,2,4,3,3,3,4,4,4,4,4,3,4,2,1,2,0,1,0,1,2.857142857142857,3.857142857142857,1.0,1.0
CSE2614931,2026-08-04 10:10:00+00:00,Medium,3,4,2,2,3,2,4,3,5,5,4,4,5,4,0,1,3,2,1,3,0,2.857142857142857,4.285714285714286,1.4285714285714286,1.4285714285714284
CSE2614932,2026-08-04 10:11:00+00:00,Low,5,3,5,4,3,3,4,3,5,5,4,4,4,3,0,2,0,0,1,1,0,3.857142857142857,4.0,0.5714285714285714,0.1428571428571428
CSE2614933,2026-08-04 10:12:00+00:00,Low,3,3,4,4,5,3,3,4,4,4,5,4,4,4,1,1,0,1,0,1,1,3.5714285714285716,4.142857142857143,0.7142857142857143,0.5714285714285716
CSE2614934,2026-08-04 10:13:00+00:00,Medium,4,4,3,3,3,4,2,4,4,5,3,4,3,5,0,0,2,0,1,0,3,3.2857142857142856,4.0,0.8571428571428571,0.7142857142857144
CSE2614935,2026-08-04 10:14:00+00:00,Medium,3,3,4,3,3,5,2,5,5,4,4,4,4,4,2,2,0,1,1,0,2,3.2857142857142856,4.285714285714286,1.1428571428571428,1.0
CSE2614936,2026-08-04 10:15:00+00:00,Medium,4,4,3,2,4,2,2,4,3,4,4,5,4,3,0,0,1,2,1,2,1,3.0,3.857142857142857,1.0,0.8571428571428572
CSE2614937,2026-08-04 10:16:00+00:00,Medium,2,4,4,2,3,5,2,4,4,4,4,4,4,3,2,0,0,2,1,0,1,3.142857142857143,3.857142857142857,0.8571428571428571,0.7142857142857144
CSE2614938,2026-08-04 10:17:00+00:00,Low,4,3,4,3,4,4,3,4,4,5,4,4,4,5,0,1,1,1,0,0,2,3.5714285714285716,4.285714285714286,0.7142857142857143,0.714285714285714
CSE2614939,2026-08-04 10:18:00+00:00,Low,2,3,4,5,1,4,4,4,3,4,3,3,4,4,2,0,0,0,2,0,0,3.2857142857142856,3.5714285714285716,0.5714285714285714,0.28571428571428603
CSE2614940,2026-08-04 10:19:00+00:00,Medium,3,5,3,5,2,2,4,4,4,4,4,5,4,4,1,0,1,0,3,2,0,3.4285714285714284,4.142857142857143,1.0,0.7142857142857149
CSE2614941,2026-08-04 10:20:00+00:00,Medium,3,3,1,1,3,4,5,3,4,4,4,4,4,5,0,1,3,3,1,0,0,2.857142857142857,4.0,1.1428571428571428,1.1428571428571428
CSE2614942,2026-08-04 10:21:00+00:00,High,5,1,3,2,2,5,3,4,5,4,5,5,5,4,0,4,1,3,3,0,1,3.0,4.571428571428571,1.7142857142857142,1.5714285714285712
CSE2614943,2026-08-04 10:22:00+00:00,Medium,3,4,3,3,1,1,5,4,5,5,4,3,3,3,1,1,2,1,2,2,0,2.857142857142857,3.857142857142857,1.2857142857142858,1.0
CSE2614944,2026-08-04 10:23:00+00:00,Medium,5,5,2,1,4,4,3,4,4,4,5,3,5,5,0,0,2,4,0,1,2,3.4285714285714284,4.285714285714286,1.2857142857142858,0.8571428571428572
CSE2614945,2026-08-04 10:24:00+00:00,Low,3,3,4,3,5,4,3,4,5,5,3,5,3,3,1,2,1,0,0,0,0,3.5714285714285716,4.0,0.5714285714285714,0.4285714285714284
CSE2614946,2026-08-04 10:25:00+00:00,Medium,3,4,3,2,2,3,5,3,5,4,5,5,4,4,0,1,1,3,3,1,0,3.142857142857143,4.285714285714286,1.2857142857142858,1.1428571428571428
CSE2614947,2026-08-04 10:26:00+00:00,Medium,4,3,4,4,2,3,3,4,4,5,3,4,4,4,0,1,1,0,2,1,1,3.2857142857142856,4.0,0.8571428571428571,0.7142857142857144
CSE2614948,2026-08-04 10:27:00+00:00,Medium,1,3,3,4,4,3,2,5,4,4,4,5,3,5,4,1,1,0,1,0,3,2.857142857142857,4.285714285714286,1.4285714285714286,1.4285714285714284
CSE2614949,2026-08-04 10:28:00+00:00,Medium,3,3,4,5,4,3,3,5,4,5,5,4,4,4,2,1,1,0,0,1,1,3.5714285714285716,4.428571428571429,0.8571428571428571,0.8571428571428572
CSE2614950,2026-08-04 10:29:00+00:00,Medium,3,3,4,2,2,4,1,4,3,4,3,4,5,4,1,0,0,1,2,1,3,2.7142857142857144,3.857142857142857,1.1428571428571428,1.1428571428571428
CSE2614951,2026-08-04 10:30:00+00:00,Medium,3,1,1,4,4,4,5,5,4,5,4,4,3,5,2,3,4,0,0,0,0,3.142857142857143,4.285714285714286,1.2857142857142858,1.1428571428571428
CSE2614952,2026-08-04 10:31:00+00:00,Medium,4,2,4,3,3,3,4,4,5,4,4,4,4,5,0,3,0,1,1,1,1,3.2857142857142856,4.285714285714286,1.0,1.0
CSE2614953,2026-08-04 10:32:00+00:00,Medium,2,4,1,4,2,5,3,3,5,4,4,3,3,5,1,1,3,0,1,0,2,3.0,3.857142857142857,1.1428571428571428,0.8571428571428572
CSE2614954,2026-08-04 10:33:00+00:00,Medium,4,3,2,3,2,1,3,4,4,3,4,4,4,5,0,1,1,1,2,3,2,2.5714285714285716,4.0,1.4285714285714286,1.4285714285714284
CSE2614955,2026-08-04 10:34:00+00:00,Low,5,4,4,4,3,4,4,4,4,4,4,5,3,5,0,0,0,0,2,0,1,4.0,4.142857142857143,0.42857142857142855,0.14285714285714324
CSE2614956,2026-08-04 10:35:00+00:00,Low,2,4,5,4,5,3,3,4,4,3,4,4,3,4,2,0,0,0,0,0,1,3.7142857142857144,3.7142857142857144,0.42857142857142855,0.0
CSE2614957,2026-08-04 10:36:00+00:00,Medium,4,3,4,2,2,4,4,4,4,5,5,5,4,4,0,1,1,3,3,0,0,3.2857142857142856,4.428571428571429,1.1428571428571428,1.1428571428571432
CSE2614958,2026-08-04 10:37:00+00:00,Low,5,4,4,3,3,4,4,4,4,5,4,4,4,5,0,0,1,1,1,0,1,3.857142857142857,4.285714285714286,0.5714285714285714,0.4285714285714284
CSE2614959,2026-08-04 10:38:00+00:00,High,3,3,1,2,2,4,3,4,5,5,4,4,4,4,1,2,4,2,2,0,1,2.5714285714285716,4.285714285714286,1.7142857142857142,1.714285714285714
CSE2614960,2026-08-04 10:39:00+00:00,Medium,3,4,3,3,2,4,1,4,5,5,4,4,4,4,1,1,2,1,2,0,3,2.857142857142857,4.285714285714286,1.4285714285714286,1.4285714285714284
CSE2614961,2026-08-04 10:40:00+00:00,Medium,2,4,3,4,4,3,3,4,5,4,5,5,4,4,2,1,1,1,1,1,1,3.2857142857142856,4.428571428571429,1.1428571428571428,1.1428571428571432
CSE2614962,2026-08-04 10:41:00+00:00,Low,4,4,4,4,4,3,4,3,5,4,4,4,4,4,0,1,0,0,0,1,0,3.857142857142857,4.0,0.2857142857142857,0.1428571428571428
CSE2614963,2026-08-04 10:42:00+00:00,Medium,2,3,3,3,3,4,3,4,4,4,5,4,5,3,2,1,1,2,1,1,0,3.0,4.142857142857143,1.1428571428571428,1.1428571428571432
CSE2614964,2026-08-04 10:43:00+00:00,Medium,4,4,2,3,4,3,5,4,4,4,5,4,5,4,0,0,2,2,0,2,0,3.5714285714285716,4.285714285714286,0.8571428571428571,0.714285714285714
CSE2614965,2026-08-04 10:44:00+00:00,Medium,3,3,3,2,2,1,5,4,3,4,5,4,4,4,1,0,1,3,2,3,0,2.7142857142857144,4.0,1.4285714285714286,1.2857142857142856
CSE2614966,2026-08-04 10:45:00+00:00,Low,4,5,4,4,3,3,3,5,5,3,5,3,4,3,1,0,0,1,0,1,0,3.7142857142857144,4.0,0.42857142857142855,0.2857142857142856
CSE2614967,2026-08-04 10:46:00+00:00,Medium,4,2,3,3,3,3,4,4,4,4,4,4,4,5,0,2,1,1,1,1,1,3.142857142857143,4.142857142857143,1.0,1.0000000000000004
CSE2614968,2026-08-04 10:47:00+00:00,Medium,5,2,3,3,3,4,3,4,5,5,4,3,5,4,0,3,2,1,0,1,1,3.2857142857142856,4.285714285714286,1.1428571428571428,1.0
CSE2614969,2026-08-04 10:48:00+00:00,Medium,1,3,4,3,4,3,2,5,4,4,4,4,3,4,4,1,0,1,0,0,2,2.857142857142857,4.0,1.1428571428571428,1.1428571428571428
CSE2614970,2026-08-04 10:49:00+00:00,Medium,2,3,3,4,3,3,3,5,4,4,4,3,3,4,3,1,1,0,0,0,1,3.0,3.857142857142857,0.8571428571428571,0.8571428571428572
CSE2614971,2026-08-04 10:50:00+00:00,Low,5,4,4,5,3,4,3,5,4,4,4,5,4,3,0,0,0,0,2,0,0,4.0,4.142857142857143,0.2857142857142857,0.14285714285714324
CSE2614972,2026-08-04 10:51:00+00:00,Medium,2,3,3,4,4,3,4,3,4,4,5,4,4,5,1,1,1,1,0,1,1,3.2857142857142856,4.142857142857143,0.8571428571428571,0.8571428571428577
CSE2614973,2026-08-04 10:52:00+00:00,Medium,2,3,4,3,1,4,4,5,4,3,4,5,4,4,3,1,0,1,4,0,0,3.0,4.142857142857143,1.2857142857142858,1.1428571428571432
CSE2614974,2026-08-04 10:53:00+00:00,Medium,1,5,3,3,4,5,3,4,3,5,4,4,4,4,3,0,2,1,0,0,1,3.4285714285714284,4.0,1.0,0.5714285714285716
CSE2614975,2026-08-04 10:54:00+00:00,Medium,3,3,3,4,3,4,4,4,4,4,5,5,3,4,1,1,1,1,2,0,0,3.4285714285714284,4.142857142857143,0.8571428571428571,0.7142857142857149
CSE2614976,2026-08-04 10:55:00+00:00,Medium,4,3,3,1,4,3,5,4,4,4,4,3,5,3,0,1,1,3,0,2,0,3.2857142857142856,3.857142857142857,1.0,0.5714285714285716
CSE2614977,2026-08-04 10:56:00+00:00,Medium,2,3,4,4,5,4,2,4,5,5,4,5,5,3,2,2,1,0,0,1,1,3.4285714285714284,4.428571428571429,1.0,1.0000000000000004
CSE2614978,2026-08-04 10:57:00+00:00,Low,3,4,2,4,4,3,4,4,4,4,5,4,4,4,1,0,2,1,0,1,0,3.4285714285714284,4.142857142857143,0.7142857142857143,0.7142857142857149
CSE2614979,2026-08-04 10:58:00+00:00,Medium,3,3,3,3,3,4,4,4,4,4,4,5,5,3,1,1,1,1,2,1,0,3.2857142857142856,4.142857142857143,1.0,0.8571428571428577
CSE2614980,2026-08-04 10:59:00+00:00,Medium,3,3,3,3,4,4,1,4,5,4,5,4,5,4,1,2,1,2,0,1,3,3.0,4.428571428571429,1.4285714285714286,1.4285714285714288
CSE2614981,2026-08-04 11:00:00+00:00,Low,4,5,3,3,4,3,4,4,4,5,4,4,4,4,0,0,2,1,0,1,0,3.7142857142857144,4.142857142857143,0.5714285714285714,0.4285714285714288
CSE2614982,2026-08-04 11:01:00+00:00,Medium,1,3,3,2,5,3,5,4,4,4,4,4,5,4,3,1,1,2,0,2,0,3.142857142857143,4.142857142857143,1.2857142857142858,1.0000000000000004
CSE2614983,2026-08-04 11:02:00+00:00,Medium,1,4,3,4,4,3,4,3,4,5,3,4,5,4,2,0,2,0,0,2,0,3.2857142857142856,4.0,0.8571428571428571,0.7142857142857144
CSE2614984,2026-08-04 11:03:00+00:00,Medium,3,4,2,1,2,3,4,4,3,4,3,4,4,4,1,0,2,2,2,1,0,2.7142857142857144,3.7142857142857144,1.1428571428571428,1.0
CSE2614985,2026-08-04 11:04:00+00:00,Low,4,4,2,3,5,3,4,4,4,4,4,5,3,5,0,0,2,1,0,0,1,3.5714285714285716,4.142857142857143,0.5714285714285714,0.5714285714285716
CSE2614986,2026-08-04 11:05:00+00:00,Medium,4,3,1,5,5,4,4,5,5,4,5,5,4,4,1,2,3,0,0,0,0,3.7142857142857144,4.571428571428571,0.8571428571428571,0.8571428571428568
CSE2614987,2026-08-04 11:06:00+00:00,High,1,4,2,2,3,3,2,5,4,4,5,5,4,5,4,0,2,3,2,1,3,2.4285714285714284,4.571428571428571,2.142857142857143,2.142857142857143
CSE2614988,2026-08-04 11:07:00+00:00,Low,4,5,3,3,4,3,5,3,5,5,3,4,4,4,0,0,2,0,0,1,0,3.857142857142857,4.0,0.42857142857142855,0.1428571428571428
CSE2614989,2026-08-04 11:08:00+00:00,High,2,2,2,1,3,4,4,4,5,5,5,5,3,4,2,3,3,4,2,0,0,2.5714285714285716,4.428571428571429,2.0,1.8571428571428572
CSE2614990,2026-08-04 11:09:00+00:00,Low,4,4,2,4,4,3,5,4,4,4,3,3,4,5,0,0,2,0,0,1,0,3.7142857142857144,3.857142857142857,0.42857142857142855,0.1428571428571428
CSE2614991,2026-08-04 11:10:00+00:00,Medium,4,3,3,2,2,5,4,4,4,5,4,5,4,3,0,1,2,2,3,0,0,3.2857142857142856,4.142857142857143,1.1428571428571428,0.8571428571428577
CSE2614992,2026-08-04 11:11:00+00:00,Medium,4,3,3,5,1,3,2,4,5,4,5,5,3,4,0,2,1,0,4,0,2,3.0,4.285714285714286,1.2857142857142858,1.2857142857142856
CSE2614993,2026-08-04 11:12:00+00:00,Medium,1,4,3,5,3,5,4,4,5,4,4,5,5,4,3,1,1,0,2,0,0,3.5714285714285716,4.428571428571429,1.0,0.8571428571428572
CSE2614994,2026-08-04 11:13:00+00:00,Medium,2,4,4,2,5,2,4,4,4,4,4,5,5,3,2,0,0,2,0,3,0,3.2857142857142856,4.142857142857143,1.0,0.8571428571428577
CSE2614995,2026-08-04 11:14:00+00:00,Low,4,3,3,2,3,4,4,4,3,4,4,4,4,3,0,0,1,2,1,0,0,3.2857142857142856,3.7142857142857144,0.5714285714285714,0.4285714285714288
CSE2614996,2026-08-04 11:15:00+00:00,High,3,4,3,1,2,2,3,4,4,5,5,4,5,4,1,0,2,4,2,3,1,2.5714285714285716,4.428571428571429,1.8571428571428572,1.8571428571428572
CSE2614997,2026-08-04 11:16:00+00:00,Medium,3,4,4,3,3,4,3,4,3,5,5,4,4,4,1,0,1,2,1,0,1,3.4285714285714284,4.142857142857143,0.8571428571428571,0.7142857142857149
CSE2614998,2026-08-04 11:17:00+00:00,Medium,2,3,4,2,4,2,3,4,5,4,4,4,5,4,2,2,0,2,0,3,1,2.857142857142857,4.285714285714286,1.4285714285714286,1.4285714285714284
CSE2614999,2026-08-04 11:18:00+00:00,Medium,4,2,3,3,4,5,2,4,4,4,4,4,4,4,0,2,1,1,0,0,2,3.2857142857142856,4.0,0.8571428571428571,0.7142857142857144
CSE2615000,2026-08-04 11:19:00+00:00,Medium,4,4,4,2,3,3,3,5,4,4,4,5,5,4,1,0,0,2,2,2,1,3.2857142857142856,4.428571428571429,1.1428571428571428,1.1428571428571432
